Date,Open,High,Low,Close,R_H1,D_H1,R_H2,D_H2,R_H5,D_H5,R_H21,D_H21,SMA20,A_SMA20,D_A_SMA20,SMA50,A_SMA50,D_A_SMA50,SMA200,A_SMA200,D_A_SMA200,RSI14,RSI_level,D_RSI14,PCTL252_R_H1,PCTL252_R_H2,PCTL252_R_H5,PCTL252_R_H21,PCTL252_D_H1,PCTL252_D_H2,PCTL252_D_H5,PCTL252_D_H21,PCTL252_A_SMA20,PCTL252_A_SMA50,PCTL252_A_SMA200,PCTL252_D_A_SMA20,PCTL252_D_A_SMA50,PCTL252_D_A_SMA200,PCTL252_RSI_level,PCTL252_D_RSI14
2023-01-02,697.11000000,701.53000000,694.63000000,701.16000000,1.76339966,3.47521547,0.02139770,0.02852975,0.01426411,-0.13716446,-4.17908000,-13.84576665,710.06500000,-1.25411054,1.91484664,701.61560000,-0.06493584,1.59519967,691.02560000,1.46657374,1.77315189,40.96586178,-9.03413822,8.64842062,94.04761905,50.39682540,51.19047619,34.12698413,96.03174603,50.39682540,53.57142857,5.55555556,42.06349206,65.47619048,86.90476190,94.44444444,91.26984127,95.63492063,38.49206349,91.66666667
2023-01-03,702.49000000,715.04000000,702.49000000,707.63000000,0.92275657,-0.84064309,2.70242812,3.54147020,0.93715231,0.88720298,-3.20228715,-13.76824499,709.09200000,-0.20617917,1.04793137,702.69740000,0.70195222,0.76688806,690.95950000,2.41265950,0.94608576,37.62463343,-12.37536657,-3.34122835,76.58730159,94.44444444,62.69841270,42.85714286,32.53968254,89.28571429,63.88888889,6.74603175,53.57142857,69.84126984,89.28571429,81.34920635,73.80952381,76.98412698,29.76190476,28.17460317
2023-01-04,709.96000000,719.16000000,709.96000000,717.51000000,1.39620988,0.47345331,2.33185008,2.31045238,3.26262161,3.60826521,-1.31758104,-9.53482222,708.78350000,1.23119401,1.43737318,703.72340000,1.95909359,1.25714137,690.92755000,3.84735708,1.43469758,43.93278837,-6.06721163,6.30815494,88.09523810,92.06349206,88.49206349,53.96825397,62.30158730,80.15873016,79.76190476,16.66666667,67.06349206,76.98412698,93.65079365,86.50793651,84.52380952,88.88888889,44.44444444,86.11111111
2023-01-05,715.92000000,718.51000000,712.74000000,714.32000000,-0.44459311,-1.84080299,0.94540932,-1.75701880,1.89868903,3.10644574,-1.29338934,-8.33714286,708.58250000,0.80971517,-0.42147884,704.69720000,1.36552267,-0.59357092,690.89735000,3.39017801,-0.45717907,53.73250389,3.73250389,9.79971551,34.92063492,70.23809524,77.38095238,54.36507937,16.66666667,26.58730159,75.79365079,21.03174603,63.49206349,74.20634921,92.06349206,36.50793651,30.95238095,32.93650794,65.07936508,92.85714286
2023-01-06,715.92000000,725.14000000,712.16000000,724.26000000,1.39153321,1.83612631,0.94075344,-1.39109664,5.11603605,6.74224964,0.82412228,-4.20248746,708.80400000,2.18057460,1.37085943,705.79440000,2.61628599,1.25076332,690.84290000,4.83714894,1.44697093,63.13339108,13.13339108,9.40088719,87.69841270,70.23809524,97.61904762,64.68253968,83.73015873,30.95238095,90.47619048,37.30158730,75.39682540,78.57142857,96.82539683,86.11111111,84.12698413,89.28571429,75.39682540,92.06349206
2023-01-09,730.60000000,737.78000000,728.19000000,736.18000000,1.64581780,0.25428459,3.06025311,2.11484378,4.99458041,4.98031630,2.27136963,-4.01425185,709.40450000,3.77436286,1.59378826,707.16760000,4.10262009,1.48633410,690.85440000,6.56080355,1.72365461,67.12368446,17.12368446,3.99029339,91.66666667,96.82539683,97.22222222,70.63492063,58.73015873,78.57142857,86.90476190,38.49206349,88.49206349,82.14285714,100.00000000,90.07936508,88.49206349,93.65079365,80.15873016,74.20634921
2023-01-10,730.41000000,735.33000000,730.41000000,733.03000000,-0.42788448,-2.07370229,1.21089112,0.27013768,3.58944646,2.65229415,1.22346963,-2.13341327,710.02150000,3.24053567,-0.53382719,708.41580000,3.47454136,-0.62807872,690.89855000,6.09806606,-0.46273749,67.32519853,17.32519853,0.20151406,35.71428571,73.80952381,89.28571429,66.26984127,14.28571429,54.36507937,71.82539683,46.82539683,85.31746032,80.15873016,99.20634921,32.93650794,29.36507937,32.14285714,80.55555556,48.41269841
2023-01-11,734.88000000,741.09000000,734.53000000,738.83000000,0.79123638,1.21912086,0.35996631,-2.70028680,2.97138716,-0.29123445,2.51703229,-0.01245228,710.31550000,4.01434292,0.77380725,709.72600000,4.10073747,0.62619610,690.95270000,6.92917185,0.83110579,65.11940453,15.11940453,-2.20579400,73.41269841,56.74603175,84.92063492,71.42857143,75.39682540,16.66666667,52.38095238,55.15873016,89.68253968,81.34920635,100.00000000,72.61904762,67.85714286,73.80952381,78.57142857,35.31746032
2023-01-12,738.29000000,746.24000000,737.84000000,741.90000000,0.41552184,-0.37571454,1.21004597,-0.00084514,3.86101467,1.96232564,1.22109284,-2.49775754,710.86700000,4.36551422,0.35117130,711.21920000,4.31383180,0.21309433,690.97320000,7.37030032,0.44112847,72.89781505,22.89781505,7.77841052,62.30158730,73.41269841,91.26984127,65.47619048,43.25396825,49.60317460,67.85714286,45.63492063,92.46031746,82.53968254,100.00000000,60.31746032,52.38095238,63.09523810,86.11111111,88.49206349
2023-01-13,744.99000000,750.41000000,743.84000000,748.04000000,0.82760480,0.41208296,1.24656552,0.88659920,3.28335128,-1.83268477,2.34925500,0.33370568,712.88900000,4.93078165,0.56526743,712.95640000,4.92086192,0.60703012,691.03330000,8.24948667,0.87918635,74.44328824,24.44328824,1.54547319,73.80952381,75.00000000,86.90476190,70.63492063,61.11111111,63.88888889,32.93650794,57.93650794,95.23809524,83.73015873,100.00000000,67.85714286,67.46031746,74.60317460,87.69841270,59.12698413
2023-01-16,748.94000000,749.45000000,746.23000000,748.35000000,0.04144163,-0.78616316,0.86938941,-0.34065657,1.65312831,-3.34145210,5.75890334,5.97184632,715.30650000,4.61948829,-0.31129336,714.48580000,4.73966033,-0.18120159,691.17670000,8.27187896,0.02239228,74.52546416,24.52546416,0.08217592,48.41269841,66.26984127,70.63492063,79.36507937,33.33333333,44.44444444,21.42857143,73.01587302,92.85714286,82.93650794,100.00000000,39.68253968,41.26984127,47.61904762,87.69841270,46.82539683
2023-01-17,745.87000000,751.74000000,742.86000000,748.81000000,0.06146856,0.02002693,0.10293567,-1.14362984,2.15270862,-1.43673784,6.97285714,8.15583803,717.71150000,4.33300846,-0.28647983,715.94080000,4.59104999,-0.14861034,691.33810000,8.31313940,0.04126045,79.76833977,29.76833977,5.24287560,49.20634921,48.80952381,76.98412698,83.33333333,53.17460317,34.92063492,38.49206349,78.57142857,91.26984127,82.14285714,100.00000000,40.07936508,42.85714286,47.61904762,94.84126984,80.55555556
2023-01-18,750.99000000,755.55000000,748.61000000,749.12000000,0.04139902,-0.02006954,0.10289303,-0.76649637,1.39274258,-1.57864458,6.90870688,8.57034466,720.30500000,4.00038872,-0.33261973,717.24400000,4.44423376,-0.14681622,691.45995000,8.33888499,0.02574559,78.37009081,28.37009081,-1.39824896,48.01587302,48.41269841,64.68253968,82.93650794,51.98412698,38.09523810,35.71428571,79.76190476,87.69841270,81.74603175,100.00000000,39.28571429,43.25396825,47.61904762,92.46031746,38.09523810
2023-01-19,744.22000000,746.04000000,735.68000000,735.68000000,-1.79410508,-1.83550410,-1.75344881,-1.85638448,-0.83838792,-4.69940259,5.51165292,7.35995946,721.61000000,1.94980668,-2.05058204,718.41240000,2.40357767,-2.04065609,691.56465000,6.37906377,-1.95982123,77.06134756,27.06134756,-1.30874325,10.31746032,15.47619048,36.90476190,78.17460317,17.06349206,24.60317460,10.71428571,75.79365079,69.44444444,74.60317460,97.22222222,3.96825397,5.55555556,6.74603175,90.07936508,38.88888889
2023-01-20,738.20000000,739.05000000,735.34000000,738.64000000,0.40234885,2.19645393,-1.39897480,-1.50186783,-1.25661729,-4.53996858,4.09538037,5.03768349,723.52200000,2.08950108,0.13969440,719.17220000,2.70697338,0.30339571,691.67595000,6.78989200,0.41082824,74.32502596,24.32502596,-2.73632160,61.50793651,21.03174603,30.55555556,73.01587302,88.49206349,28.96825397,12.69841270,68.25396825,71.42857143,75.79365079,97.61904762,54.36507937,56.74603175,61.90476190,85.31746032,29.76190476
2023-01-23,741.04000000,749.15000000,740.43000000,747.87000000,1.24959385,0.84724500,1.65697042,3.41041923,-0.06414111,-1.71726942,6.77755568,9.69529080,725.86250000,3.03191031,0.94240923,720.07140000,3.86053383,1.15356045,691.82495000,8.10104492,1.31115292,75.21303258,25.21303258,0.88800662,83.33333333,80.95238095,44.84126984,82.14285714,69.84126984,89.68253968,35.31746032,81.74603175,79.76190476,78.57142857,98.41269841,78.57142857,79.76190476,86.90476190,86.50793651,53.57142857
2023-01-24,750.04000000,750.71000000,742.99000000,746.40000000,-0.19655823,-1.44615207,1.05057944,2.44955424,-0.32184399,-2.47455261,6.46734944,9.46704505,728.12950000,2.50923771,-0.52267260,720.86600000,3.54212850,-0.31840533,691.95845000,7.86774842,-0.23329651,70.23392632,20.23392632,-4.97910626,42.06349206,70.63492063,42.46031746,80.95238095,20.63492063,82.93650794,29.76190476,80.95238095,73.41269841,77.38095238,98.01587302,32.53968254,38.09523810,40.47619048,78.96825397,17.85714286
2023-01-25,744.62000000,745.56000000,735.00000000,741.34000000,-0.67792069,-0.48136246,-0.87314640,-2.53011682,-1.03855190,-2.43129448,5.74558526,8.77077442,730.45450000,1.49023656,-1.01900115,721.36420000,2.76916986,-0.77295864,692.08230000,7.11731827,-0.75043014,68.44116844,18.44116844,-1.79275788,28.17460317,29.76190476,33.33333333,77.38095238,41.26984127,18.25396825,30.55555556,79.36507937,65.47619048,75.39682540,97.22222222,17.85714286,23.80952381,24.60317460,76.98412698,37.69841270
2023-01-26,747.11000000,750.69000000,744.67000000,747.21000000,0.79180943,1.46973011,0.10852090,-0.94205854,1.56725750,2.40564543,7.53698693,11.09974109,732.76450000,1.97137007,0.48113351,722.12620000,3.47360337,0.70443351,692.19030000,7.94863782,0.83131955,66.58476658,16.58476658,-1.85640186,73.80952381,50.39682540,70.63492063,86.11111111,80.15873016,36.90476190,71.03174603,83.73015873,68.25396825,76.58730159,98.01587302,67.06349206,73.01587302,74.20634921,75.00000000,37.69841270
2023-01-27,749.31000000,751.99000000,747.07000000,750.67000000,0.46305590,-0.32875352,1.25853185,2.13167825,1.62866891,2.88528620,7.08406442,9.41499206,735.84750000,2.01434400,0.04297394,722.97200000,3.83113039,0.35752702,692.29840000,8.43156650,0.48292868,61.92985345,11.92985345,-4.65491314,64.68253968,76.58730159,71.03174603,84.12698413,43.65079365,79.36507937,75.39682540,80.15873016,69.04761905,78.17460317,100.00000000,50.00000000,58.33333333,64.68253968,67.85714286,20.23809524
2023-01-30,743.09000000,744.97000000,738.03000000,744.83000000,-0.77797168,-1.24102758,-0.31851822,-0.42703912,-0.40648776,-0.34234665,8.10147893,12.94749468,738.03100000,0.92123502,-1.09310899,723.61760000,2.93143782,-0.89969257,692.43625000,7.56658104,-0.86498546,59.30305897,9.30305897,-2.62679448,25.39682540,40.47619048,41.26984127,88.88888889,22.61904762,42.46031746,52.77777778,87.69841270,58.33333333,74.60317460,96.82539683,15.87301587,20.23809524,20.63492063,65.07936508,30.95238095
2023-01-31,742.16000000,745.82000000,736.75000000,745.19000000,0.04833318,0.82630486,-0.73001452,-1.98854637,-0.16211147,0.15973252,6.27959382,10.45867382,739.90900000,0.71373642,-0.20749860,724.31380000,2.88220382,-0.04923400,692.66635000,7.58282108,0.01624004,55.48464988,5.48464988,-3.81840909,49.20634921,31.34920635,44.44444444,78.17460317,69.44444444,20.23809524,55.55555556,81.74603175,55.95238095,74.20634921,96.82539683,45.63492063,48.80952381,47.22222222,60.71428571,23.41269841
2023-02-01,747.15000000,750.40000000,745.18000000,747.68000000,0.33414297,0.28580979,0.38263765,0.70115587,0.85520814,1.89376004,5.65973743,8.86202459,741.41750000,0.84466579,0.13092937,724.94080000,3.13669751,0.25449369,692.92690000,7.90171373,0.31889265,55.03484321,5.03484321,-0.44980667,60.31746032,57.53968254,58.33333333,75.39682540,59.52380952,62.69841270,68.65079365,77.77777778,57.53968254,75.00000000,97.22222222,54.36507937,54.36507937,58.73015873,59.92063492,46.82539683
2023-02-02,751.89000000,762.09000000,751.86000000,758.61000000,1.46185534,1.12771237,1.80088300,2.53089752,1.52567551,-0.04158199,5.72814316,7.04572420,743.63200000,2.01416830,1.16950251,725.68400000,4.53723659,1.40053909,693.23820000,9.42991889,1.52820516,58.49815083,8.49815083,3.46330762,88.88888889,83.33333333,69.04761905,75.39682540,75.00000000,85.31746032,53.96825397,71.82539683,68.65079365,81.74603175,100.00000000,83.73015873,88.09523810,90.87301587,64.28571429,73.01587302
2023-02-03,756.63000000,763.86000000,755.67000000,763.86000000,0.69205521,-0.76980013,2.16402739,1.78138974,1.75709699,0.12842809,6.93526711,8.22865645,745.61200000,2.44738550,0.43321721,726.50640000,5.14153764,0.60430104,693.52785000,10.14121495,0.71129606,61.55221213,11.55221213,3.05406130,71.82539683,88.49206349,73.41269841,81.74603175,32.14285714,74.60317460,55.15873016,75.00000000,73.01587302,83.73015873,100.00000000,65.07936508,67.85714286,72.22222222,67.46031746,70.23809524
2023-02-06,758.71000000,759.02000000,749.58000000,752.40000000,-1.50027492,-2.19233013,-0.81860244,-2.61948544,1.01633930,1.42282706,3.88534504,3.06122276,746.42300000,0.80075239,-1.64663312,727.09580000,3.48017414,-1.66136350,693.73495000,8.45640687,-1.68480807,52.29745296,2.29745296,-9.25475916,12.69841270,29.76190476,60.31746032,68.25396825,11.90476190,16.26984127,66.66666667,58.73015873,55.55555556,75.79365079,99.20634921,10.31746032,10.71428571,10.31746032,53.57142857,8.73015873
2023-02-07,752.79000000,754.46000000,749.34000000,753.09000000,0.09170654,1.59198146,-1.40994423,-3.57397162,1.06013232,1.22224378,2.29699258,0.02562295,747.42600000,0.75780077,-0.04295162,727.74740000,3.48233467,0.00216053,694.02820000,8.51000003,0.05359315,52.52834034,2.52834034,0.23088738,50.39682540,19.84126984,60.71428571,63.49206349,82.14285714,8.73015873,65.07936508,49.20634921,54.76190476,75.79365079,99.20634921,48.80952381,48.80952381,48.01587302,54.76190476,50.39682540
2023-02-08,756.41000000,756.99000000,748.40000000,748.40000000,-0.62276753,-0.71447407,-0.53163211,0.28697033,0.09629788,-0.75891026,2.09677639,0.87330677,747.90450000,0.06625177,-0.69154900,728.36060000,2.75130203,-0.73103263,694.24045000,7.80126684,-0.70873319,59.11697248,9.11697248,6.58863214,28.57142857,34.12698413,48.41269841,61.50793651,33.73015873,55.15873016,48.01587302,52.77777778,47.61904762,71.42857143,94.84126984,29.76190476,25.39682540,25.39682540,64.28571429,87.69841270
2023-02-09,753.71000000,760.87000000,753.62000000,757.05000000,1.15579904,1.77856657,0.52583357,1.93577780,-0.20563926,-1.73131477,2.46606120,-0.05097108,748.66200000,1.12039879,1.05414702,729.01960000,3.84494464,1.09364260,694.53230000,9.00141001,1.20014318,62.20013254,12.20013254,3.08316006,81.74603175,61.90476190,42.85714286,64.28571429,84.52380952,75.79365079,34.92063492,48.01587302,58.33333333,77.38095238,99.20634921,82.53968254,79.76190476,83.73015873,68.25396825,70.23809524
2023-02-10,752.47000000,756.01000000,747.76000000,752.22000000,-0.63800277,-1.79380181,0.51042223,1.04205434,-1.52383945,-3.28093644,1.39102305,0.16993020,748.87100000,0.44720653,-0.67319226,729.42920000,3.12447048,-0.72047416,694.81245000,8.26230877,-0.73910124,53.06122449,3.06122449,-9.13890805,28.17460317,61.50793651,26.98412698,59.12698413,17.46031746,67.06349206,21.82539683,49.20634921,52.38095238,72.61904762,96.42857143,30.15873016,25.39682540,24.20634921,55.55555556,9.52380952
2023-02-13,753.22000000,763.17000000,753.02000000,762.64000000,1.38523304,2.02323582,0.73839244,0.21255888,1.36097820,0.34463890,1.95176729,-0.39748771,749.58550000,1.74156250,1.29435598,730.06120000,4.46247520,1.33800472,695.21470000,9.69848595,1.43617718,60.15000000,10.15000000,7.08877551,87.69841270,64.68253968,64.28571429,59.92063492,87.69841270,53.96825397,57.53968254,46.03174603,64.68253968,80.95238095,99.60317460,85.71428571,85.71428571,88.49206349,65.07936508,88.49206349
2023-02-14,764.21000000,770.80000000,761.21000000,762.97000000,0.04327074,-1.34196230,1.42910319,0.91868095,1.31192819,0.25179587,1.95363132,-3.80527201,750.29350000,1.68953883,-0.05202368,730.77880000,4.40505390,-0.05742130,695.69870000,9.66960266,-0.02888329,64.36827421,14.36827421,4.21827421,47.61904762,77.77777778,63.49206349,59.92063492,21.42857143,64.28571429,56.34920635,34.52380952,64.28571429,80.15873016,99.20634921,48.01587302,47.22222222,44.84126984,72.22222222,75.39682540
2023-02-15,762.82000000,769.73000000,762.37000000,769.73000000,0.88601125,0.84274050,0.92966537,0.19127293,2.85008017,2.75378229,2.79376611,-4.17909103,751.32400000,2.44980860,0.76026978,731.69980000,5.19751406,0.79246017,696.19865000,10.56183461,0.89223195,64.78466387,14.78466387,0.41638965,75.39682540,69.04761905,83.73015873,65.87301587,69.44444444,52.77777778,73.41269841,32.53968254,73.01587302,84.12698413,100.00000000,73.41269841,75.39682540,75.39682540,73.01587302,51.19047619
2023-02-16,773.94000000,777.58000000,766.62000000,771.69000000,0.25463474,-0.63137650,1.14290208,-0.28620111,1.93382207,2.13946133,3.01286843,-3.89583845,753.12450000,2.46513027,0.01532166,732.76680000,5.31181271,0.11429865,696.64360000,10.77256721,0.21073259,64.07714975,14.07714975,-0.70751412,55.95238095,72.22222222,75.39682540,66.26984127,35.71428571,45.23809524,69.84126984,34.52380952,73.01587302,84.52380952,100.00000000,49.60317460,51.19047619,51.58730159,71.03174603,45.63492063
2023-02-17,763.30000000,768.03000000,759.66000000,765.04000000,-0.86174500,-1.11637974,-0.60930456,-1.53896993,1.70428864,3.22812809,3.99086559,-1.52078733,754.44450000,1.40441079,-1.06071947,733.67100000,4.27562218,-1.03619053,697.09335000,9.74713788,-1.02542932,63.38942626,13.38942626,-0.68772348,23.01587302,31.34920635,71.42857143,68.25396825,24.20634921,27.38095238,77.77777778,44.04761905,60.71428571,78.17460317,98.80952381,15.87301587,17.46031746,15.87301587,69.04761905,45.63492063
2023-02-20,765.63000000,765.97000000,761.09000000,762.63000000,-0.31501621,0.54672879,-1.17404657,-2.31694865,-0.00131123,-1.36228944,3.24786093,-0.84751943,755.18250000,0.98618546,-0.41822534,734.44020000,3.83827029,-0.43735189,697.43585000,9.34769126,-0.39944662,61.24871001,11.24871001,-2.14071625,38.49206349,23.41269841,44.44444444,66.26984127,63.09523810,19.04761905,38.88888889,46.03174603,55.55555556,75.00000000,97.22222222,35.71428571,33.73015873,32.93650794,65.47619048,35.31746032
2023-02-21,758.63000000,760.20000000,752.33000000,757.66000000,-0.65169217,-0.33667596,-0.96465544,-0.35535088,-0.69596445,-2.00789264,1.30905104,-5.46850464,755.74550000,0.25332602,-0.73285944,735.17960000,3.05781064,-0.78045966,697.75105000,8.58600643,-0.76168483,56.23750000,6.23750000,-5.01121001,27.38095238,26.98412698,35.71428571,55.95238095,43.25396825,44.84126984,30.55555556,28.17460317,48.01587302,69.84126984,96.42857143,26.58730159,22.22222222,23.01587302,57.93650794,17.06349206
2023-02-22,755.77000000,758.32000000,751.51000000,756.63000000,-0.13594488,0.51574729,-0.78675111,0.38729546,-1.70189547,-4.55197564,1.37057878,-5.09677066,756.51000000,0.01586232,-0.23746371,735.65320000,2.85145229,-0.20635835,698.02130000,8.39640567,-0.18960076,48.58773181,-1.41226819,-7.64976819,42.46031746,29.76190476,21.82539683,55.95238095,62.30158730,57.93650794,12.30158730,30.15873016,43.65079365,68.25396825,94.84126984,42.85714286,40.07936508,40.87301587,45.23809524,11.11111111
2023-02-23,759.33000000,761.55000000,755.72000000,755.72000000,-0.12027015,0.01567474,-0.25605153,0.70860392,-2.06948386,-4.00330593,1.93973076,-3.80585450,756.93550000,-0.16058171,-0.17644403,736.15020000,2.65839770,-0.19305459,698.33475000,8.21744156,-0.17896410,43.81082725,-6.18917275,-4.77690456,43.25396825,40.87301587,20.23809524,57.53968254,52.77777778,62.30158730,15.87301587,36.11111111,42.06349206,66.26984127,92.46031746,46.42857143,40.87301587,41.26984127,34.52380952,19.44444444
2023-02-24,759.30000000,759.79000000,746.41000000,746.41000000,-1.23193775,-1.11166761,-1.35072625,-0.56397514,-2.43516679,-4.13945543,-0.10706495,-7.64405188,756.72250000,-1.36278490,-1.20220319,736.92640000,1.28691278,-1.37148492,698.67505000,6.83221048,-1.38523108,45.29162081,-4.70837919,1.48079356,13.88888889,19.84126984,19.04761905,49.20634921,23.41269841,40.07936508,15.47619048,23.80952381,31.74603175,59.12698413,88.09523810,12.69841270,12.69841270,11.11111111,37.69841270,58.73015873
2023-02-27,752.59000000,760.20000000,752.59000000,756.99000000,1.41745153,2.64938929,0.16805166,0.42410319,-0.73954604,-0.73823481,0.84191456,-6.24214987,757.33050000,-0.04496056,1.31782435,738.06620000,2.56397055,1.27705777,699.04520000,8.28913495,1.45692447,52.65306122,2.65306122,7.36144041,88.88888889,49.20634921,34.92063492,51.98412698,92.46031746,58.73015873,48.01587302,26.98412698,43.25396825,65.07936508,93.65079365,86.50793651,85.31746032,90.07936508,51.19047619,88.49206349
2023-02-28,754.18000000,758.33000000,751.24000000,752.93000000,-0.53633469,-1.95378623,0.87351456,2.22424080,-0.62429058,0.07167388,1.08749648,-7.01398246,757.71750000,-0.63183178,-0.58687123,739.11060000,1.86973370,-0.69423684,699.33975000,7.66297783,-0.62615712,53.10827501,3.10827501,0.45521379,29.36507937,67.46031746,36.50793651,53.17460317,13.88888889,81.34920635,53.57142857,25.00000000,37.30158730,62.30158730,89.68253968,29.76190476,25.39682540,25.39682540,52.77777778,51.98412698
2023-03-01,756.20000000,759.04000000,748.53000000,749.38000000,-0.47149137,0.06484332,-1.00529730,-1.17334896,-0.95819621,0.74369926,0.56227271,-5.71732111,757.80250000,-1.11143735,-0.47960556,740.15320000,1.24660678,-0.62312692,699.68725000,7.10213742,-0.56084041,44.34115390,-5.65884610,-8.76712111,31.34920635,24.60317460,30.55555556,49.20634921,53.57142857,32.14285714,61.90476190,28.57142857,32.93650794,57.93650794,87.69841270,33.73015873,27.77777778,27.77777778,34.52380952,10.31746032
2023-03-02,745.71000000,755.17000000,743.90000000,755.17000000,0.77263871,1.24413009,0.29750442,-0.57601014,-0.07277828,1.99670558,1.00176546,-4.65797197,757.63050000,-0.32476253,0.78667481,741.06500000,1.90334181,0.65673503,700.04255000,7.87487132,0.77273390,52.14607886,2.14607886,7.80492496,73.41269841,53.57142857,42.46031746,51.98412698,78.17460317,39.28571429,69.44444444,32.14285714,40.87301587,62.30158730,90.47619048,75.00000000,70.23809524,73.41269841,49.20634921,90.07936508
2023-03-03,759.54000000,761.82000000,757.62000000,760.57000000,0.71507078,-0.05756794,1.49323441,2.49853170,1.89708069,4.33224748,0.25836728,-5.46977588,757.46600000,0.40978737,0.73454990,742.26840000,2.46563103,0.56228922,700.38140000,8.59368910,0.71881778,48.37545126,-1.62454874,-3.77062760,72.22222222,79.76190476,74.60317460,47.61904762,49.60317460,86.50793651,84.12698413,28.17460317,48.41269841,64.28571429,96.42857143,73.41269841,65.47619048,71.82539683,43.25396825,23.80952381
2023-03-06,763.16000000,763.41000000,757.74000000,759.83000000,-0.09729545,-0.81236623,0.61707960,0.31957518,0.37517008,1.11471613,-0.52758359,-7.46285070,757.83750000,0.26291916,-0.14686821,743.44380000,2.20409397,-0.26153706,700.66915000,8.44347864,-0.15021046,47.55146600,-2.44853400,-0.82398526,44.04761905,61.90476190,50.00000000,44.04761905,28.96825397,55.95238095,64.28571429,23.41269841,47.61904762,62.69841270,94.84126984,46.42857143,38.49206349,41.66666667,40.87301587,44.84126984
2023-03-07,756.40000000,759.77000000,751.02000000,751.52000000,-1.09366569,-0.99637024,-1.18989705,-2.68313146,-0.18726840,0.43702217,-0.11695906,-4.00230411,757.75900000,-0.82334885,-1.08626801,744.45300000,0.94928760,-1.25480638,700.88505000,7.22443003,-1.21904861,36.13522156,-13.86477844,-11.41624444,15.47619048,21.42857143,40.47619048,46.82539683,23.41269841,13.09523810,57.53968254,35.71428571,33.73015873,56.34920635,86.90476190,14.28571429,13.88888889,12.30158730,17.06349206,4.36507937
2023-03-08,748.60000000,754.20000000,748.48000000,753.35000000,0.24350649,1.33717218,-0.85282234,-1.46990194,0.52977128,1.48796749,0.03452443,-2.26246816,758.00650000,-0.61430872,0.20904013,745.62320000,1.03628750,0.08699990,701.08740000,7.45450567,0.23007565,36.00854440,-13.99145560,-0.12667716,56.74603175,26.58730159,53.17460317,47.22222222,80.95238095,27.38095238,67.06349206,41.66666667,36.11111111,56.34920635,87.30158730,58.33333333,51.58730159,54.76190476,16.66666667,48.41269841
2023-03-09,751.25000000,755.64000000,746.57000000,753.20000000,-0.01991106,-0.26341756,0.22354694,1.41344400,-0.26086841,-0.18809014,0.64136825,-1.45540814,757.81400000,-0.60885653,0.00545219,746.66700000,0.87495497,-0.16133253,701.34745000,7.39327562,-0.06123006,39.97289973,-10.02710027,3.96435533,46.03174603,51.58730159,39.28571429,48.80952381,44.84126984,73.41269841,51.19047619,45.23809524,36.50793651,54.76190476,86.90476190,50.79365079,43.25396825,44.44444444,26.19047619,74.60317460
2023-03-10,742.00000000,747.53000000,737.54000000,743.03000000,-1.35023898,-1.33032792,-1.36988120,-0.51705886,-2.30616511,-4.20324581,-1.85192524,-4.31798644,757.35450000,-1.89138640,-1.28252987,747.74740000,-0.63088150,-1.50583646,701.54540000,5.91331652,-1.47995910,35.32934132,-14.67065868,-4.64355841,11.50793651,18.25396825,17.85714286,35.71428571,19.04761905,40.87301587,13.49206349,32.14285714,23.80952381,40.07936508,81.34920635,11.90476190,10.31746032,9.12698413,15.07936508,21.42857143
2023-03-13,742.28000000,742.44000000,720.39000000,727.25000000,-2.12373659,-0.77349761,-3.44530005,-3.66884700,-4.28780122,-4.66297130,-3.31950759,-4.71053064,755.58500000,-3.75007445,-1.85868805,748.26920000,-2.80904252,-2.17816102,701.67820000,3.64437715,-2.26893936,30.40845252,-19.59154748,-4.92088880,4.36507937,3.96825397,5.15873016,27.77777778,30.95238095,7.14285714,9.92063492,30.15873016,9.92063492,23.41269841,74.60317460,5.15873016,2.38095238,1.98412698,7.93650794,19.04761905
2023-03-14,728.74000000,739.41000000,724.88000000,737.52000000,1.41216913,3.53590572,-0.74155821,0.62832298,-1.86289121,-1.67562280,-3.29382146,-5.24558875,754.31250000,-2.22619935,1.52387509,748.86700000,-1.51522233,1.29382019,701.80670000,5.08876590,1.44438874,38.99827288,-11.00172712,8.58982037,89.28571429,30.15873016,20.63492063,27.77777778,97.61904762,61.90476190,34.92063492,29.36507937,21.42857143,32.14285714,80.15873016,90.87301587,86.50793651,89.68253968,25.39682540,92.06349206
2023-03-15,735.50000000,736.10000000,715.05000000,716.47000000,-2.85415989,-4.26632902,-1.48229632,1.96300373,-4.89546691,-5.42523819,-6.09460398,-8.04823530,751.64950000,-4.68030645,-2.45410709,748.84620000,-4.32347791,-2.80825558,701.84335000,2.08403342,-3.00473247,31.65716422,-18.34283578,-7.34110866,1.19047619,15.07936508,3.57142857,14.68253968,0.79365079,78.96825397,7.14285714,20.23809524,5.95238095,13.09523810,69.84126984,1.58730159,0.79365079,0.79365079,9.12698413,12.69841270
2023-03-16,726.24000000,729.10000000,711.81000000,727.06000000,1.47808003,4.33223992,-1.41826662,-0.67670841,-3.47052576,-3.20965734,-5.54350227,-8.33726838,749.41800000,-2.98338177,1.69692468,749.10100000,-2.94232687,1.38115104,701.92370000,3.58105874,1.49702531,41.06400665,-8.93599335,9.40684243,90.47619048,17.06349206,9.52380952,19.84126984,99.20634921,37.30158730,22.22222222,19.44444444,15.87301587,22.61904762,73.80952381,92.85714286,89.28571429,90.87301587,29.36507937,93.65079365
2023-03-17,733.13000000,738.74000000,718.73000000,722.43000000,-0.63681127,-2.11489130,0.83185618,2.31415251,-2.77243180,-0.46626669,-6.38339229,-9.39626073,747.28750000,-3.32636368,-0.34298191,749.06440000,-3.55568894,-0.61336207,702.03795000,2.90469340,-0.67636534,33.11180610,-16.88819390,-7.95220055,27.77777778,67.85714286,15.87301587,12.69841270,10.31746032,84.52380952,50.79365079,17.06349206,12.30158730,18.25396825,72.22222222,40.07936508,29.36507937,25.39682540,11.11111111,11.90476190
2023-03-20,718.14000000,732.24000000,710.89000000,729.05000000,0.91635176,1.55316302,0.27370506,1.69197168,0.24750773,4.53530895,-4.70432919,-8.69519478,745.60850000,-2.22080355,1.10556014,748.92180000,-2.65338784,0.90230109,702.27335000,3.81285293,0.90815953,38.61556064,-11.38443936,5.50375454,77.77777778,54.36507937,51.98412698,22.61904762,82.14285714,75.00000000,89.28571429,19.04761905,23.01587302,25.79365079,74.60317460,84.12698413,78.17460317,77.38095238,25.39682540,81.74603175
2023-03-21,734.18000000,742.10000000,733.80000000,736.18000000,0.97798505,0.06163329,1.90329859,1.07144241,-0.18168999,1.68120122,-3.46826115,-6.71612208,744.53450000,-1.12211053,1.09869302,748.98480000,-1.70962081,0.94376703,702.64655000,4.77244925,0.95959632,43.91480730,-6.08519270,5.29924666,78.57142857,87.30158730,43.65079365,28.57142857,54.36507937,67.85714286,69.44444444,26.19047619,33.73015873,31.74603175,78.17460317,83.73015873,78.57142857,78.17460317,35.31746032,80.95238095
2023-03-22,737.28000000,744.70000000,736.09000000,741.80000000,0.76340026,-0.21458479,1.74885124,1.47514619,3.53538878,8.43085570,-2.09328723,-3.40233826,743.79300000,-0.26795089,0.85415963,749.04420000,-0.96712584,0.74249497,703.09120000,5.50551621,0.73306696,43.82676147,-6.17323853,-0.08804583,73.01587302,84.12698413,90.07936508,36.90476190,46.42857143,73.01587302,98.80952381,40.07936508,44.04761905,36.50793651,80.55555556,77.77777778,74.60317460,72.22222222,35.31746032,49.60317460
2023-03-23,740.15000000,745.63000000,736.45000000,743.59000000,0.24130493,-0.52209532,1.00654731,-0.89675128,2.27354001,5.74406577,-1.72343153,-3.09401031,743.18650000,0.05429324,0.32224413,749.07800000,-0.73263398,0.23449185,703.49310000,5.69968632,0.19417011,41.88956821,-8.11043179,-1.93719327,57.14285714,72.61904762,80.15873016,38.88888889,37.30158730,34.52380952,90.87301587,41.26984127,47.22222222,39.28571429,80.55555556,62.69841270,54.76190476,52.77777778,31.74603175,38.49206349
2023-03-24,742.03000000,742.03000000,727.93000000,731.81000000,-1.58420635,-1.82551128,-1.34672418,-3.09557543,1.29839569,4.07082749,-3.16387022,-5.10360097,742.45650000,-1.43395606,-1.48824930,748.75340000,-2.26288121,-1.53024723,703.96045000,3.95612424,-1.74356208,37.89319046,-12.10680954,-3.99637775,9.92063492,20.23809524,64.28571429,32.14285714,14.68253968,9.52380952,85.71428571,32.14285714,30.95238095,29.76190476,73.80952381,10.71428571,10.31746032,7.14285714,24.60317460,23.80952381
2023-03-27,738.61000000,740.05000000,733.53000000,735.91000000,0.56025471,2.14446106,-1.03282723,-2.03937454,0.94095055,0.69344282,-1.40673356,-1.29966862,741.40250000,-0.74082566,0.69313040,748.50460000,-1.68263495,0.58024626,704.46125000,4.46422710,0.50810286,43.00062775,-6.99937225,5.10743729,66.66666667,25.00000000,59.12698413,41.66666667,90.47619048,17.46031746,60.71428571,49.60317460,38.49206349,32.53968254,75.79365079,73.01587302,67.46031746,65.47619048,34.52380952,79.36507937
2023-03-28,740.72000000,741.85000000,731.72000000,733.81000000,-0.28536098,-0.84561569,0.27329498,1.62001917,-0.32193214,-0.14024215,-3.06212764,-3.90404219,740.44650000,-0.89628353,-0.15545786,748.20460000,-1.92388553,-0.24125058,704.92315000,4.09787223,-0.36635487,41.25961711,-8.74038289,-1.74101064,39.68253968,53.96825397,41.26984127,33.33333333,27.77777778,75.39682540,51.19047619,38.88888889,36.11111111,30.95238095,73.80952381,46.82539683,40.47619048,35.31746032,31.34920635,40.07936508
2023-03-29,739.30000000,745.79000000,738.75000000,745.54000000,1.59850643,1.88386741,1.30858393,2.34141116,0.50417902,-3.03120976,-0.98149894,-2.06899542,740.25450000,0.71401119,1.61029472,748.13300000,-0.34659613,1.57728940,705.41070000,5.68878527,1.59091304,46.89526589,-3.10473411,5.63564878,92.46031746,79.76190476,55.55555556,43.65079365,87.30158730,85.31746032,23.01587302,46.42857143,57.14285714,46.03174603,80.15873016,92.46031746,92.85714286,93.65079365,44.44444444,82.53968254
2023-03-30,747.90000000,753.67000000,747.90000000,752.46000000,0.92818628,-0.67032014,2.54152982,2.26823484,1.19286166,-1.08067835,0.41100643,-0.15126628,740.11900000,1.66743456,0.95342337,748.46860000,0.53327554,0.87987167,705.96365000,6.58622438,0.89743910,53.92556823,3.92556823,7.03030234,78.17460317,94.44444444,63.09523810,50.39682540,32.93650794,83.73015873,42.06349206,53.57142857,67.46031746,51.19047619,83.73015873,80.15873016,76.98412698,76.58730159,58.33333333,88.09523810
2023-03-31,752.54000000,757.73000000,751.23000000,756.18000000,0.49437844,-0.43380784,1.42715347,0.11856954,3.33009934,2.03170365,0.13374472,-0.86802074,739.89950000,2.20036640,0.53293184,748.81940000,0.98296064,0.44968510,706.56490000,7.02201595,0.43579158,63.38732068,13.38732068,9.46175246,65.07936508,80.15873016,88.49206349,50.00000000,40.47619048,51.58730159,71.82539683,51.58730159,75.39682540,56.74603175,84.92063492,68.25396825,63.09523810,60.71428571,72.22222222,94.44444444
2023-04-03,758.91000000,761.27000000,757.33000000,758.41000000,0.29490333,-0.19947511,0.79073971,-1.75079012,3.05743909,2.11648854,-0.28399753,-0.54236481,739.82850000,2.51159559,0.31122919,749.03020000,1.25225925,0.26929861,707.05535000,7.26317254,0.24115658,60.44395560,10.44395560,-2.94336508,58.73015873,64.68253968,86.50793651,48.41269841,47.61904762,21.82539683,71.82539683,52.77777778,78.17460317,57.53968254,86.11111111,61.11111111,56.34920635,55.55555556,67.06349206,29.36507937
2023-04-04,762.09000000,765.46000000,758.33000000,758.36000000,-0.00659274,-0.30149607,0.28829115,-1.13886233,3.34555266,3.66748480,-0.19346433,0.33411926,740.17050000,2.45747433,-0.05412127,749.26940000,1.21326188,-0.03899738,707.49450000,7.18952585,-0.07364668,76.50930262,26.50930262,16.06534702,45.23809524,54.36507937,88.49206349,49.20634921,44.04761905,32.14285714,82.14285714,58.73015873,76.98412698,56.74603175,85.31746032,48.01587302,49.20634921,42.85714286,89.68253968,99.20634921
2023-04-05,756.86000000,757.88000000,753.27000000,755.76000000,-0.34284509,-0.33625235,-0.34941522,-1.14015493,1.37081847,0.86663944,0.56418991,0.68114897,740.29100000,2.08958369,-0.36789063,749.55780000,0.82744786,-0.38581402,707.92825000,6.75658162,-0.43294424,70.20557589,20.20557589,-6.30372673,36.90476190,39.28571429,64.68253968,52.77777778,42.85714286,31.74603175,61.90476190,59.52380952,73.41269841,53.17460317,82.53968254,37.30158730,34.92063492,32.14285714,81.34920635,14.28571429
2023-04-06,757.45000000,760.97000000,756.72000000,759.84000000,0.53985392,0.88269901,0.19515797,-0.09313318,0.98078303,-0.21207863,0.86148537,0.82696094,740.62300000,2.59470743,0.50512374,749.81040000,1.33761815,0.51017029,708.39460000,7.26225186,0.50567024,76.54320988,26.54320988,6.33763398,66.26984127,50.79365079,57.93650794,55.95238095,72.22222222,48.80952381,49.20634921,59.92063492,78.57142857,58.33333333,85.71428571,68.25396825,64.28571429,65.07936508,90.07936508,84.52380952
2023-04-11,764.75000000,765.76000000,762.57000000,763.32000000,0.45799116,-0.08186277,1.00031756,1.34973279,0.94421963,-2.38587971,1.34360064,0.70223239,741.63750000,2.92359812,0.32889069,750.06340000,1.76739726,0.42977911,708.91505000,7.67439625,0.41214439,75.44927967,25.44927967,-1.09393021,63.09523810,71.82539683,57.14285714,59.92063492,51.58730159,72.22222222,27.77777778,59.92063492,82.14285714,60.71428571,88.49206349,61.50793651,62.30158730,60.31746032,87.69841270,42.46031746
2023-04-12,761.77000000,769.14000000,758.23000000,759.54000000,-0.49520516,-0.95319631,-0.03948200,-0.23463997,0.14899593,-2.90844316,2.22198296,4.07390820,743.25200000,2.19145054,-0.73214757,750.35760000,1.22373652,-0.54366074,709.43435000,7.06276063,-0.61163561,68.25570491,18.25570491,-7.19357476,30.15873016,44.84126984,48.01587302,64.68253968,23.41269841,45.63492063,23.01587302,68.25396825,73.41269841,55.95238095,83.33333333,25.00000000,31.74603175,26.98412698,78.57142857,11.90476190
2023-04-13,758.35000000,761.02000000,757.02000000,760.57000000,0.13560839,0.63081355,-0.36026830,-1.36058586,0.29141832,-3.05413434,4.58164318,7.90115077,744.40450000,2.17160160,-0.01984895,750.66520000,1.31946972,0.09573320,709.93915000,7.13171685,0.06895622,65.80232362,15.80232362,-2.45338128,52.38095238,39.28571429,50.39682540,74.20634921,67.06349206,26.58730159,21.82539683,77.77777778,72.61904762,57.53968254,84.12698413,50.00000000,51.98412698,49.60317460,76.19047619,32.93650794
2023-04-14,760.06000000,763.51000000,758.55000000,761.40000000,0.10912868,-0.02647971,0.24488506,0.28436706,0.74626866,-0.62454981,3.23787829,6.53169976,746.65100000,1.97535395,-0.19624765,750.93960000,1.39297488,0.07350516,710.52505000,7.16019090,0.02847405,65.24045867,15.24045867,-0.56186496,51.98412698,53.17460317,54.76190476,68.65079365,53.17460317,55.55555556,46.03174603,74.20634921,68.25396825,58.33333333,84.12698413,44.84126984,51.19047619,47.61904762,75.39682540,48.01587302
2023-04-17,761.18000000,763.36000000,758.28000000,758.50000000,-0.38087733,-0.49000601,-0.27216430,0.08810400,-0.17635292,-1.15713595,5.86626097,11.96086496,748.22300000,1.37352100,-0.60183295,750.93740000,1.00708794,-0.38588694,711.03400000,6.67563014,-0.48456077,76.93239152,26.93239152,11.69193286,35.31746032,41.26984127,41.66666667,78.57142857,37.69841270,52.38095238,40.87301587,88.88888889,60.71428571,54.36507937,80.15873016,28.57142857,34.92063492,30.15873016,90.87301587,96.82539683
2023-04-18,759.27000000,765.16000000,758.99000000,763.15000000,0.61305208,0.99392941,0.22983977,-0.01504529,-0.02227113,-0.96649076,4.96382692,10.50732919,750.25900000,1.71820665,0.34468565,750.92320000,1.62823575,0.62114781,711.49265000,7.26041935,0.58478921,77.18562874,27.18562874,0.25323722,68.65079365,52.38095238,44.44444444,74.60317460,74.20634921,49.20634921,43.65079365,84.92063492,65.07936508,59.92063492,84.92063492,62.69841270,69.04761905,67.06349206,91.66666667,51.98412698
2023-04-19,759.99000000,761.16000000,757.25000000,760.22000000,-0.38393501,-0.99698708,0.22676335,0.49892765,0.08952787,-0.05946805,5.23095663,11.61434893,751.81750000,1.11762496,-0.60058169,751.07960000,1.21696821,-0.41126754,711.92265000,6.78407268,-0.47634667,75.92774396,25.92774396,-1.25788478,34.12698413,51.98412698,46.82539683,75.00000000,21.82539683,60.71428571,52.38095238,87.30158730,56.34920635,54.76190476,80.15873016,28.57142857,34.12698413,30.55555556,88.09523810,41.26984127
2023-04-20,761.69000000,761.98000000,756.42000000,761.10000000,0.11575597,0.49969097,-0.26862347,-0.49846324,0.06968458,-0.22173375,4.39613195,9.10046114,753.06350000,1.06717428,-0.05045067,751.23980000,1.31252364,0.09555543,712.38230000,6.83870164,0.05462896,69.41117764,19.41117764,-6.51656632,51.98412698,40.47619048,46.42857143,71.42857143,64.68253968,40.07936508,50.00000000,81.34920635,55.55555556,56.34920635,80.95238095,49.20634921,51.98412698,48.80952381,78.57142857,13.49206349
2023-04-21,760.54000000,763.40000000,758.65000000,762.19000000,0.14321377,0.02745780,0.25913551,0.03237216,0.10375624,-0.64251242,3.53310332,7.00136447,754.08300000,1.07508059,0.00790631,751.51560000,1.42038302,0.10785938,712.83985000,6.92303468,0.08433304,64.20437956,14.20437956,-5.20679808,52.77777778,53.96825397,47.22222222,67.85714286,55.55555556,51.19047619,45.23809524,74.20634921,55.55555556,58.33333333,80.95238095,51.19047619,53.57142857,50.79365079,70.63492063,16.66666667
2023-04-24,759.35000000,764.64000000,759.27000000,762.49000000,0.03936026,-0.10385351,0.18263040,0.45125387,0.52603823,0.70239115,2.78916150,4.88244873,755.02800000,0.98830772,-0.08677288,751.62440000,1.44561566,0.02523263,713.32275000,6.89270740,-0.03032727,60.23353876,10.23353876,-3.97084080,46.82539683,50.39682540,53.57142857,65.47619048,50.39682540,60.71428571,61.11111111,67.85714286,54.76190476,58.33333333,80.55555556,47.22222222,50.00000000,44.84126984,61.11111111,23.41269841
2023-04-25,758.19000000,758.47000000,754.45000000,755.45000000,-0.92329080,-0.96265106,-0.88429394,-1.14342946,-1.00897595,-0.98670482,1.59496497,3.31839650,756.21000000,-0.10050118,-1.08880890,751.68900000,0.50033990,-0.94527575,713.80145000,5.83475279,-1.05795462,45.84736251,-4.15263749,-14.38617625,18.25396825,25.00000000,28.57142857,58.33333333,23.01587302,30.55555556,42.46031746,64.68253968,41.66666667,45.63492063,74.60317460,13.49206349,17.46031746,13.88888889,40.07936508,0.79365079
2023-04-26,750.38000000,751.18000000,745.26000000,749.60000000,-0.77437289,0.14891791,-1.69051397,-1.87314438,-1.39696404,-1.48649191,2.43095886,5.59482907,756.89450000,-0.96374065,-0.86323947,751.42820000,-0.24329670,-0.74363660,714.18985000,4.95808642,-0.87666636,39.43050193,-10.56949807,-6.41686058,22.22222222,10.71428571,23.80952381,63.09523810,58.73015873,17.46031746,35.71428571,69.84126984,32.53968254,42.06349206,71.82539683,20.63492063,22.61904762,17.85714286,25.79365079,13.88888889
2023-04-27,747.18000000,752.65000000,746.40000000,752.60000000,0.40021345,1.17458634,-0.37725859,0.50703535,-1.11680462,-1.18648920,2.26794037,3.67467394,757.83400000,-0.69065257,0.27308808,751.22080000,0.18359449,0.42689119,714.54735000,5.32542035,0.36733393,46.22370937,-3.77629063,6.79320744,61.50793651,37.69841270,27.77777778,61.50793651,78.96825397,62.30158730,38.88888889,64.68253968,35.31746032,43.25396825,72.22222222,60.31746032,63.49206349,59.92063492,40.47619048,86.90476190
2023-04-28,754.52000000,758.94000000,748.45000000,758.49000000,0.78262025,0.38240680,1.18596585,2.87647982,-0.48544326,-0.58919950,3.36326842,6.42539606,758.48150000,0.00112066,0.69177323,750.99600000,0.99787482,0.81428033,714.89245000,6.09847677,0.77305642,48.45360825,-1.54639175,2.22989888,74.60317460,75.39682540,35.71428571,67.46031746,63.09523810,92.46031746,47.61904762,71.82539683,42.85714286,51.98412698,76.19047619,74.20634921,77.77777778,74.60317460,43.65079365,65.47619048
2023-05-02,758.74000000,759.91000000,743.55000000,744.31000000,-1.86950388,-2.65212413,-1.10151475,-0.72425616,-2.38429356,-2.91033180,-0.16498109,0.81651786,758.07400000,-1.81565388,-1.81677454,750.44840000,-0.81796430,-1.81583912,715.14195000,4.07863781,-2.01983896,32.51149954,-17.48850046,-15.94210871,5.15873016,21.82539683,16.26984127,45.23809524,4.76190476,35.31746032,21.82539683,55.95238095,24.60317460,34.52380952,65.07936508,5.15873016,6.74603175,3.17460317,9.12698413,0.79365079
2023-05-03,748.05000000,748.50000000,743.10000000,744.24000000,-0.00940468,1.86009920,-1.87873275,-3.06469859,-1.48388378,-0.47490782,-1.09241687,-1.50342330,757.47700000,-1.74751181,0.06814208,750.03240000,-0.77228664,0.04567766,715.34010000,4.04002236,-0.03861545,34.89336493,-15.10663507,2.38186539,44.44444444,7.93650794,23.01587302,38.88888889,87.69841270,8.33333333,48.41269841,45.63492063,25.79365079,34.92063492,64.68253968,53.96825397,50.39682540,44.04761905,13.88888889,65.47619048
2023-05-04,744.52000000,744.82000000,735.91000000,741.22000000,-0.40578308,-0.39637840,-0.41514960,0.68636515,-1.11792956,0.27903447,-1.97836494,-2.11210966,756.61750000,-2.03504413,-0.28753232,749.60420000,-1.11848359,-0.34619696,715.52100000,3.59164860,-0.44837376,31.61694851,-18.38305149,-3.27641642,32.14285714,36.50793651,26.98412698,33.73015873,39.68253968,64.28571429,57.14285714,42.46031746,22.22222222,32.93650794,61.90476190,39.28571429,35.71428571,31.74603175,7.53968254,27.77777778
2023-05-05,745.16000000,750.95000000,743.59000000,750.48000000,1.24929171,1.65507479,0.83843921,2.71717196,-0.28169014,0.83511448,-1.04560858,-0.76161105,756.22350000,-0.75949769,1.27554644,749.46060000,0.13601782,1.25450142,715.73835000,4.85395955,1.26231095,41.05797576,-8.94202424,9.44102725,86.11111111,67.85714286,38.09523810,38.88888889,85.31746032,92.06349206,64.68253968,47.61904762,33.33333333,42.06349206,69.44444444,87.69841270,87.30158730,86.50793651,28.57142857,94.04761905
2023-05-08,751.89000000,754.83000000,751.22000000,752.68000000,0.29314572,-0.95614599,1.54609967,1.96124928,-0.76599560,-0.28055233,-0.74898465,-0.55552032,756.06950000,-0.44830535,0.31119234,749.38160000,0.44014958,0.30413176,715.97045000,5.12724373,0.27328418,45.17892644,-4.82107356,4.12095068,58.73015873,83.73015873,31.74603175,40.07936508,22.61904762,80.15873016,50.00000000,48.01587302,38.49206349,43.65079365,71.42857143,61.50793651,59.52380952,57.53968254,36.50793651,73.80952381
2023-05-09,751.58000000,751.93000000,744.74000000,748.38000000,-0.57129192,-0.86443764,-0.27982091,-1.11826013,0.54681517,2.93110874,-0.97650048,-1.54069038,755.49650000,-0.94196333,-0.49365798,749.23480000,-0.11408974,-0.55423932,716.14470000,4.50122720,-0.62601653,37.69371771,-12.30628229,-7.48520873,26.98412698,40.07936508,54.76190476,38.88888889,25.79365079,31.74603175,78.96825397,44.04761905,31.34920635,40.47619048,67.06349206,31.74603175,29.36507937,24.20634921,21.03174603,10.71428571
2023-05-10,748.03000000,751.15000000,745.33000000,748.29000000,-0.01202598,0.55926594,-0.58324919,-2.12934886,0.54417930,2.02806307,-1.52005685,-2.38154222,754.74500000,-0.85525575,0.08670758,749.27240000,-0.13111386,-0.01702413,716.27425000,4.46976141,-0.03146579,39.56620605,-10.43379395,1.87248834,44.84126984,30.55555556,54.76190476,35.31746032,67.06349206,14.68253968,73.01587302,40.07936508,32.14285714,40.07936508,66.66666667,55.15873016,49.20634921,44.84126984,25.79365079,62.30158730
2023-05-11,750.31000000,755.75000000,747.14000000,751.12000000,0.37819562,0.39022160,0.36612416,0.64594508,1.33563584,2.45356541,-1.59828119,-2.94188183,754.32400000,-0.42475117,0.43050458,749.15500000,0.26229552,0.39340938,716.38265000,4.84899376,0.37923235,41.55953992,-8.44046008,1.99333387,61.50793651,59.52380952,66.26984127,34.92063492,63.49206349,63.88888889,75.39682540,37.30158730,39.28571429,42.85714286,68.65079365,67.06349206,62.69841270,61.50793651,30.55555556,63.09523810
2023-05-12,753.29000000,755.87000000,751.95000000,752.99000000,0.24896155,-0.12923407,0.62809873,1.21134792,0.33445262,0.61614276,-0.86236406,-3.08434702,753.94500000,-0.12666706,0.29808410,749.15620000,0.51174909,0.24945357,716.50670000,5.09182957,0.24283581,42.32053422,-7.67946578,0.76099430,57.14285714,64.68253968,51.19047619,39.28571429,48.80952381,71.82539683,59.92063492,36.90476190,41.26984127,45.23809524,71.03174603,61.11111111,55.95238095,55.95238095,32.93650794,56.34920635
2023-05-15,756.00000000,757.84000000,753.46000000,756.18000000,0.42364440,0.17468285,0.67366067,0.30753651,0.46500505,1.23100065,-0.57719868,-5.15884186,753.68400000,0.33117328,0.45784034,749.29220000,0.91924085,0.40749177,716.65885000,5.51463922,0.42280965,44.97531454,-5.02468546,2.65478032,64.28571429,65.07936508,52.77777778,40.87301587,58.73015873,55.95238095,68.25396825,27.38095238,48.41269841,50.39682540,72.61904762,68.25396825,63.88888889,62.69841270,37.69841270,67.85714286
2023-05-16,755.32000000,759.29000000,754.61000000,756.22000000,0.00528975,-0.41835466,0.42895656,-0.19914217,1.04759614,0.50078097,-0.68032572,-3.91820401,753.57000000,0.35165943,0.02048616,749.31320000,0.92175074,0.00250989,716.76730000,5.50425501,-0.01038421,50.69008783,0.69008783,5.71477329,46.03174603,59.92063492,61.11111111,39.68253968,38.49206349,44.44444444,59.12698413,32.93650794,48.41269841,50.39682540,71.82539683,51.58730159,49.20634921,45.23809524,46.03174603,81.34920635
2023-05-17,754.89000000,759.04000000,753.82000000,758.28000000,0.27240750,0.26711775,0.27771166,-0.39594901,1.33504390,0.79086460,-0.02900461,-5.89526559,753.32650000,0.65755021,0.30589078,749.26740000,1.20285495,0.28110420,716.90080000,5.77195618,0.26770117,58.34615385,8.34615385,7.65606602,58.33333333,55.15873016,66.26984127,46.03174603,62.30158730,41.66666667,63.88888889,24.20634921,50.79365079,52.77777778,73.41269841,61.90476190,59.12698413,57.93650794,57.93650794,88.49206349
2023-05-18,760.08000000,766.14000000,759.82000000,765.28000000,0.92314185,0.65073435,1.19806406,0.76910750,1.88518479,0.54954895,0.27910634,-4.68472058,753.57950000,1.55265636,0.89510614,749.37640000,2.12224458,0.91938963,717.11350000,6.71671918,0.94476300,61.32142857,11.32142857,2.97527473,80.55555556,77.38095238,76.19047619,47.22222222,70.23809524,66.26984127,59.12698413,29.36507937,63.09523810,62.30158730,78.17460317,81.34920635,81.34920635,80.55555556,63.88888889,68.25396825
2023-05-19,767.92000000,771.74000000,767.10000000,767.10000000,0.23782145,-0.68532040,1.16315873,0.88544707,1.87386287,1.53941025,0.90500118,-4.32595545,753.87950000,1.75366222,0.20100587,749.68800000,2.32256619,0.20032161,717.30965000,6.94126309,0.22454391,58.29000578,8.29000578,-3.03142279,55.55555556,76.19047619,75.79365079,51.98412698,30.15873016,67.46031746,70.23809524,30.55555556,65.47619048,63.09523810,81.34920635,57.93650794,54.76190476,54.36507937,57.14285714,28.96825397
2023-05-22,766.81000000,768.59000000,765.33000000,767.61000000,0.06648416,-0.17133729,0.30446373,-0.89360033,1.51154487,1.04653982,0.85534095,-3.54079100,754.15050000,1.78472334,0.03106112,749.97320000,2.35165737,0.02909118,717.56305000,6.97457178,0.03330869,80.44955567,30.44955567,22.15954989,49.60317460,56.34920635,70.63492063,51.19047619,47.22222222,32.93650794,67.06349206,36.50793651,65.87301587,63.49206349,81.34920635,51.58730159,49.60317460,47.61904762,96.03174603,100.00000000
2023-05-23,766.54000000,769.00000000,765.51000000,765.98000000,-0.21234742,-0.27883158,-0.14600443,-1.30916316,1.29062971,0.24303357,0.49725134,-3.03585198,754.32500000,1.54508998,-0.23963336,750.22880000,2.09951951,-0.25213786,717.77160000,6.71639836,-0.25817342,77.29784028,27.29784028,-3.15171539,38.88888889,41.26984127,64.28571429,46.82539683,43.65079365,25.39682540,54.76190476,38.88888889,62.30158730,61.11111111,76.98412698,40.47619048,37.69841270,37.30158730,91.26984127,28.17460317
2023-05-24,760.04000000,760.50000000,750.22000000,754.13000000,-1.54703778,-1.33469037,-1.75610010,-2.06056383,-0.54729124,-1.88233514,-1.09640782,-3.88556932,754.25900000,-0.01710288,-1.56219286,750.45080000,0.49026532,-1.60925419,717.91330000,5.04471780,-1.67168057,63.26824255,13.26824255,-14.02959773,7.53968254,8.73015873,33.73015873,35.31746032,15.47619048,14.28571429,26.98412698,35.31746032,41.66666667,41.66666667,67.46031746,7.14285714,7.14285714,6.74603175,66.66666667,1.58730159
2023-05-25,758.44000000,759.34000000,753.58000000,755.21000000,0.14321138,1.69024916,-1.40604193,-1.26003750,-1.31585825,-3.20104304,-0.03176914,-1.62673411,754.53950000,0.08886215,0.10596503,751.01000000,0.55924688,0.06898156,718.06055000,5.17358181,0.12886401,55.84383494,5.84383494,-7.42440761,53.57142857,14.28571429,23.01587302,44.44444444,86.90476190,27.38095238,17.06349206,45.63492063,44.04761905,43.25396825,68.65079365,57.14285714,51.98412698,53.17460317,53.57142857,11.90476190
2023-05-26,758.75000000,770.39000000,756.74000000,767.86000000,1.67503079,1.53181940,1.82064100,3.57674111,0.09907444,-1.77478843,2.43596585,0.00500699,755.30250000,1.66257890,1.57371675,751.61680000,2.16110124,1.60185436,718.25545000,6.90625459,1.73267278,64.90573449,14.90573449,9.06189955,95.23809524,88.09523810,46.82539683,63.09523810,84.12698413,95.63492063,29.36507937,53.96825397,63.88888889,61.50793651,79.76190476,92.46031746,94.84126984,96.82539683,71.82539683,93.25396825
2023-05-29,769.02000000,769.52000000,763.66000000,764.10000000,-0.48967260,-2.16470338,1.17715602,2.58319796,-0.45726345,-1.96880832,1.52803614,-0.73990423,755.58300000,1.12720906,-0.53536984,752.56940000,1.53216434,-0.62893690,718.43540000,6.35611775,-0.55013684,65.60142914,15.60142914,0.69569465,28.57142857,77.38095238,35.31746032,56.34920635,6.74603175,90.47619048,26.98412698,50.00000000,56.74603175,57.14285714,74.60317460,28.17460317,24.60317460,26.58730159,73.41269841,55.15873016
2023-05-30,765.29000000,765.95000000,755.38000000,756.67000000,-0.97238581,-0.48271322,-1.45729690,-3.27793791,-1.21543643,-2.50606615,-0.23995043,-3.60321885,756.20100000,0.06202055,-1.06518851,753.16160000,0.46582301,-1.06634134,718.60330000,5.29731773,-1.05880003,57.25918226,7.25918226,-8.34224688,14.28571429,13.09523810,24.60317460,42.06349206,36.50793651,5.95238095,23.01587302,36.90476190,43.65079365,39.68253968,67.85714286,12.69841270,13.09523810,12.30158730,55.15873016,10.31746032
2023-05-31,750.14000000,756.03000000,748.45000000,748.86000000,-1.03215404,-0.05976823,-1.99450334,-3.17165936,-0.69881851,-0.15152727,0.61130443,0.77628552,756.43200000,-1.00101529,-1.06303584,753.69020000,-0.64087340,-1.10669640,718.71830000,4.19381279,-1.10350494,48.19776715,-1.80223285,-9.06141511,13.49206349,7.53968254,33.33333333,48.80952381,51.98412698,6.74603175,50.79365079,59.12698413,29.76190476,31.74603175,58.73015873,13.09523810,13.09523810,11.50793651,42.06349206,8.73015873
2023-06-01,754.41000000,758.02000000,752.55000000,756.35000000,1.00018695,2.03234099,-0.04229056,1.41500634,0.15095139,1.46680964,1.62716328,2.71958015,757.18850000,-0.11073861,0.89027669,754.23620000,0.28025703,0.92113043,718.90245000,5.20898906,1.01517627,52.45901639,2.45901639,4.26124925,82.53968254,44.04761905,48.80952381,57.93650794,91.66666667,76.19047619,71.42857143,62.69841270,40.47619048,38.88888889,67.46031746,81.74603175,82.14285714,82.93650794,48.01587302,74.60317460
2023-06-02,759.43000000,765.82000000,758.14000000,764.92000000,1.13307331,0.13288636,2.14459311,4.13909645,-0.38288230,-0.48195673,3.19743126,5.17579620,757.91050000,0.92484535,1.03558396,754.81100000,1.33927566,1.05901863,719.17185000,6.36122646,1.15223739,55.92944369,5.92944369,3.47042730,84.92063492,91.66666667,36.50793651,67.06349206,57.53968254,96.82539683,45.63492063,70.63492063,55.15873016,53.96825397,74.60317460,84.92063492,83.73015873,84.92063492,53.57142857,71.42857143
2023-06-05,767.41000000,768.42000000,763.20000000,763.34000000,-0.20655755,-1.33963086,0.92417532,0.96646588,-0.09946342,0.35780003,1.71356998,2.75917856,758.44350000,0.64559852,-0.27924683,755.24180000,1.07226586,-0.26700980,719.43420000,6.10282358,-0.25840288,54.73152578,4.73152578,-1.19791791,39.28571429,72.61904762,41.66666667,58.33333333,14.68253968,69.44444444,57.53968254,63.09523810,51.19047619,49.60317460,73.41269841,39.68253968,37.30158730,36.90476190,52.38095238,41.66666667
2023-06-06,759.77000000,762.65000000,757.08000000,762.22000000,-0.14672361,0.05983394,-0.35297809,-2.49757120,0.73347695,1.94891338,1.26747090,2.01645556,759.13550000,0.40631745,-0.23928107,755.61440000,0.87420250,-0.19806336,719.67625000,5.91151229,-0.19131129,52.65141319,2.65141319,-2.08011259,40.07936508,36.90476190,56.34920635,54.36507937,55.55555556,11.11111111,73.41269841,61.11111111,49.20634921,45.63492063,71.03174603,40.87301587,39.68253968,38.88888889,48.41269841,36.50793651
2023-06-07,761.68000000,763.65000000,759.41000000,761.61000000,-0.08002939,0.06669422,-0.22663558,-1.15081089,1.70258793,2.40140644,1.76781849,2.74431896,759.80150000,0.23802269,-0.16829476,756.21040000,0.71403408,-0.16016842,719.89305000,5.79488161,-0.11663068,47.29789427,-2.70210573,-5.35351892,43.25396825,41.26984127,75.00000000,58.33333333,56.34920635,28.17460317,76.58730159,63.09523810,46.82539683,43.65079365,69.84126984,44.84126984,42.06349206,41.26984127,40.47619048,17.06349206
2023-06-08,758.12000000,761.12000000,757.32000000,760.94000000,-0.08797153,-0.00794215,-0.16793052,0.18504757,0.60686190,0.45591051,1.69052105,3.21057791,760.29250000,0.08516459,-0.15285810,756.71100000,0.55886593,-0.15516815,720.17235000,5.66081855,-0.13406306,45.38645896,-4.61354104,-1.91143531,42.46031746,41.26984127,55.15873016,57.53968254,53.17460317,53.17460317,57.93650794,65.07936508,44.04761905,41.66666667,68.25396825,45.23809524,42.46031746,40.07936508,37.69841270,38.09523810
2023-06-09,763.34000000,763.34000000,755.93000000,759.32000000,-0.21289458,-0.12492304,-0.30067883,-0.07404325,-0.73210270,-0.34922041,1.09170306,2.68998425,760.60900000,-0.16946946,-0.25463406,757.22120000,0.27717132,-0.28169461,720.47730000,5.39124550,-0.26957305,43.89273611,-6.10726389,-1.49372284,37.69841270,38.49206349,30.95238095,52.38095238,48.80952381,47.61904762,45.23809524,61.90476190,38.09523810,36.90476190,66.66666667,39.68253968,35.71428571,35.31746032,33.73015873,40.07936508
2023-06-12,761.35000000,764.09000000,759.88000000,760.34000000,0.13433072,0.34722529,-0.07884984,0.08908068,-0.39300967,-0.29354625,0.97610858,1.83847264,760.81700000,-0.06269576,0.10677370,757.51720000,0.37263840,0.09546708,720.82745000,5.48155457,0.09030907,45.80731490,-4.19268510,1.91457878,53.17460317,42.85714286,34.52380952,50.79365079,64.68253968,52.38095238,46.42857143,59.52380952,40.07936508,37.69841270,66.66666667,57.14285714,53.57142857,52.38095238,37.69841270,61.50793651
2023-06-13,766.15000000,768.85000000,761.91000000,767.71000000,0.96930321,0.83497249,1.10493600,1.40561482,0.72026449,-0.01321245,1.52476923,2.10196791,761.39150000,0.82986217,0.89255793,757.82220000,1.30476515,0.93212675,721.26445000,6.43946198,0.95790741,60.81554635,10.81554635,15.00823145,81.34920635,76.58730159,55.55555556,55.55555556,73.80952381,75.39682540,50.79365079,59.92063492,53.96825397,52.38095238,75.00000000,81.74603175,82.14285714,81.34920635,62.69841270,98.01587302
2023-06-14,766.98000000,773.00000000,765.96000000,771.41000000,0.48195282,-0.48735039,1.45592761,1.53477745,1.28674781,-0.41584012,2.00867472,2.68900044,762.04800000,1.22853154,0.39866937,758.12680000,1.75210796,0.44734280,721.78680000,6.87504953,0.43558755,62.38532110,12.38532110,1.56977475,68.65079365,83.73015873,65.47619048,59.92063492,34.92063492,78.57142857,44.04761905,61.50793651,59.52380952,58.33333333,78.96825397,67.46031746,67.06349206,64.68253968,64.68253968,58.33333333
2023-06-15,770.82000000,774.38000000,767.33000000,772.64000000,0.15944828,-0.32250454,0.64216957,-0.46276643,1.53757195,0.93071005,1.89375956,1.92276418,762.41600000,1.34100019,0.11246865,758.41140000,1.87610577,0.12399781,722.25715000,6.97574957,0.10070004,54.42756577,4.42756577,-7.95775534,54.36507937,64.28571429,72.61904762,57.93650794,40.87301587,39.28571429,67.85714286,58.73015873,61.11111111,59.12698413,81.34920635,57.14285714,55.55555556,52.77777778,50.79365079,9.92063492
2023-06-16,774.88000000,776.29000000,772.37000000,772.72000000,0.01035411,-0.14909417,0.16981890,-1.28610871,1.76473687,2.49683957,0.97219318,0.69308685,762.69700000,1.31415228,-0.02684791,758.69860000,1.84808566,-0.02802011,722.75015000,6.91384844,-0.06190112,58.56858847,8.56858847,4.14102270,46.03174603,48.01587302,76.58730159,49.20634921,47.22222222,25.79365079,78.57142857,55.55555556,60.71428571,58.33333333,79.36507937,49.20634921,48.01587302,42.06349206,57.53968254,73.80952381
2023-06-19,770.86000000,772.45000000,768.24000000,768.98000000,-0.48400456,-0.49435867,-0.47370056,-1.11587013,1.13633375,1.52934341,0.24507887,-0.65992232,762.76550000,0.81473271,-0.49941957,758.96300000,1.31982719,-0.52825847,723.21870000,6.32744977,-0.58639867,63.20532075,13.20532075,4.63673228,26.98412698,32.53968254,62.69841270,42.46031746,34.12698413,30.55555556,72.22222222,48.01587302,52.38095238,51.98412698,72.22222222,28.57142857,28.57142857,24.20634921,65.87301587,75.39682540
2023-06-20,765.38000000,767.40000000,762.52000000,763.09000000,-0.76594970,-0.28194514,-1.24624702,-1.41606593,-0.60178974,-1.32205423,-0.58884069,-1.44418164,762.62100000,0.06149844,-0.75323427,759.02800000,0.53515812,-0.78466906,723.67780000,5.44609770,-0.88135208,65.92078765,15.92078765,2.71546690,18.65079365,15.47619048,31.34920635,35.71428571,42.85714286,22.22222222,32.53968254,45.23809524,40.87301587,39.28571429,64.28571429,19.44444444,17.06349206,14.28571429,74.20634921,66.66666667
2023-06-21,761.43000000,763.35000000,758.21000000,759.16000000,-0.51501134,0.25093836,-1.27701631,-0.80331575,-1.58800119,-2.87474900,-0.89036267,-1.38761401,762.87250000,-0.48664751,-0.54814594,758.94480000,0.02835516,-0.50680296,724.10160000,4.84164101,-0.60445669,53.41599805,3.41599805,-12.50478959,25.79365079,15.47619048,17.46031746,33.33333333,63.09523810,34.52380952,18.65079365,45.23809524,32.14285714,32.14285714,57.53968254,26.19047619,30.15873016,23.41269841,48.01587302,3.17460317
2023-06-22,752.61000000,759.17000000,750.74000000,759.17000000,0.00131725,0.51632858,-0.51370087,0.73254615,-1.74337337,-3.28094532,0.66831979,1.76472761,763.07050000,-0.51115854,-0.02451103,758.93740000,0.03064811,0.00229296,724.46760000,4.79005548,-0.05158552,41.17285846,-8.82714154,-12.24313960,46.03174603,30.15873016,15.07936508,46.42857143,69.04761905,67.06349206,13.49206349,57.93650794,32.14285714,32.14285714,56.74603175,50.39682540,49.60317460,43.25396825,25.00000000,3.96825397
2023-06-23,756.66000000,759.19000000,753.78000000,756.60000000,-0.33852760,-0.33984485,-0.33721482,0.93980149,-2.08613728,-3.85087415,0.18405477,0.21582391,762.50750000,-0.77474648,-0.26358794,758.85800000,-0.29755237,-0.32820049,724.76625000,4.39227820,-0.39777728,39.95828367,-10.04171633,-1.21457479,33.33333333,36.90476190,13.09523810,41.66666667,38.88888889,69.84126984,11.90476190,53.17460317,28.17460317,28.96825397,52.77777778,39.28571429,34.92063492,31.74603175,22.22222222,42.06349206
2023-06-26,757.15000000,759.75000000,751.43000000,757.50000000,0.11895321,0.45748081,-0.21997708,0.29372379,-1.49288668,-2.62922043,-1.34920428,-3.78517013,762.17750000,-0.61370219,0.16104429,758.78000000,-0.16869185,0.12886053,725.13260000,4.46365258,0.07137438,42.92141572,-7.07858428,2.96313205,53.17460317,41.66666667,19.04761905,28.57142857,67.46031746,56.34920635,20.63492063,33.73015873,30.55555556,29.76190476,53.57142857,59.52380952,56.34920635,51.58730159,28.17460317,67.85714286
2023-06-27,761.77000000,763.11000000,755.48000000,760.56000000,0.40396040,0.28500718,0.52339413,0.86060895,-0.33154674,0.27024300,-0.46329015,-1.99132629,762.37200000,-0.23767924,0.37602295,758.82120000,0.22914489,0.39783674,725.53110000,4.82803563,0.36438305,48.53310981,-1.46689019,5.61169409,65.47619048,63.09523810,36.11111111,36.50793651,63.49206349,68.25396825,56.74603175,40.47619048,34.52380952,33.33333333,56.74603175,67.46031746,65.07936508,62.30158730,40.07936508,80.95238095
2023-06-28,762.83000000,768.68000000,762.30000000,767.77000000,0.94798569,0.54402530,1.35577558,1.57575266,1.13414827,2.72214946,1.46695389,1.70690432,763.31750000,0.58330904,0.82098829,758.91360000,1.16698396,0.93783907,725.99625000,5.75398978,0.92595415,58.06756438,8.06756438,9.53445457,82.14285714,83.33333333,64.28571429,54.36507937,69.84126984,79.76190476,81.74603175,57.53968254,48.80952381,47.61904762,67.06349206,81.74603175,83.73015873,80.95238095,54.76190476,94.84126984
2023-06-29,767.99000000,770.25000000,766.53000000,768.94000000,0.15238939,-0.79559631,1.10181971,0.57842558,1.28693178,3.03030515,2.68140908,2.07010465,763.94700000,0.65357937,0.07027033,759.08800000,1.29787324,0.13088928,726.51680000,5.83925933,0.08526955,61.48519580,11.48519580,3.41763142,54.36507937,76.98412698,66.66666667,65.47619048,25.00000000,61.90476190,85.31746032,59.12698413,49.20634921,50.39682540,68.65079365,54.36507937,55.95238095,51.98412698,62.30158730,70.63492063
2023-06-30,767.38000000,775.96000000,765.72000000,773.94000000,0.65024579,0.49785641,0.80362609,-0.55214949,2.29183188,4.37796916,2.32564289,0.69847961,764.39800000,1.24830259,0.59472321,759.34480000,1.92207809,0.62420485,727.05935000,6.44798117,0.60872185,64.82773659,14.82773659,3.34254079,74.20634921,67.85714286,83.33333333,62.69841270,68.65079365,37.30158730,91.66666667,54.36507937,59.52380952,59.52380952,73.80952381,76.19047619,74.20634921,72.22222222,71.03174603,70.63492063
2023-07-03,777.10000000,781.11000000,776.44000000,776.44000000,0.32302246,-0.32722334,0.97536869,-0.12645102,2.50033003,3.99321671,1.50603985,-1.69139141,765.05300000,1.48839361,0.24009103,759.62980000,2.21294636,0.29086827,727.63350000,6.70756638,0.25958521,60.64893877,10.64893877,-4.17879782,62.69841270,74.60317460,84.12698413,53.57142857,40.07936508,45.63492063,90.07936508,39.68253968,64.28571429,61.90476190,75.00000000,61.11111111,61.90476190,59.52380952,60.31746032,23.41269841
2023-07-04,777.89000000,780.81000000,777.45000000,778.72000000,0.29364793,-0.02937452,0.61761894,-0.18600715,2.38771432,2.71926105,2.01482956,0.30125958,765.87800000,1.67676836,0.18837475,759.95440000,2.46930605,0.25635969,728.17815000,6.94086330,0.23329693,59.23679555,9.23679555,-1.41214321,61.90476190,63.88888889,83.73015873,59.12698413,52.77777778,44.44444444,80.55555556,51.98412698,66.66666667,64.28571429,80.15873016,59.92063492,59.52380952,57.93650794,57.14285714,40.47619048
2023-07-05,773.46000000,775.45000000,768.92000000,769.89000000,-1.13391206,-1.42755999,-0.84359384,-1.81896253,0.27612436,-0.85802391,1.00627116,-0.26119975,766.29200000,0.46953381,-1.20723456,760.24320000,1.26890974,-1.20039631,728.74060000,5.64664573,-1.29421757,47.08501166,-2.91498834,-12.15178389,9.92063492,22.22222222,49.20634921,48.01587302,11.11111111,15.87301587,38.49206349,47.61904762,48.01587302,48.41269841,63.88888889,7.93650794,10.71428571,7.93650794,37.30158730,4.36507937
2023-07-06,764.97000000,765.10000000,751.59000000,753.34000000,-2.14965774,-1.01574568,-3.25919458,-3.87681351,-2.02876687,-3.31569865,-1.08585759,-2.85367608,765.91200000,-1.64144184,-2.11097564,760.31800000,-0.91777388,-2.18668362,729.31090000,3.29476770,-2.35187803,34.77372722,-15.22627278,-12.31128444,1.58730159,1.98412698,13.49206349,28.17460317,17.06349206,2.38095238,12.30158730,34.92063492,20.63492063,21.03174603,42.85714286,1.19047619,1.19047619,1.19047619,9.92063492,3.96825397
2023-07-07,752.92000000,756.67000000,747.66000000,753.52000000,0.02389359,2.17355134,-2.12627778,-1.28268394,-2.63844742,-4.93027930,-0.97510973,-2.66563079,765.62200000,-1.58067558,0.06076626,760.33640000,-0.89649792,0.02127596,729.87645000,3.23939072,-0.05537698,37.13382157,-12.86617843,2.36009436,46.03174603,5.15873016,9.52380952,29.76190476,94.04761905,25.00000000,2.77777778,35.31746032,21.42857143,21.03174603,42.46031746,53.57142857,49.20634921,42.06349206,16.26984127,64.68253968
2023-07-10,749.60000000,757.60000000,749.60000000,755.76000000,0.29727147,0.27337788,0.32123610,3.58043067,-2.66343826,-5.16376829,-0.46884054,-1.56054360,765.39300000,-1.25856913,0.32210645,760.28180000,-0.59475316,0.30174476,730.44165000,3.46617009,0.22677937,43.50522772,-6.49477228,6.37140614,62.30158730,55.95238095,9.52380952,34.52380952,63.49206349,96.82539683,2.77777778,41.26984127,23.80952381,23.41269841,43.25396825,65.47619048,62.69841270,57.14285714,30.15873016,85.31746032
2023-07-11,757.25000000,758.97000000,753.29000000,755.82000000,0.00793903,-0.28933244,0.30523410,2.43151188,-2.94072324,-5.32843755,-0.59447089,-1.57057948,764.79850000,-1.17396935,0.08459977,760.51200000,-0.61695279,-0.02219963,731.01530000,3.39318479,-0.07298530,46.82267884,-3.17732116,3.31745113,45.23809524,55.95238095,7.53968254,32.93650794,42.06349206,90.47619048,2.77777778,41.26984127,24.60317460,23.41269841,42.85714286,55.15873016,47.22222222,40.47619048,37.69841270,70.63492063
2023-07-12,759.98000000,770.61000000,759.13000000,768.14000000,1.63001773,1.62207870,1.63808616,1.31685007,-0.22730520,-0.50342956,0.05601073,-1.46875850,764.63500000,0.45838864,1.63235800,760.99000000,0.93956557,1.55651836,731.68825000,4.98186899,1.58868419,56.91382766,6.91382766,10.09114881,95.63492063,88.09523810,37.69841270,40.07936508,88.09523810,76.19047619,44.04761905,43.25396825,49.20634921,42.85714286,57.53968254,96.03174603,95.63492063,95.23809524,53.96825397,95.63492063
2023-07-13,768.50000000,777.12000000,768.50000000,774.80000000,0.86702945,-0.76298828,2.51117991,2.20594581,2.84864736,4.87741423,0.43945502,-1.56921970,764.74300000,1.31508232,0.85669368,761.66160000,1.72496552,0.78539996,732.35915000,5.79508701,0.81321803,63.19605568,13.19605568,6.28222803,80.55555556,97.22222222,87.30158730,42.85714286,26.19047619,86.90476190,93.65079365,41.66666667,63.09523810,56.34920635,66.26984127,84.12698413,80.55555556,78.57142857,65.87301587,83.33333333
2023-07-14,775.53000000,781.49000000,775.53000000,778.93000000,0.53304078,-0.33398866,1.40469185,-0.23339431,3.37217327,6.01062069,0.81409194,-1.07966762,765.05350000,1.81379472,0.49871240,762.23060000,2.19085930,0.46589378,733.02480000,6.26243478,0.46734776,64.84277601,14.84277601,1.64672032,71.42857143,84.52380952,92.06349206,46.42857143,38.88888889,43.25396825,95.23809524,45.63492063,71.82539683,61.11111111,70.63492063,74.20634921,71.03174603,69.04761905,71.42857143,59.12698413
2023-07-17,773.58000000,777.74000000,771.86000000,773.45000000,-0.70352920,-1.23656999,-0.17423851,-2.68541842,2.34069017,5.00412842,0.09447148,-0.87772171,765.27700000,1.06797931,-0.74581541,762.64600000,1.41664678,-0.77421252,733.54410000,5.44015009,-0.82228469,58.63825225,8.63825225,-6.20452376,19.44444444,40.47619048,84.12698413,40.47619048,15.07936508,6.74603175,94.04761905,46.42857143,57.14285714,53.17460317,60.71428571,19.44444444,17.85714286,16.26984127,57.53968254,16.66666667
2023-07-18,770.92000000,775.67000000,770.92000000,774.48000000,0.13316956,0.83669877,-0.57129652,-1.97598838,2.46884179,5.40956503,0.71523317,0.47015430,765.84650000,1.12731468,0.05933537,763.16800000,1.48224244,0.06559566,734.09425000,5.50143936,0.06128927,54.90282040,4.90282040,-3.73543184,53.17460317,27.77777778,85.31746032,46.82539683,75.39682540,13.09523810,94.44444444,56.74603175,59.52380952,55.15873016,61.50793651,53.17460317,51.58730159,51.19047619,51.19047619,25.79365079
2023-07-19,777.93000000,779.19000000,774.45000000,775.03000000,0.07101539,-0.06215417,0.20427953,0.37851804,0.89697191,1.12427711,1.56469093,2.15353162,766.64000000,1.09438589,-0.03292879,763.70280000,1.48319477,0.00095233,734.66250000,5.49469995,-0.00673941,54.49048813,4.49048813,-0.41233227,50.39682540,50.39682540,59.12698413,57.14285714,50.39682540,58.33333333,70.23809524,63.49206349,57.93650794,55.55555556,61.11111111,48.41269841,48.41269841,46.03174603,50.39682540,48.80952381
2023-07-20,769.74000000,772.67000000,768.21000000,769.62000000,-0.69803750,-0.76905289,-0.62751782,-0.05622130,-0.66855963,-3.51720699,1.37783866,2.26820134,767.16250000,0.32033630,-0.77404959,764.07280000,0.72600412,-0.75719065,735.27505000,4.67103433,-0.82366562,46.83377309,-3.16622691,-7.65671504,19.84126984,26.98412698,32.14285714,55.15873016,26.19047619,46.82539683,12.30158730,63.88888889,46.42857143,39.68253968,50.00000000,18.25396825,19.44444444,16.26984127,38.09523810,11.50793651
2023-07-21,768.13000000,773.84000000,768.03000000,773.75000000,0.53662847,1.23466596,-0.16515490,-0.36943442,-0.66501483,-4.03718809,1.92051846,1.25219868,768.02000000,0.74607432,0.42573802,764.48800000,1.21152981,0.48552569,735.93775000,5.13796853,0.46693420,48.07444524,-1.92555476,1.24067215,72.61904762,42.06349206,32.53968254,60.71428571,82.53968254,40.07936508,9.52380952,60.71428571,53.17460317,46.82539683,57.14285714,71.03174603,71.82539683,69.44444444,40.47619048,57.14285714
2023-07-24,771.41000000,773.79000000,769.21000000,771.55000000,-0.28432956,-0.82095803,0.25077311,0.87829093,-0.24565260,-2.58634276,1.97594502,1.79189025,768.72250000,0.36781804,-0.37825629,764.79540000,0.88319046,-0.32833935,736.61395000,4.74278963,-0.39517891,44.86168840,-5.13831160,-3.21275684,34.92063492,53.96825397,38.49206349,62.30158730,23.41269841,69.04761905,21.82539683,61.90476190,47.61904762,42.06349206,50.39682540,33.73015873,34.12698413,31.74603175,33.73015873,29.76190476
2023-07-25,777.74000000,781.13000000,775.66000000,779.81000000,1.07057222,1.35490179,0.78319871,0.94835360,0.68820370,-1.78063809,2.94521452,4.29441880,769.68500000,1.31547321,0.94765518,765.26720000,1.90035585,1.01716539,737.35710000,5.75744100,1.01465138,57.16763006,7.16763006,12.30594165,87.69841270,69.04761905,57.53968254,70.63492063,84.92063492,71.42857143,27.77777778,73.80952381,65.87301587,61.11111111,64.68253968,86.50793651,87.30158730,86.11111111,56.34920635,97.61904762
2023-07-26,777.94000000,778.12000000,770.53000000,775.46000000,-0.55782819,-1.62840041,0.50677208,0.25599897,0.05548172,-0.84149018,1.95908278,2.42237293,770.06950000,0.70000175,-0.61547146,765.61080000,1.28644998,-0.61390587,738.06935000,5.06600769,-0.69143331,69.40350877,19.40350877,12.23587871,24.20634921,63.49206349,46.42857143,62.30158730,10.31746032,54.36507937,39.68253968,65.87301587,52.77777778,50.00000000,55.15873016,23.80952381,24.60317460,20.63492063,80.55555556,97.22222222
2023-07-27,779.02000000,793.07000000,779.02000000,792.06000000,2.14066490,2.69849308,1.57089547,0.78769677,2.91572464,3.58428427,3.16370788,1.69675399,771.22550000,2.70147966,2.00147790,766.14640000,3.38233006,2.09588008,738.87675000,7.19785133,2.13184365,76.24625443,26.24625443,6.84274565,99.20634921,89.28571429,89.68253968,71.82539683,97.22222222,67.06349206,87.69841270,61.11111111,84.92063492,75.00000000,84.12698413,99.20634921,99.20634921,99.20634921,90.07936508,86.11111111
2023-07-28,788.54000000,795.20000000,787.98000000,794.27000000,0.27901927,-1.86164563,2.42565703,1.91888495,2.65201939,3.31703421,3.29414519,0.61273611,772.24200000,2.85247371,0.15099405,766.68980000,3.59730885,0.21497879,739.64335000,7.38553926,0.18768793,76.23654449,26.23654449,-0.00970994,61.50793651,96.42857143,88.49206349,73.41269841,8.33333333,82.93650794,86.11111111,57.14285714,86.90476190,77.77777778,86.11111111,59.12698413,59.12698413,56.34920635,90.07936508,50.79365079
2023-07-31,792.48000000,794.41000000,789.52000000,792.00000000,-0.28579702,-0.56481629,-0.00757518,-1.57847066,2.65050872,2.89616131,2.33351423,0.00787134,773.02000000,2.45530517,-0.39716854,767.17760000,3.23554807,-0.36176078,740.39095000,6.97051335,-0.41502591,73.92857143,23.92857143,-2.30797306,34.12698413,44.84126984,88.09523810,67.46031746,31.74603175,18.65079365,83.33333333,53.57142857,82.14285714,74.20634921,79.76190476,31.34920635,33.33333333,30.95238095,85.31746032,35.71428571
2023-08-01,790.17000000,792.13000000,784.67000000,786.14000000,-0.73989899,-0.45410197,-1.02358140,-3.44923843,0.81173619,0.12353249,1.24929164,-0.25674821,773.39100000,1.64845466,-0.80685050,767.58080000,2.41788226,-0.81766581,741.09470000,6.07821106,-0.89230229,63.01706682,13.01706682,-10.91150461,18.65079365,19.04761905,59.52380952,53.57142857,35.31746032,3.96825397,52.77777778,51.19047619,71.03174603,67.46031746,67.46031746,17.06349206,16.26984127,13.49206349,68.25396825,5.95238095
2023-08-02,777.00000000,782.48000000,772.97000000,775.03000000,-1.41323428,-0.67333529,-2.14267677,-2.13510158,-0.05545096,-0.11093268,-0.47385453,-2.48868410,773.64800000,0.17863421,-1.46982045,767.99880000,0.91552226,-1.50236000,741.70965000,4.49237111,-1.58583995,50.15627123,0.15627123,-12.86079559,7.53968254,5.15873016,42.46031746,34.92063492,28.57142857,10.71428571,50.00000000,36.90476190,44.04761905,42.46031746,46.03174603,5.95238095,7.93650794,6.34920635,44.04761905,2.77777778
2023-08-03,770.25000000,771.43000000,764.09000000,770.07000000,-0.63997523,0.77325906,-2.04416516,-1.02058376,-2.77630483,-5.69202947,0.02337996,-0.98289119,774.48450000,-0.56999204,-0.74862625,768.29600000,0.23090059,-0.68462167,742.29770000,3.74139648,-0.75097463,44.04729911,-5.95270089,-6.10897212,21.82539683,6.34920635,9.12698413,40.07936508,73.80952381,29.76190476,2.38095238,46.82539683,32.14285714,31.34920635,38.88888889,19.04761905,22.22222222,19.04761905,32.53968254,17.85714286
2023-08-04,770.94000000,773.36000000,766.40000000,772.71000000,0.34282598,0.98280120,-0.29934325,1.84333352,-2.71444219,-5.36646158,2.57121618,3.65707378,775.44400000,-0.35257220,0.21741984,768.39300000,0.56182188,0.33092129,742.89355000,4.01355618,0.27215970,49.48309584,-0.51690416,5.43579672,65.47619048,37.30158730,10.31746032,71.42857143,78.57142857,82.14285714,3.17460317,75.00000000,34.92063492,38.49206349,40.07936508,62.30158730,65.87301587,63.49206349,44.44444444,79.76190476
2023-08-07,769.48000000,772.91000000,768.02000000,772.13000000,-0.07506050,-0.41788648,0.26750815,2.31167331,-2.50883838,-5.15934710,2.46974201,3.44485174,776.26250000,-0.53235858,-0.17978637,768.55360000,0.46534165,-0.09648023,743.42315000,3.86144150,-0.15211469,48.34809504,-1.65190496,-1.13500080,42.46031746,54.76190476,12.30158730,70.63492063,36.50793651,88.88888889,4.36507937,74.60317460,32.93650794,34.52380952,39.28571429,43.25396825,44.84126984,39.28571429,42.46031746,43.65079365
2023-08-08,768.77000000,772.30000000,763.11000000,767.00000000,-0.66439589,-0.58933539,-0.73895769,-0.43961444,-2.43468085,-3.24641704,1.48724463,1.95608517,776.82150000,-1.26431877,-0.73196019,768.76020000,-0.22896607,-0.69430772,743.93000000,3.10109822,-0.76034327,44.69686963,-5.30313037,-3.65122540,21.03174603,25.79365079,13.49206349,57.53968254,30.15873016,38.88888889,15.07936508,65.47619048,23.80952381,26.98412698,33.73015873,21.03174603,21.82539683,19.04761905,33.73015873,26.58730159
2023-08-09,772.47000000,774.97000000,769.08000000,770.22000000,0.41981747,1.08421336,-0.24736767,-0.51487582,-0.62062114,-0.56517018,1.90521553,2.49968642,776.92550000,-0.86308147,0.40123730,769.18740000,0.13424557,0.36321164,744.43410000,3.46382574,0.36272752,50.40805223,0.40805223,5.71118260,69.44444444,40.47619048,33.33333333,62.30158730,79.76190476,37.30158730,42.46031746,69.04761905,27.77777778,30.15873016,35.31746032,70.63492063,66.66666667,65.07936508,46.03174603,81.34920635
2023-08-10,772.87000000,780.66000000,772.57000000,777.79000000,0.98283607,0.56301860,1.40677966,2.14573736,1.00250627,3.77881109,1.25628141,1.20027067,777.07500000,0.09201171,0.95509318,769.61620000,1.06206184,0.92781627,744.98545000,4.40338130,0.93955556,52.62474012,2.62474012,2.21668789,86.11111111,85.31746032,63.88888889,54.76190476,70.63492063,86.11111111,88.88888889,62.30158730,45.23809524,48.41269841,43.25396825,86.50793651,85.71428571,84.52380952,50.00000000,63.49206349
2023-08-11,773.62000000,773.94000000,763.36000000,765.16000000,-1.62383163,-2.60666770,-0.65695516,-0.40958748,-0.97708066,1.73736153,-1.24419205,-1.68364707,776.38650000,-1.44599372,-1.53800543,769.62100000,-0.57963595,-1.64169779,745.45815000,2.64291832,-1.76046298,46.34397528,-3.65602472,-6.28076484,5.15873016,26.58730159,27.38095238,26.98412698,3.17460317,39.28571429,73.80952381,40.07936508,22.22222222,24.20634921,31.34920635,4.76190476,5.55555556,3.57142857,38.49206349,16.66666667
2023-08-14,764.01000000,766.83000000,761.07000000,766.21000000,0.13722620,1.76105783,-1.48883375,-2.89561341,-0.76671027,1.74212811,-1.63300938,-2.44710133,776.02450000,-1.26471522,0.18127849,769.67840000,-0.45062977,0.12900618,745.92260000,2.71977280,0.07685448,41.51908207,-8.48091793,-4.82489322,55.15873016,10.31746032,30.15873016,23.80952381,89.28571429,6.34920635,73.80952381,36.50793651,24.20634921,25.00000000,31.34920635,60.31746032,57.53968254,53.17460317,26.98412698,22.22222222
2023-08-15,768.56000000,768.56000000,756.70000000,759.28000000,-0.90445178,-1.04167798,-0.76846673,-0.11151157,-1.00651890,1.42816194,-1.83205120,-1.92652268,775.26450000,-2.06181245,-0.79709723,769.61960000,-1.34346890,-0.89283913,746.38280000,1.72796050,-0.99181230,40.22474625,-9.77525375,-1.29433581,14.68253968,25.39682540,27.38095238,23.01587302,16.66666667,46.03174603,70.63492063,39.28571429,16.26984127,19.44444444,27.77777778,17.06349206,15.47619048,13.09523810,23.80952381,42.06349206
2023-08-16,756.77000000,759.46000000,754.04000000,756.85000000,-0.32004004,0.58441174,-1.22159721,0.26723653,-1.73586767,-1.11524654,-2.27636608,-2.99159924,774.35550000,-2.26065418,-0.19884173,769.52440000,-1.64704329,-0.30357439,746.86115000,1.33744405,-0.39051646,24.33299315,-25.66700685,-15.89175311,33.73015873,16.66666667,17.85714286,21.42857143,71.03174603,54.36507937,35.31746032,33.73015873,14.68253968,19.04761905,25.00000000,41.66666667,35.71428571,33.33333333,3.17460317,1.19047619
2023-08-17,755.82000000,757.99000000,737.36000000,737.63000000,-2.53947281,-2.21943278,-2.85138552,-2.08291880,-5.16334743,-6.16585370,-4.82561965,-6.39031058,772.75600000,-4.54554866,-2.28489448,769.05820000,-4.08658278,-2.43953949,747.18990000,-1.27944717,-2.61689121,16.91588785,-33.08411215,-7.41710530,1.19047619,2.77777778,0.39682540,12.69841270,5.15873016,11.90476190,1.58730159,19.04761905,3.57142857,9.52380952,21.82539683,0.79365079,1.19047619,0.79365079,0.39682540,13.09523810
2023-08-18,735.91000000,736.65000000,729.61000000,735.04000000,-0.35112455,2.18834827,-2.88168065,-1.66008344,-3.93643160,-2.95935093,-4.49312648,-5.87096514,770.82050000,-4.64187188,-0.09632322,768.57260000,-4.36297105,-0.27638826,747.48480000,-1.66489004,-0.38544288,16.85288641,-33.14711359,-0.06300144,32.93650794,2.77777778,4.36507937,13.49206349,94.84126984,18.25396825,17.85714286,21.03174603,2.77777778,7.93650794,21.03174603,46.03174603,36.90476190,34.12698413,0.39682540,50.00000000
2023-08-21,735.69000000,740.49000000,732.95000000,733.59000000,-0.19726818,0.15385637,-0.54770007,2.30368546,-4.25731849,-3.49060822,-5.19030695,-7.11082541,768.92250000,-4.59506647,0.04680540,768.03760000,-4.48514500,-0.12217395,747.73295000,-1.89144400,-0.22655396,17.76469145,-32.23530855,0.91180504,39.28571429,30.55555556,4.36507937,11.90476190,59.12698413,88.49206349,12.69841270,17.85714286,3.17460317,7.53968254,21.03174603,53.57142857,44.44444444,38.88888889,1.19047619,56.74603175
2023-08-22,738.22000000,743.84000000,736.83000000,738.21000000,0.62977958,0.82704775,0.43126905,3.31294970,-2.77499737,-1.76847846,-4.32117167,-6.29711668,766.84250000,-3.73381757,0.86124890,767.44760000,-3.80971939,0.67542561,748.03770000,-1.31379742,0.57764658,25.45987737,-24.54012263,7.69518592,76.58730159,61.90476190,10.71428571,14.28571429,74.20634921,94.84126984,28.57142857,19.84126984,7.14285714,11.50793651,21.82539683,83.33333333,78.57142857,74.60317460,5.55555556,89.28571429
2023-08-23,739.85000000,742.99000000,737.36000000,740.73000000,0.34136628,-0.28841330,0.97329571,1.52099578,-2.12988043,-0.39401275,-5.01147715,-7.95669168,765.10600000,-3.18596377,0.54785380,766.83400000,-3.40412658,0.40559281,748.23810000,-1.00343727,0.31036014,29.78782034,-20.21217966,4.32794297,65.47619048,75.79365079,16.26984127,12.30158730,42.85714286,78.57142857,45.23809524,15.47619048,8.73015873,13.09523810,22.22222222,75.79365079,67.85714286,64.28571429,6.34920635,76.19047619
2023-08-24,748.18000000,749.21000000,733.34000000,733.99000000,-0.90991319,-1.25127947,-0.57165305,-1.00292210,-0.49347234,4.66987510,-5.34779357,-7.30687635,762.20250000,-3.70144417,-0.51548040,766.06100000,-4.18648123,-0.78235466,748.39350000,-1.92458914,-0.92115186,24.75221701,-25.24778299,-5.03560333,13.09523810,28.96825397,34.92063492,11.50793651,14.28571429,29.76190476,92.46031746,17.06349206,7.14285714,9.92063492,19.84126984,27.38095238,16.26984127,13.09523810,4.76190476,19.44444444
2023-08-25,732.00000000,739.16000000,731.96000000,733.37000000,-0.08446982,0.82544338,-0.99361441,-1.96691012,-0.22719852,3.70923308,-7.40979219,-10.57350007,759.15750000,-3.39685770,0.30458647,765.27400000,-4.16896432,0.01751691,748.52700000,-2.02491026,-0.10032112,24.73931178,-25.26068822,-0.01290522,42.06349206,20.23809524,40.07936508,3.57142857,73.41269841,13.88888889,87.69841270,9.52380952,7.53968254,10.31746032,19.44444444,64.28571429,50.00000000,42.06349206,4.36507937,49.60317460
2023-08-28,739.34000000,743.23000000,737.51000000,741.76000000,1.14403371,1.22850352,1.05859753,1.63025058,1.11370111,5.37101960,-6.61110202,-9.90524721,756.64550000,-1.96730173,1.42955597,764.72960000,-3.00362376,1.16534055,748.65365000,-0.92080630,1.10410395,34.22105526,-15.77894474,9.48174348,88.49206349,77.38095238,66.66666667,7.14285714,81.74603175,80.15873016,94.04761905,9.92063492,18.65079365,15.47619048,22.22222222,92.06349206,88.88888889,87.69841270,11.11111111,94.44444444
2023-08-29,743.74000000,746.64000000,741.97000000,745.89000000,0.55678387,-0.58724984,1.70718737,2.70080178,1.04035437,3.81535174,-5.82196970,-8.15548392,754.63300000,-1.15857642,0.80872531,764.38560000,-2.41966882,0.58395495,748.83755000,-0.39361675,0.52718956,34.96105823,-15.03894177,0.74000296,73.80952381,89.68253968,64.28571429,9.92063492,31.34920635,93.65079365,88.09523810,14.28571429,26.58730159,18.25396825,22.22222222,81.34920635,74.60317460,73.80952381,12.30158730,54.76190476
2023-08-30,746.04000000,748.20000000,742.33000000,745.43000000,-0.06167129,-0.61845516,0.49476920,-0.56382833,0.63450920,2.76438963,-5.17846694,-6.42775858,753.15300000,-1.02542246,0.13315396,764.11100000,-2.44480187,-0.02513305,749.02280000,-0.47966497,-0.08604823,28.06993765,-21.93006235,-6.89112057,42.46031746,62.30158730,55.95238095,11.90476190,29.76190476,34.92063492,80.15873016,18.65079365,27.38095238,17.46031746,21.82539683,57.14285714,46.82539683,41.66666667,5.15873016,13.49206349
2023-08-31,746.65000000,749.98000000,743.62000000,743.62000000,-0.24281287,-0.18114158,-0.30433442,-2.01152179,1.31200698,1.80547931,-4.05274635,-3.57889181,751.83050000,-1.09206796,-0.06664550,763.80000000,-2.64205289,-0.19725103,749.17815000,-0.74189964,-0.26223467,32.89390089,-17.10609911,4.82396324,36.11111111,36.50793651,71.42857143,15.07936508,45.63492063,13.09523810,71.82539683,31.34920635,26.98412698,17.06349206,21.42857143,44.84126984,38.49206349,35.31746032,7.53968254,76.98412698
2023-09-01,744.54000000,749.89000000,743.88000000,746.05000000,0.32677981,0.56959268,0.08317347,-0.41159573,1.72900446,1.95620298,-3.11919696,-3.14257692,750.49750000,-0.59260690,0.49946106,763.58900000,-2.29691627,0.34513662,749.35650000,-0.44124526,0.30065439,34.33322972,-15.66677028,1.43932883,64.28571429,45.63492063,79.36507937,19.44444444,70.23809524,38.88888889,73.01587302,32.14285714,33.73015873,18.65079365,21.82539683,74.20634921,64.68253968,63.49206349,10.71428571,57.53968254
2023-09-04,750.48000000,754.76000000,746.82000000,747.43000000,0.18497420,-0.14180561,0.51235846,0.81669288,0.76439819,-0.34930293,-3.27160254,-5.84281873,749.26250000,-0.24457383,0.34803307,763.38760000,-2.09036668,0.20654960,749.51200000,-0.27778074,0.16346451,39.92175540,-10.07824460,5.58852568,57.93650794,63.49206349,57.53968254,18.25396825,46.82539683,66.66666667,43.65079365,20.23809524,37.69841270,19.04761905,22.61904762,67.46031746,58.33333333,56.34920635,23.01587302,79.76190476
2023-09-05,744.25000000,748.77000000,740.63000000,747.11000000,-0.04281337,-0.22778757,0.14208163,0.05890816,0.16356299,-0.87679138,-3.24038698,-5.71012899,748.26800000,-0.15475739,0.08981644,763.11860000,-2.09778664,-0.00741996,749.64030000,-0.33753522,-0.05975447,41.40790402,-8.59209598,1.48614862,42.85714286,48.01587302,48.41269841,18.25396825,44.44444444,50.79365079,36.50793651,20.63492063,39.28571429,19.04761905,21.82539683,55.15873016,48.01587302,44.04761905,27.38095238,58.33333333
2023-09-06,743.50000000,748.60000000,741.10000000,745.43000000,-0.22486649,-0.18205311,-0.26758359,-0.77994205,0.00000000,-0.63450920,-2.81225554,-4.29950017,747.02850000,-0.21398113,-0.05922374,762.67180000,-2.26071031,-0.16292367,749.75375000,-0.57668935,-0.23915413,59.96423097,9.96423097,18.55632694,36.11111111,38.49206349,43.65079365,21.03174603,45.63492063,32.14285714,39.68253968,25.39682540,38.09523810,19.04761905,20.23809524,44.84126984,39.68253968,36.11111111,64.28571429,99.60317460
2023-09-07,741.90000000,744.35000000,737.93000000,739.71000000,-0.76734234,-0.54247585,-0.99048333,-1.13256496,-0.52580619,-1.83781317,-3.96120589,-5.86642142,745.12450000,-0.72665709,-0.51267596,762.08720000,-2.93630440,-0.67559409,749.83765000,-1.35064570,-0.77395636,55.52401230,5.52401230,-4.44021866,16.26984127,20.23809524,32.53968254,14.28571429,31.74603175,28.17460317,25.79365079,19.04761905,30.55555556,14.68253968,17.85714286,26.58730159,21.42857143,16.26984127,55.95238095,23.80952381
2023-09-08,741.98000000,742.17000000,732.75000000,739.09000000,-0.08381663,0.68352571,-0.85051581,-0.58293222,-0.93291334,-2.66191780,-4.97563610,-6.23191750,743.82100000,-0.63604012,0.09061697,761.39020000,-2.92887931,0.00742510,749.93055000,-1.44554052,-0.09489482,56.63610039,6.63610039,1.11208808,41.66666667,22.61904762,26.19047619,10.31746032,73.41269841,33.73015873,19.84126984,17.85714286,30.95238095,15.07936508,17.06349206,55.55555556,50.00000000,41.66666667,57.93650794,56.34920635
2023-09-11,741.42000000,744.85000000,738.48000000,738.89000000,-0.02706030,0.05675633,-0.11085425,0.87962908,-1.14258191,-1.90698010,-3.43326886,-2.18907681,742.45500000,-0.48016378,0.15587634,760.63920000,-2.85933199,0.06954731,750.03630000,-1.48610141,-0.04056088,50.91842247,0.91842247,-5.71767791,43.25396825,42.06349206,22.61904762,16.26984127,55.55555556,68.65079365,25.39682540,36.90476190,34.52380952,15.07936508,16.66666667,59.12698413,53.17460317,45.23809524,46.03174603,18.65079365
2023-09-12,741.34000000,741.68000000,734.62000000,736.69000000,-0.29774391,-0.27068361,-0.32472365,0.52579216,-1.39470761,-1.55827060,-3.85272967,-2.21972028,741.32550000,-0.62529887,-0.14513509,759.79860000,-3.04141124,-0.18207924,750.09925000,-1.78766343,-0.30156203,44.49591281,-5.50408719,-6.42250967,32.14285714,34.92063492,20.23809524,14.28571429,42.85714286,61.50793651,30.95238095,36.50793651,30.95238095,13.09523810,15.87301587,42.06349206,37.69841270,32.93650794,32.14285714,15.47619048
2023-09-13,733.66000000,736.29000000,731.15000000,734.93000000,-0.23890646,0.05883745,-0.53593904,-0.42508479,-1.40858297,-1.40858297,-3.20698557,-1.37493437,740.22950000,-0.71592661,-0.09062774,759.09940000,-3.18395720,-0.14254596,750.11520000,-2.02438239,-0.23671896,51.48171501,1.48171501,6.98580220,35.31746032,28.96825397,19.44444444,17.85714286,55.95238095,38.88888889,32.14285714,45.23809524,29.36507937,12.30158730,14.68253968,43.25396825,41.66666667,36.11111111,46.42857143,86.50793651
2023-09-14,737.26000000,745.79000000,734.64000000,744.46000000,1.29672214,1.53562860,1.05471772,1.37944137,0.64214354,1.16794973,-1.63704829,0.63931779,740.57100000,0.52513533,1.24106195,758.92180000,-1.90557183,1.27838537,750.18230000,-0.76278793,1.26159446,63.64755107,13.64755107,12.16583606,91.66666667,77.77777778,56.74603175,25.39682540,86.90476190,76.58730159,68.25396825,58.33333333,53.17460317,20.23809524,19.44444444,90.87301587,92.85714286,90.87301587,73.01587302,96.42857143
2023-09-15,748.45000000,749.27000000,741.10000000,741.51000000,-0.39626038,-1.69298251,0.89532336,1.43126241,0.32742968,1.26034302,0.52600897,5.35162863,740.89450000,0.08307526,-0.44206008,758.68160000,-2.26334736,-0.35777554,750.25440000,-1.16552465,-0.40273673,49.64478545,-0.35521455,-14.00276562,27.38095238,73.41269841,51.58730159,47.22222222,9.92063492,78.57142857,69.44444444,80.95238095,44.44444444,17.85714286,18.25396825,28.17460317,30.55555556,28.57142857,43.65079365,2.38095238
2023-09-18,740.68000000,741.04000000,734.65000000,735.85000000,-0.76330731,-0.36704693,-1.15654300,-2.21126072,-0.41142795,0.73115396,0.11019808,4.60332456,741.00750000,-0.69601185,-0.77908710,758.28340000,-2.95844535,-0.69509799,750.31525000,-1.92788964,-0.76236499,36.32897603,-13.67102397,-13.31580942,16.26984127,15.87301587,33.73015873,43.65079365,36.90476190,9.92063492,61.90476190,77.77777778,28.57142857,12.69841270,13.88888889,14.68253968,18.65079365,16.26984127,13.88888889,2.77777778
2023-09-19,734.59000000,739.45000000,732.96000000,734.93000000,-0.12502548,0.63828182,-0.88737846,-1.78270182,-0.23890646,1.15580115,0.18266334,5.37297029,740.84350000,-0.79821177,-0.10219992,757.86560000,-3.02634135,-0.06789599,750.39820000,-2.06133224,-0.13344259,35.87950511,-14.12049489,-0.44947092,38.49206349,19.84126984,37.69841270,44.04761905,72.61904762,17.06349206,67.46031746,80.95238095,26.19047619,11.90476190,12.69841270,42.46031746,44.44444444,40.07936508,12.30158730,46.42857143
2023-09-20,735.50000000,740.74000000,734.53000000,738.32000000,0.46126842,0.58629390,0.33566624,1.49220923,0.46126842,1.86985139,0.01490091,4.33607258,740.72300000,-0.32441277,0.47379900,757.26920000,-2.50230697,0.52403437,750.49065000,-1.62169242,0.43963981,43.16305470,-6.83694530,7.28354959,71.03174603,58.33333333,52.77777778,41.26984127,72.22222222,79.76190476,73.80952381,76.58730159,35.71428571,15.87301587,15.47619048,73.80952381,73.41269841,70.63492063,27.77777778,87.30158730
2023-09-21,733.12000000,734.43000000,728.82000000,731.72000000,-0.89392133,-1.35518976,-0.43677629,0.45060217,-1.71130752,-2.35345107,-1.21636764,3.79510952,740.60950000,-1.20029516,-0.87588239,756.40760000,-3.26379587,-0.76148890,750.52840000,-2.50602109,-0.88432867,33.31003960,-16.68996040,-9.85301510,12.30158730,31.34920635,13.88888889,27.77777778,11.50793651,59.12698413,22.22222222,74.60317460,19.84126984,9.92063492,11.50793651,13.09523810,15.47619048,11.90476190,7.93650794,7.53968254
2023-09-22,728.73000000,732.23000000,726.66000000,730.09000000,-0.22276281,0.67115853,-1.11469282,-1.45035905,-1.54010061,-1.86753028,-0.53134239,4.81645118,740.44550000,-1.39854993,-0.19825476,755.43080000,-3.35448330,-0.09068743,750.57540000,-2.72929275,-0.22327166,29.92125984,-20.07874016,-3.38877976,35.71428571,15.87301587,15.87301587,34.92063492,73.80952381,21.03174603,24.60317460,77.77777778,17.06349206,9.12698413,10.71428571,39.28571429,44.04761905,37.30158730,4.76190476,28.17460317
2023-09-25,728.39000000,730.57000000,721.25000000,726.64000000,-0.47254448,-0.24978168,-0.69425463,-0.25747834,-1.25161378,-0.84018583,-0.91768139,6.49211080,739.68950000,-1.76418619,-0.36563626,754.49460000,-3.69182231,-0.33733902,750.54385000,-3.18487054,-0.45557779,27.89894191,-22.10105809,-2.02231793,24.60317460,25.39682540,19.04761905,30.95238095,43.25396825,43.25396825,37.30158730,82.93650794,14.68253968,7.93650794,9.92063492,31.74603175,30.95238095,26.98412698,3.17460317,36.90476190
2023-09-26,720.80000000,724.14000000,718.90000000,721.43000000,-0.71699879,-0.24445431,-1.18615513,-0.07146232,-1.83690964,-1.59800318,-2.74077869,3.87032333,738.46650000,-2.30701054,-0.54282435,753.43360000,-4.24770013,-0.55587782,750.49665000,-3.87298864,-0.68811810,25.92295345,-24.07704655,-1.97598846,17.06349206,14.28571429,12.30158730,17.85714286,43.65079365,47.22222222,29.36507937,74.20634921,8.73015873,5.15873016,8.73015873,23.01587302,24.20634921,19.44444444,2.77777778,37.30158730
2023-09-27,723.81000000,726.27000000,719.66000000,721.74000000,0.04297021,0.75996900,-0.67433667,0.01991796,-2.24563875,-2.70690717,-3.23774283,2.58422687,737.28200000,-2.10801294,0.19899760,752.36780000,-4.07085471,0.17684542,750.56735000,-3.84074127,0.03224737,29.77717758,-20.22282242,3.85422413,50.39682540,26.19047619,10.31746032,13.88888889,75.39682540,48.80952381,18.25396825,67.06349206,10.71428571,6.74603175,8.73015873,62.30158730,59.52380952,51.58730159,3.96825397,72.22222222
2023-09-28,720.65000000,726.02000000,715.62000000,725.99000000,0.58885471,0.54588450,0.63207796,1.81823309,-0.78308643,0.92822110,-2.60789075,2.57057619,736.40050000,-1.41370083,0.69431211,751.49520000,-3.39392720,0.67692751,750.69730000,-3.29124668,0.54949459,36.37120266,-13.62879734,6.59402508,76.98412698,67.46031746,26.98412698,18.65079365,69.04761905,84.92063492,66.26984127,66.66666667,17.06349206,9.12698413,9.12698413,81.34920635,80.55555556,75.79365079,13.88888889,85.71428571
2023-09-29,729.81000000,736.20000000,728.79000000,728.79000000,0.38568024,-0.20317447,0.97680605,1.65114272,-0.17806024,1.36204037,-1.99429816,2.05844818,735.53750000,-0.91735636,0.49634448,750.59600000,-2.90515803,0.48876917,750.83770000,-2.93641356,0.35483313,40.03158310,-9.96841690,3.66038044,67.85714286,77.38095238,40.87301587,20.63492063,44.04761905,83.33333333,70.63492063,63.49206349,24.20634921,13.49206349,10.31746032,76.19047619,73.01587302,66.66666667,21.82539683,71.42857143
2023-10-02,730.65000000,731.91000000,721.29000000,724.18000000,-0.63255533,-1.01823557,-0.24931473,-0.88139269,-0.33854453,0.91306925,-2.93143891,0.18775804,734.37500000,-1.38825532,-0.47089896,749.64860000,-3.39740513,-0.49224710,750.97235000,-3.56768794,-0.63127439,38.21368005,-11.78631995,-1.81790306,20.23809524,39.68253968,36.11111111,17.06349206,16.66666667,30.55555556,65.87301587,52.77777778,17.85714286,8.33333333,8.33333333,27.77777778,26.58730159,20.23809524,18.25396825,39.28571429
2023-10-03,721.57000000,726.18000000,719.17000000,719.67000000,-0.62277334,0.00978199,-1.25138929,-2.22819534,-0.24395991,1.59294972,-3.71406018,-0.44245764,733.00300000,-1.81895572,-0.43070040,748.44580000,-3.84474066,-0.44733553,751.02280000,-4.17468018,-0.60699224,36.33106413,-13.66893587,-1.88261591,20.23809524,11.50793651,38.88888889,9.92063492,53.96825397,8.73015873,73.41269841,48.01587302,13.49206349,6.34920635,5.55555556,28.57142857,27.38095238,21.82539683,13.88888889,38.49206349
2023-10-04,715.56000000,725.40000000,715.32000000,720.86000000,0.16535356,0.78812691,-0.45844956,-0.20913483,-0.12192756,2.12371118,-3.51353884,-0.27315185,731.77450000,-1.49151139,0.32744433,747.35380000,-3.54501442,0.29972624,751.12510000,-4.02930218,0.14537801,25.14743050,-24.85256950,-11.18363364,57.93650794,31.74603175,42.46031746,10.71428571,76.58730159,44.04761905,79.36507937,48.41269841,15.87301587,7.53968254,5.95238095,68.25396825,64.28571429,57.53968254,2.38095238,5.55555556
2023-10-05,722.81000000,726.06000000,720.95000000,721.75000000,0.12346364,-0.04188992,0.28902136,1.54041065,-0.58403008,0.19905634,-3.17668996,-0.36443442,730.87650000,-1.24870618,0.24280521,745.94760000,-3.24387397,0.30114046,751.22855000,-3.92404549,0.10525669,28.24746808,-21.75253192,3.10003758,54.36507937,57.14285714,31.34920635,14.68253968,51.98412698,81.34920635,53.57142857,48.01587302,20.23809524,9.52380952,6.34920635,63.49206349,64.28571429,56.74603175,4.36507937,68.25396825
2023-10-06,721.60000000,726.89000000,718.76000000,726.70000000,0.68583304,0.56236940,0.81014344,1.26859300,-0.28677671,-0.10871647,-1.75879737,2.20240852,730.25700000,-0.48708879,0.76161738,744.59620000,-2.40347721,0.84039675,751.35675000,-3.28163020,0.64241529,39.76738985,-10.23261015,11.51992177,78.96825397,70.63492063,36.90476190,22.61904762,70.23809524,75.00000000,49.60317460,65.47619048,33.73015873,17.06349206,8.73015873,82.14285714,84.92063492,78.17460317,21.42857143,96.03174603
2023-10-09,726.86000000,730.90000000,724.16000000,726.00000000,-0.09632586,-0.78215890,0.58884655,0.29982520,0.25131873,0.58986327,-1.77109689,3.20453921,729.61250000,-0.49512584,-0.00803705,743.27620000,-2.32433112,0.07914610,751.51255000,-3.39482687,-0.11319668,39.96403686,-10.03596314,0.19664702,39.28571429,65.47619048,51.98412698,22.22222222,23.80952381,56.34920635,58.73015873,71.82539683,33.33333333,17.06349206,7.93650794,48.01587302,53.57142857,40.07936508,22.61904762,51.19047619
2023-10-10,731.51000000,739.97000000,731.38000000,738.89000000,1.77548209,1.87180795,1.67744599,0.86730255,2.67066850,2.91462841,0.00000000,3.43326886,729.72250000,1.25629948,1.75142532,742.33120000,-0.46356667,1.86076445,751.70195000,-1.70439228,1.69043459,50.52787553,0.52787553,10.56383867,98.80952381,91.26984127,90.47619048,40.87301587,92.85714286,69.44444444,85.31746032,73.01587302,67.06349206,27.77777778,14.68253968,97.61904762,98.80952381,96.82539683,44.44444444,95.63492063
2023-10-11,736.74000000,741.80000000,736.68000000,737.78000000,-0.15022534,-1.92570743,1.62258953,1.03374298,2.34719640,2.46912397,0.14795911,4.00068878,729.86500000,1.08444712,-0.17185236,741.58620000,-0.51325119,-0.04968452,751.94580000,-1.88388578,-0.17949350,56.24742268,6.24742268,5.71954715,36.50793651,90.07936508,87.30158730,43.65079365,6.74603175,73.41269841,80.55555556,75.79365079,61.90476190,27.38095238,13.88888889,39.68253968,44.04761905,37.30158730,56.74603175,81.34920635
2023-10-12,742.19000000,744.93000000,740.17000000,741.52000000,0.50692618,0.65715152,0.35593931,-1.32150667,2.73917561,3.32320570,0.89668404,4.10366960,729.71800000,1.61733711,0.53288998,741.01520000,0.06812276,0.58137395,752.14760000,-1.41296735,0.47091843,61.29223474,11.29223474,5.04481206,73.01587302,58.73015873,90.47619048,51.58730159,74.20634921,21.82539683,88.49206349,76.58730159,71.82539683,33.33333333,16.26984127,77.38095238,75.39682540,72.61904762,67.06349206,76.19047619
2023-10-13,738.82000000,743.00000000,733.08000000,733.90000000,-1.02761894,-1.53454513,-0.52590203,-2.14849156,0.99078024,1.27755695,-1.41847782,0.21857047,729.33750000,0.62556772,-0.99176938,740.23900000,-0.85634505,-0.92446780,752.27895000,-2.44310305,-1.03013571,56.62650602,6.62650602,-4.66572871,7.93650794,29.36507937,64.68253968,23.80952381,9.92063492,9.52380952,69.44444444,52.77777778,52.77777778,23.01587302,10.31746032,10.71428571,10.71428571,8.73015873,56.74603175,23.41269841
2023-10-16,736.81000000,737.56000000,731.50000000,735.39000000,0.20302494,1.23064388,-0.82668033,-1.18261965,1.29338843,1.04206970,-0.82534288,-1.35135186,729.31450000,0.83304254,0.20747481,739.50420000,-0.55634572,0.29999932,752.36835000,-2.25665394,0.18644912,63.67019193,13.67019193,7.04368591,59.92063492,21.42857143,71.82539683,30.95238095,84.92063492,25.00000000,65.87301587,42.06349206,58.33333333,26.58730159,10.71428571,62.30158730,64.68253968,59.12698413,73.01587302,86.90476190
2023-10-17,733.45000000,738.43000000,730.50000000,736.77000000,0.18765553,-0.01536941,0.39106145,0.91696348,-0.28691686,-2.95758536,0.12502548,0.01482740,729.40650000,1.00951938,0.17647685,738.89960000,-0.28821236,0.26813336,752.48060000,-2.08784120,0.16881274,64.41588337,14.41588337,0.74569144,59.52380952,61.11111111,36.11111111,42.46031746,53.17460317,71.42857143,14.68253968,51.58730159,60.71428571,28.96825397,10.71428571,60.31746032,62.69841270,58.73015873,74.20634921,54.36507937
2023-10-18,732.64000000,737.78000000,728.20000000,729.57000000,-0.97723849,-1.16489402,-0.79141680,0.03526353,-1.11279785,-3.45999426,-0.72932116,-0.91198450,728.96900000,0.08244521,-0.92707418,738.08660000,-1.15387544,-0.86566308,752.50715000,-3.04809728,-0.96025608,53.24981845,3.24981845,-11.16606492,9.12698413,22.22222222,21.03174603,31.74603175,14.68253968,50.00000000,9.92063492,43.65079365,44.04761905,20.23809524,7.53968254,12.30158730,11.90476190,10.31746032,49.60317460,5.55555556
2023-10-19,728.34000000,730.85000000,725.12000000,727.61000000,-0.26865140,0.70858709,-1.24326452,-1.63432597,-1.87587658,-4.61505219,-1.45059053,-1.46549144,728.76350000,-0.15828180,-0.24072701,737.08300000,-1.28520126,-0.13132582,752.46430000,-3.30305371,-0.25495643,48.91224189,-1.08775811,-4.33757656,33.73015873,11.11111111,10.71428571,23.41269841,75.39682540,17.46031746,5.55555556,40.47619048,38.88888889,20.23809524,5.15873016,36.11111111,41.66666667,34.92063492,42.06349206,25.00000000
2023-10-20,721.92000000,724.56000000,716.24000000,716.24000000,-1.56265032,-1.29399892,-1.82710364,-1.03568684,-2.40632239,-3.39710263,-2.11556333,-0.89919569,728.07100000,-1.62497888,-1.46669708,736.10460000,-2.69861104,-1.41340978,752.38035000,-4.80346809,-1.50041437,43.49180328,-6.50819672,-5.42043861,3.96825397,4.36507937,7.93650794,17.85714286,13.09523810,28.96825397,10.71428571,44.44444444,13.88888889,11.90476190,0.00000000,5.15873016,5.95238095,5.15873016,29.36507937,19.44444444
2023-10-23,716.45000000,719.75000000,711.69000000,719.18000000,0.41047694,1.97312726,-1.15858770,0.08467681,-2.20427256,-3.49766099,-1.49433631,-0.96299393,727.69800000,-1.17054053,0.45443836,735.16400000,-2.17420875,0.52440229,752.28210000,-4.40022433,0.40324376,49.58775029,-0.41224971,6.09594702,70.23809524,14.28571429,9.52380952,23.80952381,93.65079365,51.98412698,9.92063492,44.04761905,20.63492063,16.66666667,0.79365079,74.20634921,75.39682540,69.84126984,43.25396825,82.53968254
2023-10-24,718.93000000,723.53000000,715.77000000,721.73000000,0.35457048,-0.05590645,0.76650285,2.59360648,-2.04134262,-1.75442576,-0.67571287,0.24196852,727.71300000,-0.82216478,0.34837574,734.41300000,-1.72695745,0.44725130,752.18125000,-4.04839259,0.35183174,50.71557822,0.71557822,1.12782793,67.46031746,70.63492063,11.11111111,33.73015873,51.19047619,94.84126984,28.57142857,55.55555556,26.19047619,18.65079365,1.58730159,70.23809524,71.42857143,67.06349206,45.63492063,57.93650794
2023-10-25,721.96000000,724.26000000,718.95000000,722.24000000,0.07066354,-0.28390694,0.42548458,1.58407228,-1.00470140,0.10809645,0.11227701,2.85305569,727.73800000,-0.75549167,0.06667311,733.72080000,-1.56473689,0.16222056,752.05225000,-3.96411951,0.08427308,50.40556199,0.40556199,-0.31001623,51.98412698,61.90476190,24.60317460,44.44444444,40.47619048,82.53968254,53.17460317,73.41269841,27.77777778,20.63492063,2.77777778,52.77777778,59.12698413,55.55555556,44.44444444,48.41269841
2023-10-26,715.18000000,722.16000000,713.78000000,719.30000000,-0.40706690,-0.47773045,-0.33669101,-1.10319385,-1.14209535,0.73378122,-0.33807188,2.89967095,727.40350000,-1.11403093,-0.35853926,733.35420000,-1.91642729,-0.35169040,751.90700000,-4.33657354,-0.37245402,43.66438356,-6.33561644,-6.74117843,26.98412698,36.50793651,21.82539683,38.09523810,32.93650794,28.17460317,62.69841270,73.80952381,21.82539683,18.25396825,1.19047619,32.14285714,30.95238095,31.74603175,30.15873016,15.47619048
2023-10-27,719.28000000,723.43000000,713.28000000,714.25000000,-0.70207146,-0.29500456,-1.10628046,-1.53176504,-0.27783983,2.12848256,-1.61710216,0.99078858,726.67650000,-1.71004567,-0.59601473,732.93840000,-2.54979136,-0.63336407,751.73420000,-4.98636353,-0.64978999,40.63745020,-9.36254980,-3.02693336,16.66666667,15.87301587,40.07936508,23.01587302,39.68253968,19.04761905,80.15873016,61.50793651,13.49206349,13.09523810,0.00000000,21.82539683,21.03174603,20.23809524,24.20634921,31.74603175
2023-10-30,717.40000000,719.71000000,712.77000000,714.05000000,-0.02800140,0.67407006,-0.72987627,-0.39318526,-0.71331238,1.49096018,-2.02253050,-0.02823233,726.17000000,-1.66903067,0.04101500,732.54760000,-2.52510554,0.02468582,751.55885000,-4.99080677,-0.00444324,25.18977227,-24.81022773,-15.44767793,44.04761905,25.79365079,29.76190476,18.65079365,74.20634921,40.47619048,72.61904762,51.98412698,13.88888889,13.49206349,0.00000000,50.79365079,51.58730159,49.20634921,2.77777778,1.19047619
2023-10-31,713.84000000,721.50000000,713.74000000,718.60000000,0.63721028,0.66521168,0.60903045,1.71531091,-0.43368019,1.60766243,-0.77052666,2.16091225,726.11650000,-1.03516447,0.63386620,732.15540000,-1.85143755,0.67366799,751.47345000,-4.37453246,0.61627431,32.07476636,-17.92523364,6.88499408,79.36507937,67.85714286,35.31746032,33.33333333,73.80952381,84.12698413,73.80952381,67.85714286,23.80952381,19.84126984,1.58730159,80.95238095,80.95238095,78.57142857,7.53968254,87.30158730
2023-11-01,720.44000000,725.29000000,716.49000000,722.23000000,0.50514890,-0.13206138,1.14557804,1.87545431,-0.00138458,1.00331682,0.35571859,4.06977877,726.18500000,-0.54462706,0.49053741,731.78540000,-1.30576532,0.54567223,751.39140000,-3.88098666,0.49354580,31.93481925,-18.06518075,-0.13994710,74.20634921,82.53968254,48.41269841,48.80952381,47.61904762,85.71428571,65.47619048,79.76190476,34.92063492,23.41269841,4.36507937,76.58730159,76.58730159,75.39682540,7.53968254,49.20634921
2023-11-02,728.45000000,738.36000000,728.18000000,736.03000000,1.91074865,1.40559975,2.42554968,1.81651923,2.32587238,3.46796773,2.10443082,5.61796966,726.89900000,1.25615801,1.80078507,731.82620000,0.57442600,1.88019133,751.33220000,-2.03667565,1.84431101,51.78781266,1.78781266,19.85299340,99.20634921,97.22222222,88.49206349,71.42857143,87.69841270,84.52380952,89.68253968,85.71428571,71.03174603,45.23809524,11.50793651,98.80952381,99.20634921,99.20634921,49.20634921,99.60317460
2023-11-03,739.07000000,739.55000000,735.07000000,736.31000000,0.03804193,-1.87270673,1.94951747,0.80393943,3.08855443,3.36639426,2.01731902,5.19400898,727.37950000,1.22776350,-0.02839451,731.88500000,0.60460318,0.03017718,751.28175000,-1.99282759,0.04384806,50.78821110,0.78821110,-0.99960155,48.80952381,95.23809524,94.04761905,71.03174603,6.34920635,67.46031746,89.28571429,84.52380952,69.44444444,45.63492063,12.30158730,46.82539683,52.38095238,52.38095238,48.41269841,44.84126984
2023-11-06,738.30000000,739.17000000,734.97000000,735.34000000,-0.13173799,-0.16977992,-0.09374618,-2.51929586,2.98158392,3.69489631,1.18893629,2.94773365,727.84650000,1.02954400,-0.19821949,731.75660000,0.48969835,-0.11490483,751.25175000,-2.11803167,-0.12520408,48.76617774,-1.23382226,-2.02203336,38.49206349,44.84126984,93.65079365,58.33333333,46.42857143,7.14285714,91.66666667,74.60317460,65.47619048,42.06349206,10.31746032,38.88888889,42.46031746,40.47619048,44.44444444,37.30158730
2023-11-07,733.85000000,737.22000000,733.11000000,735.74000000,0.05439661,0.18613460,-0.07741305,-2.02693051,2.38519343,2.81887362,1.34159780,3.11269469,727.68900000,1.10637924,0.07683523,731.55360000,0.57226155,0.08256320,751.19440000,-2.05731033,0.06072134,56.03128055,6.03128055,7.26510281,51.98412698,45.63492063,89.28571429,61.11111111,61.11111111,11.90476190,84.52380952,75.39682540,67.85714286,45.63492063,11.50793651,54.76190476,55.95238095,54.36507937,59.52380952,88.88888889
2023-11-08,730.73000000,737.29000000,729.94000000,734.64000000,-0.14950934,-0.20390594,-0.09519406,-0.00144788,1.71828919,1.71967377,-0.57518710,-0.57518710,727.53200000,0.97700170,-0.12937754,731.33780000,0.45152869,-0.12073286,751.11425000,-2.19330814,-0.13599781,56.98946113,6.98946113,0.95818058,37.69841270,44.84126984,82.53968254,36.50793651,44.04761905,48.41269841,74.20634921,47.61904762,64.28571429,40.87301587,10.31746032,42.46031746,42.46031746,39.68253968,61.90476190,57.53968254
2023-11-09,732.79000000,749.83000000,730.10000000,749.16000000,1.97647828,2.12598761,1.82401392,1.90142696,1.78389468,-0.54197770,1.54246523,1.39450612,727.91400000,2.91875139,1.94174969,731.44860000,2.42141416,1.96988547,751.13590000,-0.26305493,1.93025321,80.80089820,30.80089820,23.81143708,99.60317460,95.23809524,84.92063492,65.47619048,95.63492063,86.11111111,40.07936508,63.49206349,92.06349206,75.39682540,24.20634921,99.60317460,99.60317460,99.60317460,99.60317460,100.00000000
2023-11-10,745.68000000,748.26000000,742.45000000,746.31000000,-0.38042608,-2.35690435,1.58853316,1.68372722,1.35812362,-1.73043081,0.64597044,-0.25071360,728.53450000,2.43989818,-0.47885321,731.45380000,2.03105104,-0.39036313,751.14150000,-0.64322102,-0.38016609,75.42642924,25.42642924,-5.37446896,28.17460317,91.66666667,76.98412698,52.77777778,2.38095238,82.93650794,27.77777778,51.19047619,87.30158730,71.03174603,21.42857143,26.58730159,27.77777778,30.55555556,92.46031746,19.44444444
2023-11-13,750.22000000,753.82000000,748.91000000,753.41000000,0.95134730,1.33177337,0.56730204,-1.25671187,2.45736666,-0.52421726,2.65840033,4.07687815,729.43550000,3.28671966,0.84682148,731.57340000,2.98488163,0.95383059,751.17015000,0.29818144,0.94140246,77.35751295,27.35751295,1.93108371,88.09523810,67.46031746,90.87301587,79.76190476,86.11111111,23.01587302,40.47619048,82.53968254,94.44444444,80.95238095,25.00000000,85.31746032,90.07936508,87.69841270,96.82539683,62.69841270
2023-11-14,754.20000000,761.01000000,751.55000000,758.15000000,0.62913951,-0.32220778,1.58647211,-0.00206105,3.04591296,0.66071953,3.09495642,3.92029930,730.50450000,3.78443938,0.49771972,731.79420000,3.60153169,0.61665006,751.16785000,0.92950597,0.63132452,78.89908257,28.89908257,1.54156962,78.57142857,91.26984127,95.23809524,82.14285714,38.49206349,47.61904762,59.52380952,81.34920635,96.42857143,85.71428571,26.19047619,76.98412698,78.96825397,79.76190476,97.61904762,59.92063492
2023-11-15,759.87000000,764.35000000,759.87000000,762.82000000,0.61597309,-0.01316642,1.24898793,0.68168589,3.83589241,2.11760322,3.53570314,3.41067766,732.16700000,4.18661316,0.40217378,732.14200000,4.19017076,0.58863907,751.16265000,1.55190757,0.62240160,84.07453805,34.07453805,5.17545548,78.17460317,85.31746032,98.80952381,85.71428571,54.76190476,64.68253968,79.76190476,78.57142857,98.01587302,88.49206349,29.76190476,71.82539683,77.77777778,78.96825397,100.00000000,76.98412698
2023-11-16,758.67000000,760.82000000,753.85000000,753.91000000,-1.16803440,-1.78400749,-0.55925608,-2.14572819,0.63404346,-1.14985122,3.33621174,4.06553290,733.48200000,2.78507175,-1.40154141,732.42600000,2.93326561,-1.25690515,751.17020000,0.36473758,-1.18716999,79.28233904,29.28233904,-4.79219901,6.74603175,29.76190476,60.71428571,84.52380952,8.33333333,9.52380952,32.14285714,82.53968254,91.26984127,80.95238095,25.39682540,5.15873016,7.14285714,7.53968254,97.61904762,22.61904762
2023-11-17,752.81000000,759.30000000,752.81000000,758.59000000,0.62076375,1.78879815,-0.55452138,-1.80350932,1.64542884,0.28730523,4.25777546,5.70836599,735.59950000,3.12540995,0.34033820,732.81600000,3.51711753,0.58385192,751.19770000,0.98406851,0.61933093,80.84487535,30.84487535,1.56253630,78.96825397,30.15873016,80.55555556,88.09523810,92.06349206,15.47619048,54.76190476,89.68253968,94.44444444,85.31746032,26.98412698,69.04761905,77.77777778,79.36507937,99.60317460,60.71428571
2023-11-20,757.89000000,760.06000000,757.54000000,759.47000000,0.11600469,-0.50475906,0.73748856,1.29674464,0.80434292,-1.65302374,6.03568636,8.15124969,737.61400000,2.96306740,-0.16234255,733.22760000,3.57902512,0.06190759,751.25305000,1.09376594,0.10969743,79.81905735,29.81905735,-1.02581800,55.95238095,70.63492063,63.88888889,92.85714286,29.36507937,75.79365079,26.98412698,93.25396825,93.65079365,86.11111111,27.38095238,40.07936508,53.57142857,59.52380952,98.41269841,44.44444444
2023-11-21,758.66000000,760.17000000,757.12000000,758.56000000,-0.11982040,-0.23582509,-0.00395471,0.55056668,0.05407901,-2.99183395,5.47568064,6.97001695,739.45550000,2.58359022,-0.37947718,733.66500000,3.39323806,-0.18578706,751.26060000,0.97162023,-0.12214571,77.60218812,27.60218812,-2.21686923,40.07936508,48.41269841,50.00000000,90.47619048,43.65079365,62.69841270,13.49206349,91.26984127,90.47619048,83.73015873,26.98412698,29.36507937,36.90476190,41.26984127,96.03174603,34.92063492
2023-11-22,759.14000000,761.12000000,758.19000000,760.04000000,0.19510652,0.31492692,0.07505234,-0.66243622,-0.36443722,-4.20032963,5.30807920,5.98379207,741.34550000,2.52169872,-0.06189150,734.16720000,3.52410187,0.13086381,751.29970000,1.16335731,0.19173708,72.44344737,22.44344737,-5.15874074,61.11111111,48.80952381,37.30158730,90.47619048,64.28571429,33.33333333,6.34920635,89.28571429,90.47619048,86.11111111,28.17460317,44.04761905,59.52380952,61.90476190,88.09523810,20.63492063
2023-11-23,760.91000000,762.44000000,759.28000000,762.32000000,0.29998421,0.10487769,0.49567602,0.49963072,1.11551777,0.48147431,5.54940186,5.43712486,743.49650000,2.53175368,0.01005496,734.52440000,3.78416292,0.26006106,751.29810000,1.46704750,0.30369019,73.43665525,23.43665525,0.99320788,66.26984127,64.28571429,71.03174603,91.66666667,59.12698413,61.50793651,57.53968254,87.30158730,90.47619048,88.09523810,31.74603175,49.20634921,63.88888889,67.46031746,88.88888889,57.14285714
2023-11-24,761.41000000,766.34000000,761.38000000,765.66000000,0.43813622,0.13815200,0.73943477,0.66438243,0.93199225,-0.71343659,6.44515501,6.78322689,746.06700000,2.62617164,0.09441796,735.00740000,4.17037978,0.38621686,751.31155000,1.90978696,0.44273946,76.20117525,26.20117525,2.76452000,72.61904762,71.03174603,66.26984127,95.23809524,59.92063492,64.68253968,37.30158730,90.87301587,91.66666667,90.87301587,32.93650794,56.34920635,70.23809524,74.20634921,92.46031746,67.06349206
2023-11-27,764.66000000,766.74000000,763.70000000,764.22000000,-0.18807304,-0.62620925,0.24923916,-0.24643685,0.62543616,-0.17890676,6.99614981,8.61325197,748.57550000,2.08990276,-0.53626889,735.57480000,3.89426065,-0.27611913,751.28400000,1.72185219,-0.18793477,74.17657046,24.17657046,-2.02460479,36.50793651,55.15873016,60.71428571,97.61904762,26.58730159,42.46031746,47.22222222,94.84126984,85.31746032,90.07936508,32.53968254,21.82539683,32.93650794,37.30158730,89.28571429,36.50793651
2023-11-28,761.50000000,762.14000000,758.97000000,761.37000000,-0.37292926,-0.18485623,-0.56030092,-1.29973568,0.37043873,0.31635972,6.62698691,8.64951740,750.71400000,1.41944868,-0.67045407,736.10360000,3.43245163,-0.46180902,751.23240000,1.34946256,-0.37238963,72.03627370,22.03627370,-2.14029676,28.57142857,29.36507937,57.14285714,96.03174603,45.63492063,22.22222222,55.15873016,95.23809524,75.79365079,84.12698413,29.76190476,18.65079365,25.79365079,31.34920635,87.30158730,35.71428571
2023-11-29,759.36000000,764.31000000,759.03000000,761.99000000,0.08143216,0.45436142,-0.29180079,-0.54103996,0.25656544,0.62100266,6.03812970,6.80865636,752.70200000,1.23395447,-0.18549421,736.57700000,3.45014846,0.01769683,751.21715000,1.43405272,0.08459016,63.72192513,13.72192513,-8.31434857,53.17460317,38.88888889,55.55555556,94.44444444,66.66666667,35.71428571,59.12698413,90.87301587,71.82539683,84.52380952,31.74603175,37.69841270,50.39682540,56.74603175,77.77777778,9.52380952
2023-11-30,764.52000000,768.03000000,761.71000000,765.04000000,0.40026772,0.31883556,0.48202582,1.04232674,0.35680554,-0.75871223,5.92747463,5.57175603,754.15250000,1.44367353,0.20971905,737.24340000,3.77034233,0.32019388,751.22920000,1.83842694,0.40437422,69.94675186,19.94675186,6.22482673,70.23809524,64.28571429,57.53968254,94.04761905,64.28571429,74.20634921,36.50793651,86.90476190,76.19047619,88.88888889,34.12698413,63.88888889,68.25396825,71.42857143,86.11111111,82.93650794
2023-12-01,767.45000000,772.34000000,767.44000000,771.37000000,0.82740772,0.42714000,1.23098728,1.52278807,0.74576183,-0.18623042,4.80143472,2.69700391,755.90550000,2.04582451,0.60215098,738.06900000,4.51190878,0.74156645,751.29775000,2.67167711,0.83325017,69.44564747,19.44564747,-0.50110440,84.52380952,85.31746032,64.28571429,89.28571429,66.26984127,80.15873016,46.42857143,72.22222222,84.52380952,95.23809524,36.90476190,80.55555556,84.12698413,84.92063492,85.71428571,46.82539683
2023-12-04,770.30000000,773.24000000,769.54000000,770.61000000,-0.09852600,-0.92593372,0.72806651,0.24604068,0.83614666,0.21071050,4.65836400,2.64104499,757.66900000,1.70800178,-0.33782273,738.94840000,4.28468348,-0.22722530,751.36765000,2.56097664,-0.11070047,64.76303318,14.76303318,-4.68261429,39.28571429,70.23809524,65.87301587,89.28571429,19.04761905,53.96825397,52.77777778,71.03174603,80.15873016,93.65079365,36.11111111,30.55555556,33.73015873,41.26984127,78.96825397,23.01587302
2023-12-05,768.87000000,775.25000000,768.47000000,774.07000000,0.44899495,0.54752095,0.35002658,-0.88096071,1.66804576,1.29760703,5.26695134,4.07801505,759.58550000,1.90689527,0.19889349,740.00120000,4.60388443,0.31920095,751.45940000,3.00889176,0.44791512,63.72285923,13.72285923,-1.04017394,73.01587302,59.92063492,81.34920635,90.47619048,70.63492063,30.55555556,69.44444444,81.74603175,82.14285714,96.82539683,38.49206349,61.90476190,67.85714286,74.60317460,76.98412698,44.44444444
2023-12-06,776.10000000,779.03000000,775.53000000,776.18000000,0.27258517,-0.17640979,0.72280401,-0.00526249,1.86222916,1.60566372,5.49650692,4.15490912,761.66250000,1.90602793,-0.00086734,741.09000000,4.73491749,0.13103306,751.60825000,3.26922303,0.26033126,82.56800234,32.56800234,18.84514311,63.49206349,70.23809524,84.52380952,91.26984127,46.03174603,48.01587302,73.01587302,82.14285714,81.74603175,97.22222222,39.68253968,48.01587302,59.12698413,65.07936508,99.60317460,98.80952381
2023-12-07,774.84000000,777.17000000,773.99000000,776.34000000,0.02061378,-0.25197139,0.29325513,-0.05677144,1.47704695,1.12024141,5.67624959,6.25143670,763.02150000,1.74549472,-0.16053321,742.09700000,4.61435634,-0.12056114,751.70500000,3.27721646,0.00799343,79.91236940,29.91236940,-2.65563294,47.22222222,57.53968254,77.77777778,92.46031746,41.66666667,47.22222222,65.87301587,88.88888889,80.15873016,97.22222222,40.07936508,39.28571429,40.87301587,48.80952381,98.01587302,32.14285714
2023-12-08,777.69000000,783.60000000,776.74000000,781.85000000,0.70974058,0.68912680,0.73050066,0.00769664,1.35862167,0.61285985,4.36355385,2.82108861,764.79850000,2.22954151,0.48404679,743.15820000,5.20640154,0.59204520,751.84960000,3.99021294,0.71299647,82.62390671,32.62390671,2.71153731,82.14285714,71.42857143,76.58730159,86.90476190,76.58730159,50.00000000,57.93650794,72.22222222,87.30158730,99.60317460,45.63492063,76.19047619,79.36507937,82.14285714,99.60317460,66.66666667
2023-12-11,782.42000000,787.07000000,780.40000000,786.45000000,0.58834815,-0.12139243,1.30226447,1.00900934,2.05551446,1.21936780,5.37846203,4.73249159,766.45050000,2.60936616,0.37982466,744.40360000,5.64833378,0.44193224,752.03495000,4.57625673,0.58604379,86.70702817,36.70702817,4.08312146,77.77777778,87.30158730,86.50793651,90.07936508,48.80952381,73.41269841,67.46031746,82.93650794,92.06349206,100.00000000,50.39682540,71.82539683,72.61904762,78.96825397,100.00000000,73.80952381
2023-12-12,785.85000000,790.52000000,785.23000000,786.13000000,-0.04068917,-0.62903732,0.54741958,-0.18308108,1.55799863,-0.11004713,4.34292085,1.68452053,767.84950000,2.38073998,-0.22862619,745.73280000,5.41711455,-0.23121923,752.18975000,4.51219257,-0.06406416,85.41949498,35.41949498,-1.28753319,41.66666667,66.26984127,78.96825397,86.11111111,25.39682540,44.04761905,47.22222222,61.11111111,86.90476190,99.60317460,50.00000000,33.73015873,32.14285714,42.06349206,99.60317460,41.26984127
2023-12-13,787.32000000,791.07000000,787.02000000,787.02000000,0.11321283,0.15390200,0.07247759,-1.22978688,1.39658327,-0.46564590,3.80795357,0.71299715,769.05950000,2.33538497,-0.04535500,747.05600000,5.34953203,-0.06758252,752.32200000,4.61212087,0.09992831,84.84762980,34.84762980,-0.57186518,53.57142857,46.42857143,76.98412698,84.12698413,61.11111111,22.61904762,40.07936508,57.53968254,86.50793651,99.20634921,50.39682540,44.84126984,42.46031746,56.74603175,99.20634921,46.03174603
2023-12-14,793.39000000,798.09000000,786.24000000,789.91000000,0.36720795,0.25399512,0.48083650,-0.06658308,1.74794549,0.27089854,3.55129651,0.01559337,770.85950000,2.47133232,0.13594735,748.41920000,5.54379150,0.19425947,752.47240000,4.97527883,0.36315795,84.65275793,34.65275793,-0.19487187,67.85714286,62.69841270,82.53968254,83.73015873,62.30158730,47.22222222,52.77777778,50.79365079,89.28571429,99.60317460,54.36507937,58.33333333,59.52380952,68.65079365,98.80952381,48.80952381
2023-12-15,793.70000000,796.12000000,790.96000000,793.13000000,0.40764138,0.04043343,0.77634622,0.70386863,1.44273198,0.08411031,5.20221247,1.86600072,772.58650000,2.65905501,0.18772268,749.74780000,5.78623905,0.24244755,752.68045000,5.37406678,0.39878795,89.31193908,39.31193908,4.65918115,70.63492063,73.01587302,76.58730159,88.49206349,56.34920635,67.06349206,48.80952381,63.09523810,92.46031746,100.00000000,58.73015873,61.11111111,61.90476190,70.23809524,100.00000000,76.19047619
2023-12-18,790.19000000,793.11000000,787.73000000,789.15000000,-0.50180929,-0.90945066,-0.09621349,-0.57705000,0.34331490,-1.71219957,4.02852661,-0.22924885,774.07050000,1.94807837,-0.71097663,751.01080000,5.07838236,-0.70785669,752.85945000,4.82036189,-0.55370489,86.64907652,36.64907652,-2.66286256,20.23809524,42.06349206,53.57142857,84.52380952,17.85714286,33.33333333,24.60317460,47.22222222,79.76190476,96.42857143,51.19047619,15.47619048,15.07936508,21.42857143,99.20634921,30.55555556
2023-12-19,789.94000000,793.37000000,789.94000000,792.48000000,0.42197301,0.92378230,-0.08195378,-0.85830000,0.80775444,-0.75024419,4.34645213,-1.68923423,775.76650000,2.15444982,0.20637145,752.08260000,5.37140468,0.29302232,753.05585000,5.23522259,0.41486071,87.54001477,37.54001477,0.89093826,71.82539683,42.85714286,62.30158730,85.71428571,82.93650794,30.15873016,34.12698413,32.14285714,83.33333333,98.41269841,57.53968254,63.09523810,65.07936508,71.82539683,99.60317460,56.34920635
2023-12-20,793.57000000,796.00000000,790.03000000,793.69000000,0.15268524,-0.26928777,0.57530254,0.67151603,0.84750070,-0.54908257,4.63114322,-0.84453742,777.44900000,2.08901163,-0.06543820,753.20080000,5.37561829,0.00421361,753.30915000,5.36046190,0.12523931,86.94867165,36.94867165,-0.59134312,57.14285714,66.66666667,63.09523810,86.90476190,40.47619048,65.87301587,37.69841270,41.66666667,81.74603175,98.41269841,58.33333333,42.46031746,46.82539683,57.14285714,99.20634921,45.63492063
2023-12-21,789.38000000,791.30000000,787.12000000,789.88000000,-0.48003629,-0.63272153,-0.32808399,-0.24613021,-0.00379790,-1.75174339,3.92610915,-1.38197005,778.82700000,1.41918552,-0.66982611,754.16800000,4.73528445,-0.64033385,753.62230000,4.81112356,-0.54933835,75.53103448,25.53103448,-11.41763717,21.42857143,33.33333333,44.04761905,82.93650794,24.60317460,42.46031746,23.41269841,36.90476190,70.23809524,94.44444444,50.00000000,16.66666667,17.06349206,21.82539683,87.30158730,4.76190476
2023-12-22,789.15000000,789.48000000,782.61000000,785.45000000,-0.56084469,-0.08080840,-1.03818871,-1.61349125,-0.96831541,-2.41104739,3.03415888,-2.51524298,779.81650000,0.72241354,-0.69677198,755.19900000,4.00569916,-0.72958529,753.86195000,4.19016373,-0.62095983,68.58717435,18.58717435,-6.94386013,18.65079365,14.28571429,22.22222222,77.38095238,50.39682540,15.87301587,18.25396825,25.79365079,54.76190476,87.69841270,43.65079365,15.47619048,14.28571429,19.04761905,79.76190476,13.49206349
2023-12-27,788.51000000,789.32000000,785.46000000,786.84000000,0.17696862,0.73781330,-0.38486859,-0.05678460,-0.29272002,-0.63603491,2.76624089,-3.67891412,780.94750000,0.75453215,0.03211861,756.22800000,4.04798553,0.04228637,754.21380000,4.32585561,0.13569188,66.86922061,16.86922061,-1.71795374,58.33333333,30.95238095,34.92063492,75.39682540,78.57142857,48.01587302,36.50793651,20.63492063,55.15873016,87.69841270,44.04761905,50.79365079,50.39682540,57.93650794,77.77777778,39.28571429
2023-12-28,789.39000000,789.58000000,786.04000000,787.04000000,0.02541813,-0.15155049,0.20243173,1.24062044,-0.68645265,-1.49420710,2.98605114,-4.01009867,782.23100000,0.61478003,-0.13975212,757.23340000,3.93625004,-0.11173549,754.51370000,4.31089588,-0.01495973,65.10851419,15.10851419,-1.76070642,46.42857143,50.39682540,26.58730159,76.58730159,46.82539683,76.58730159,27.77777778,17.06349206,51.19047619,86.90476190,43.65079365,40.07936508,40.07936508,46.03174603,75.00000000,38.88888889
2023-12-29,787.79000000,790.98000000,785.96000000,786.82000000,-0.02795284,-0.05337096,-0.00254181,0.38232677,-0.86557724,-1.71307794,3.34265863,-3.28432828,783.47250000,0.42726452,-0.18751552,758.37840000,3.75031778,-0.18593226,754.83565000,4.23726012,-0.07363575,64.55555556,14.55555556,-0.55295863,42.06349206,46.03174603,23.01587302,80.15873016,51.98412698,60.31746032,25.39682540,22.22222222,48.80952381,83.73015873,43.25396825,35.71428571,34.12698413,41.26984127,72.61904762,47.61904762
2024-01-02,790.69000000,792.49000000,780.13000000,783.11000000,-0.47151826,-0.44356543,-0.49933930,-0.70177102,-0.85709222,-0.85329432,2.77168992,-3.26643978,784.37600000,-0.16140218,-0.58866670,759.48840000,3.11019892,-0.64011887,755.10595000,3.70862526,-0.52863486,51.84210526,1.84210526,-12.71345029,22.22222222,29.36507937,23.41269841,74.60317460,30.95238095,32.53968254,34.12698413,22.22222222,36.90476190,76.58730159,38.49206349,18.65079365,17.46031746,22.22222222,44.84126984,3.17460317
2024-01-03,782.49000000,784.65000000,776.10000000,779.75000000,-0.42905850,0.04245977,-0.89855367,-0.89601186,-0.72569864,0.24261676,1.92277528,-4.00469935,784.79500000,-0.64284304,-0.48144085,760.75860000,2.49637664,-0.61382228,755.32380000,3.23387135,-0.47475391,39.83616505,-10.16383495,-12.00594021,23.01587302,17.06349206,26.19047619,63.88888889,57.14285714,28.96825397,54.36507937,16.26984127,26.98412698,71.42857143,34.12698413,23.41269841,19.84126984,23.41269841,18.25396825,5.15873016
2024-01-04,780.51000000,781.05000000,776.00000000,780.31000000,0.07181789,0.50087639,-0.35754875,0.14179055,-0.82990189,-0.53718187,1.15897689,-3.64245784,785.28000000,-0.63289527,0.00994776,761.98120000,2.40541368,-0.09096297,755.51635000,3.28168279,0.04781143,41.23493976,-8.76506024,1.39877471,52.38095238,32.93650794,24.20634921,52.77777778,70.23809524,54.76190476,40.47619048,19.84126984,27.77777778,69.84126984,35.71428571,50.39682540,41.66666667,51.98412698,22.61904762,61.11111111
2024-01-05,775.37000000,779.68000000,771.57000000,778.70000000,-0.20632825,-0.27814614,-0.13465854,0.76389513,-1.05966660,-0.37321394,1.04981768,-3.60854633,785.51150000,-0.86714198,-0.23424671,763.12060000,2.04153839,-0.36387529,755.69190000,3.04464028,-0.23704250,37.73584906,-12.26415094,-3.49909070,33.33333333,42.85714286,19.84126984,51.98412698,39.28571429,69.04761905,44.04761905,19.84126984,21.82539683,66.26984127,33.73015873,33.73015873,25.79365079,32.53968254,15.47619048,28.17460317
2024-01-08,777.13000000,780.10000000,773.50000000,779.09000000,0.05008347,0.25641173,-0.15634812,0.20120063,-0.98243563,-0.11685839,0.64852016,-4.61843118,785.65700000,-0.83586094,0.03128104,764.25760000,1.94075924,-0.10077915,755.92830000,3.06400753,0.01936724,32.78166773,-17.21833227,-4.95418133,50.39682540,42.46031746,21.82539683,47.22222222,63.88888889,55.95238095,49.60317460,13.49206349,23.01587302,65.87301587,34.12698413,52.38095238,41.26984127,49.20634921,8.73015873,21.42857143
2024-01-09,779.56000000,779.76000000,774.54000000,777.58000000,-0.19381586,-0.24389933,-0.14382946,-0.00917091,-0.70615878,0.15093344,0.18037053,-5.31613639,785.71900000,-1.03586651,-0.20000557,765.42320000,1.58824556,-0.35251368,756.13665000,2.83590936,-0.22809817,23.83036015,-26.16963985,-8.95130758,34.12698413,43.25396825,28.17460317,41.26984127,41.66666667,49.20634921,53.96825397,10.71428571,19.04761905,61.90476190,32.93650794,34.52380952,26.58730159,33.33333333,1.19047619,9.12698413
2024-01-10,777.14000000,778.96000000,774.24000000,775.02000000,-0.32922657,-0.13541071,-0.52240434,-0.36605623,-0.60660468,0.11909396,-0.17002860,-5.84627819,785.37750000,-1.31879256,-0.28292604,766.63860000,1.09326611,-0.49497945,756.34270000,2.46942292,-0.36648643,25.02651113,-24.97348887,1.19615099,27.38095238,29.36507937,31.34920635,34.92063492,47.61904762,40.47619048,53.17460317,8.73015873,14.28571429,51.98412698,31.34920635,30.55555556,22.22222222,28.96825397,2.77777778,61.11111111
2024-01-11,780.60000000,783.20000000,774.54000000,774.54000000,-0.06193389,0.26729269,-0.39095656,-0.24712710,-0.73944971,0.09045218,-0.93496195,-5.29851580,784.78200000,-1.30507580,0.01371675,767.84840000,0.87147411,-0.22179200,756.48770000,2.38633093,-0.08309199,14.74056604,-35.25943396,-10.28594510,41.66666667,32.14285714,26.98412698,26.19047619,65.07936508,42.46031746,52.38095238,11.50793651,14.68253968,46.42857143,31.34920635,51.98412698,33.73015873,42.06349206,0.00000000,7.53968254
2024-01-12,780.68000000,785.34000000,780.37000000,781.86000000,0.94507708,1.00701096,0.88255787,1.40496221,0.40580455,1.46547114,-0.58363532,-5.96209736,784.56850000,-0.34522161,0.95985420,769.11360000,1.65728444,0.78581033,756.63470000,3.33388093,0.94755000,31.25198098,-18.74801902,16.51141494,90.07936508,79.36507937,57.93650794,30.95238095,85.31746032,79.76190476,74.60317460,7.53968254,36.90476190,63.49206349,38.49206349,92.46031746,87.69841270,91.26984127,7.93650794,98.01587302
2024-01-15,783.92000000,784.95000000,779.21000000,779.49000000,-0.30312332,-1.24820040,0.63908901,1.03004557,0.05134195,1.03377758,-0.84464402,-5.18756487,784.19200000,-0.59959806,-0.25437645,770.25880000,1.19845434,-0.45883010,756.75125000,3.00478526,-0.32909568,32.74659582,-17.25340418,1.49461483,28.57142857,72.22222222,49.60317460,27.77777778,11.11111111,75.00000000,67.85714286,12.69841270,32.14285714,53.17460317,34.52380952,31.34920635,23.41269841,29.76190476,10.31746032,63.49206349
2024-01-16,775.07000000,779.31000000,773.28000000,778.54000000,-0.12187456,0.18124876,-0.42462845,-1.30718632,0.12345997,0.82961874,-1.07748215,-4.88543572,783.62350000,-0.64871715,-0.04911909,771.10900000,0.96367699,-0.23477735,756.85190000,2.86556723,-0.13921803,37.02591063,-12.97408937,4.27931481,38.09523810,31.74603175,52.77777778,24.60317460,62.30158730,19.44444444,65.07936508,14.28571429,28.96825397,50.00000000,34.12698413,46.03174603,33.33333333,38.09523810,17.06349206,76.98412698
2024-01-17,769.89000000,771.99000000,766.66000000,771.43000000,-0.91324787,-0.79137332,-1.03400942,-1.67309842,-0.46321385,0.14339083,-2.33950703,-5.89080354,782.53850000,-1.41954677,-0.77082962,771.81140000,-0.04941622,-1.01309321,756.91725000,1.91734962,-0.94821761,26.18238022,-23.81761978,-10.84353041,8.33333333,14.28571429,34.12698413,14.28571429,19.04761905,13.88888889,52.77777778,8.33333333,12.69841270,34.12698413,30.95238095,11.90476190,7.53968254,9.12698413,5.15873016,7.53968254
2024-01-18,772.62000000,778.46000000,772.62000000,778.17000000,0.87370209,1.78694996,-0.04752485,0.37710360,0.46866527,1.20811498,-1.88619772,-7.08841019,781.98950000,-0.48843367,0.93111310,772.66800000,0.71207815,0.76149437,757.02930000,2.79258676,0.87523714,38.59604011,-11.40395989,12.41365990,88.09523810,47.61904762,59.52380952,17.06349206,94.04761905,59.52380952,70.63492063,4.76190476,35.71428571,45.63492063,34.12698413,90.47619048,86.90476190,88.09523810,19.84126984,96.82539683
2024-01-19,782.58000000,783.52000000,778.34000000,778.89000000,0.09252477,-0.78117732,0.96703525,2.00104466,-0.37986340,-0.78566795,-1.30013305,-5.32865966,781.31000000,-0.30973621,0.17869746,773.53100000,0.69279706,-0.01928109,757.12455000,2.87475158,0.08216482,39.93399340,-10.06600660,1.33795329,54.76190476,80.95238095,36.50793651,23.41269841,19.84126984,91.26984127,32.53968254,12.30158730,39.68253968,45.63492063,35.31746032,63.49206349,47.22222222,56.34920635,23.01587302,60.71428571
2024-01-22,784.82000000,787.27000000,783.81000000,785.60000000,0.86148237,0.76895760,0.95480422,1.00232907,0.78384585,0.73250390,-0.86816071,-5.21461284,780.90550000,0.60116109,0.91089730,774.55020000,1.42660863,0.73381157,757.23595000,3.74573473,0.87098315,52.93701345,2.93701345,13.00302005,87.69841270,80.95238095,65.87301587,28.96825397,80.15873016,74.60317460,63.09523810,13.88888889,56.74603175,63.09523810,44.04761905,90.47619048,86.11111111,88.09523810,53.17460317,96.82539683
2024-01-23,787.58000000,789.37000000,783.10000000,787.77000000,0.27622200,-0.58526037,1.14008397,0.17304872,1.18555244,1.06209248,-0.74588315,-5.37702637,780.80000000,0.89267418,0.29151309,775.32240000,1.60547406,0.17886543,757.37710000,4.01291510,0.26718036,59.73300971,9.73300971,6.79599626,65.47619048,84.92063492,74.20634921,31.34920635,25.79365079,53.96825397,68.25396825,12.30158730,63.88888889,65.47619048,46.03174603,68.65079365,61.90476190,67.06349206,66.26984127,85.71428571
2024-01-24,799.82000000,807.93000000,798.43000000,806.93000000,2.43218198,2.15595999,2.71512220,1.76031798,4.60184333,5.06505718,2.15855573,-1.76755342,781.87400000,3.20460842,2.31193423,776.53480000,3.91420964,2.30873558,757.60890000,6.51010040,2.49718530,72.25752508,22.25752508,12.52451537,100.00000000,100.00000000,100.00000000,72.61904762,97.61904762,87.30158730,98.01587302,34.92063492,98.80952381,89.28571429,76.58730159,100.00000000,100.00000000,100.00000000,85.71428571,96.42857143
2024-01-25,808.41000000,815.89000000,807.77000000,814.87000000,0.98397631,-1.44820568,3.44009038,2.30000642,4.71619312,4.24752785,3.74562353,0.71146464,783.27550000,4.03363823,0.82902981,777.76400000,4.77085594,0.85664630,757.87625000,7.52019212,1.01009172,77.34764857,27.34764857,5.09012349,92.06349206,100.00000000,100.00000000,85.71428571,7.14285714,93.65079365,95.23809524,60.71428571,99.60317460,95.23809524,90.07936508,86.90476190,88.88888889,92.06349206,92.06349206,77.38095238
2024-01-26,811.97000000,818.96000000,811.97000000,817.74000000,0.35220342,-0.63177289,1.33964532,-1.37547688,4.98786735,5.36773075,3.92710081,1.16085992,784.81050000,4.19585365,0.16221542,778.95580000,4.97899881,0.20814287,758.17245000,7.85672837,0.33653626,78.16644804,28.16644804,0.81879947,69.84126984,88.49206349,100.00000000,87.30158730,23.41269841,17.46031746,98.01587302,63.49206349,100.00000000,95.23809524,92.06349206,61.50793651,63.09523810,69.84126984,92.85714286,55.55555556
2024-01-29,818.80000000,820.98000000,818.02000000,819.91000000,0.26536552,-0.08683790,0.61850356,-2.82158682,4.36736253,3.58351668,4.17640781,1.19035667,786.46500000,4.25257322,0.05671957,780.09760000,5.10351525,0.12451644,758.45625000,8.10247790,0.24574952,80.55435253,30.55435253,2.38790449,63.88888889,69.84126984,98.80952381,88.49206349,50.00000000,3.57142857,91.26984127,63.88888889,100.00000000,95.63492063,92.85714286,53.17460317,58.33333333,65.47619048,94.84126984,65.87301587
2024-01-30,821.39000000,823.76000000,819.11000000,820.64000000,0.08903416,-0.17633136,0.35463595,-0.98500937,4.17253767,2.98698523,4.29831474,0.95565611,788.34150000,4.09701887,-0.15555436,781.43220000,5.01742826,-0.08608700,758.75835000,8.15564666,0.05316876,83.82265718,33.82265718,3.26830464,52.77777778,60.71428571,98.41269841,89.28571429,45.63492063,26.98412698,88.49206349,63.09523810,98.80952381,94.84126984,92.85714286,37.69841270,42.46031746,51.98412698,96.42857143,69.44444444
2024-01-31,819.76000000,822.65000000,818.19000000,818.21000000,-0.29611035,-0.38514452,-0.20733983,-0.82584339,1.39789077,-3.20395256,4.48212895,1.71043903,790.26450000,3.53622110,-0.56079777,782.62460000,4.54693093,-0.47049733,759.04390000,7.79481925,-0.36082741,81.46707018,31.46707018,-2.35558699,28.57142857,40.87301587,79.36507937,91.26984127,32.53968254,29.76190476,10.71428571,67.06349206,97.61904762,92.06349206,91.26984127,18.65079365,22.22222222,28.96825397,95.23809524,32.93650794
2024-02-01,817.63000000,824.72000000,816.83000000,822.09000000,0.47420589,0.77031624,0.17669136,-0.17794459,0.88603090,-3.83016222,5.42994550,3.50717022,792.35350000,3.75293351,0.21671241,783.87700000,4.87487195,0.32794102,759.34340000,8.26327061,0.46845136,80.50037908,30.50037908,-0.96669111,76.98412698,51.58730159,67.06349206,95.63492063,80.95238095,44.84126984,6.74603175,82.14285714,97.61904762,94.44444444,94.44444444,67.06349206,71.42857143,78.57142857,93.65079365,44.44444444
2024-02-02,827.25000000,827.57000000,821.69000000,822.53000000,0.05352212,-0.42068377,0.52798181,0.73532164,0.58576076,-4.40210659,5.41067012,4.25169323,794.54500000,3.52214160,-0.23079190,785.15640000,4.76001979,-0.11485216,759.64360000,8.27840845,0.01513784,83.61449547,33.61449547,3.11411640,50.39682540,67.46031746,60.31746032,95.23809524,30.55555556,68.65079365,4.36507937,87.30158730,96.82539683,93.65079365,94.84126984,32.14285714,40.47619048,49.60317460,96.03174603,69.44444444
2024-02-05,824.03000000,825.36000000,821.58000000,824.29000000,0.21397396,0.16045184,0.26761060,0.09091924,0.53420497,-3.83315755,5.85462951,4.80481183,796.80500000,3.44940105,-0.07274056,786.44140000,4.81264084,0.05262105,759.98780000,8.46095161,0.18254316,85.28459047,35.28459047,1.67009500,62.30158730,55.95238095,59.52380952,97.22222222,62.69841270,53.17460317,7.14285714,88.88888889,96.42857143,94.04761905,96.42857143,42.46031746,53.17460317,61.50793651,97.61904762,62.30158730
2024-02-06,829.87000000,831.78000000,826.60000000,831.09000000,0.82495238,0.61097842,1.04069152,0.51270971,1.27339637,-2.89914130,6.67445353,6.02593337,799.48050000,3.95375497,0.50435392,787.81680000,5.49279985,0.68015901,760.39525000,9.29710568,0.83615407,96.23372598,46.23372598,10.94913551,86.50793651,82.93650794,73.80952381,99.60317460,75.79365079,63.49206349,15.47619048,93.65079365,98.01587302,98.80952381,97.61904762,80.55555556,85.31746032,87.30158730,100.00000000,93.65079365
2024-02-07,831.22000000,832.11000000,829.33000000,830.13000000,-0.11551096,-0.94046334,0.70848852,0.44087792,1.45683871,0.05894794,6.75814707,6.57777654,802.23600000,3.47703170,-0.47672327,789.10620000,5.19876792,-0.29403193,760.78290000,9.11522854,-0.18187715,94.22880490,44.22880490,-2.00492107,37.69841270,72.22222222,80.15873016,99.60317460,15.47619048,61.50793651,49.20634921,95.23809524,96.03174603,96.03174603,97.22222222,22.61904762,28.96825397,34.92063492,99.60317460,36.11111111
2024-02-08,837.45000000,845.13000000,837.27000000,843.75000000,1.64070688,1.75621783,1.52330073,0.48260920,2.63474802,1.74871712,8.86815824,9.03818684,805.69650000,4.72305639,1.24602469,790.69680000,6.70967683,1.51090891,761.20920000,10.84337919,1.72815066,95.26800670,45.26800670,1.03920180,97.61904762,92.06349206,91.66666667,100.00000000,92.85714286,62.69841270,78.57142857,98.41269841,100.00000000,100.00000000,100.00000000,94.44444444,96.82539683,98.01587302,99.60317460,56.74603175
2024-02-09,845.74000000,851.95000000,845.01000000,851.77000000,0.95051852,-0.69018836,2.60682062,1.89833210,3.55488554,2.96912478,9.97107961,10.90604156,809.19200000,5.26179201,0.53873562,792.50480000,7.47821338,0.76853655,761.74650000,11.81803920,0.97466001,95.35298149,45.35298149,0.08497479,90.87301587,99.20634921,97.61904762,100.00000000,20.63492063,90.07936508,88.09523810,99.20634921,100.00000000,100.00000000,100.00000000,82.14285714,87.30158730,92.46031746,99.60317460,51.58730159
2024-02-12,852.71000000,855.13000000,851.10000000,854.88000000,0.36512204,-0.58539648,1.31911111,-0.20418961,3.71107256,3.17686759,9.33926790,9.92290322,812.96150000,5.15627124,-0.10552077,794.36260000,7.61835968,0.14014629,762.29970000,12.14486901,0.32682980,95.41209907,45.41209907,0.05911757,70.23809524,88.49206349,97.61904762,99.60317460,25.00000000,42.85714286,88.88888889,98.41269841,99.60317460,100.00000000,100.00000000,40.47619048,60.71428571,69.44444444,99.60317460,51.58730159
2024-02-13,843.03000000,851.43000000,838.22000000,842.62000000,-1.43411941,-1.79924145,-1.07423365,-3.68105427,1.38733471,0.11393833,8.09888517,8.94352918,816.16550000,3.24131564,-1.91495560,795.91420000,5.86819534,-1.75016434,762.80670000,10.46310946,-1.68175954,76.63830422,26.63830422,-18.77379484,3.57142857,13.09523810,77.77777778,98.80952381,4.76190476,0.39682540,50.79365079,97.22222222,93.65079365,98.80952381,98.41269841,1.19047619,1.98412698,2.77777778,85.71428571,0.00000000
2024-02-14,843.74000000,845.38000000,841.87000000,843.67000000,0.12461133,1.55873074,-1.31129515,-2.63040626,1.63106983,0.17423112,8.36565880,9.44314095,819.77750000,2.91451034,-0.32680530,797.36020000,5.80788958,-0.06030576,763.27265000,10.53324130,0.07013184,73.96006656,23.96006656,-2.67823767,55.95238095,7.93650794,81.34920635,98.80952381,91.66666667,4.76190476,52.77777778,98.01587302,91.26984127,98.41269841,98.80952381,27.77777778,44.04761905,53.96825397,81.34920635,31.34920635
2024-02-15,848.73000000,850.46000000,844.27000000,847.59000000,0.46463665,0.34002532,0.58982697,1.66406062,0.45511111,-2.17963691,9.87257431,12.21208134,823.24850000,2.95676214,0.04225180,798.89980000,6.09465668,0.28676709,763.74720000,10.97782093,0.44457963,74.40719542,24.40719542,0.44712887,76.58730159,68.65079365,55.95238095,99.60317460,67.46031746,86.50793651,19.04761905,100.00000000,92.06349206,98.80952381,99.20634921,53.17460317,67.46031746,76.98412698,81.74603175,53.17460317
2024-02-16,855.66000000,858.11000000,854.17000000,858.11000000,1.24116613,0.77652948,1.71156969,3.02286484,0.74433239,-2.81055315,10.27281956,12.15901729,827.20950000,3.73551077,0.77874863,800.58060000,7.18595979,1.09130311,764.29585000,12.27458582,1.29676488,77.48201439,27.48201439,3.07481897,94.44444444,94.84126984,63.09523810,100.00000000,82.14285714,98.41269841,15.87301587,99.60317460,95.63492063,99.20634921,100.00000000,86.11111111,94.04761905,95.23809524,87.69841270,69.44444444
2024-02-19,853.63000000,857.68000000,853.31000000,855.85000000,-0.26336950,-1.50453563,0.97452778,0.38470081,0.11346622,-3.59760634,9.88072770,11.18086076,830.72200000,3.02483863,-0.71067214,802.17400000,6.69131635,-0.49464344,764.83365000,11.90014979,-0.37443603,74.78530199,24.78530199,-2.69671240,28.57142857,80.15873016,48.80952381,99.20634921,6.74603175,59.52380952,7.93650794,98.41269841,92.06349206,98.41269841,99.20634921,13.49206349,20.23809524,25.39682540,81.34920635,30.95238095
2024-02-20,853.09000000,854.57000000,846.58000000,848.28000000,-0.88450079,-0.62113129,-1.14554078,-2.85711047,0.67171441,-0.71562029,7.97861507,8.84677578,833.74750000,1.74303371,-1.28180492,803.61280000,5.55829872,-1.13301762,765.31945000,10.83998976,-1.06016003,69.73874229,19.73874229,-5.04655970,9.92063492,11.90476190,61.50793651,96.82539683,23.80952381,3.57142857,34.52380952,95.23809524,76.19047619,96.03174603,97.61904762,5.15873016,6.34920635,6.74603175,76.98412698,20.63492063
2024-02-21,849.34000000,849.34000000,843.50000000,846.79000000,-0.17564955,0.70885124,-1.05859672,-2.03312450,0.36981284,-1.26125699,7.49203448,8.23791763,835.74050000,1.32212092,-0.42091279,804.91160000,5.20285706,-0.35544166,765.78845000,10.57753613,-0.26245363,66.73895365,16.73895365,-2.99978864,33.73015873,13.88888889,53.57142857,96.42857143,79.76190476,9.92063492,27.77777778,94.04761905,69.84126984,92.85714286,97.22222222,24.20634921,25.79365079,29.36507937,74.20634921,30.15873016
2024-02-22,857.35000000,861.63000000,854.72000000,857.51000000,1.26595732,1.44160687,1.08808412,2.23362490,1.17037719,0.71526608,6.26820170,4.10964597,837.87250000,2.34373368,1.02161276,806.33280000,6.34690788,1.14405082,766.29510000,11.90336464,1.32582851,70.80656674,20.80656674,4.06761309,94.84126984,82.93650794,72.22222222,94.04761905,90.07936508,92.85714286,61.90476190,81.34920635,83.33333333,98.01587302,99.20634921,92.85714286,94.04761905,95.23809524,77.77777778,73.41269841
2024-02-23,859.04000000,859.61000000,854.13000000,854.97000000,-0.29620646,-1.56216378,0.96600102,2.02459773,-0.36592045,-1.11025284,4.92103035,1.17540682,839.73400000,1.81438408,-0.52934960,807.70960000,5.85116235,-0.49574553,766.78885000,11.50005637,-0.40330827,68.08109382,18.08109382,-2.72547291,26.58730159,78.57142857,33.73015873,86.90476190,6.34920635,91.26984127,29.36507937,58.33333333,77.38095238,96.82539683,98.01587302,19.44444444,19.84126984,23.01587302,74.20634921,30.95238095
2024-02-26,853.02000000,854.34000000,851.16000000,852.87000000,-0.24562265,0.05058380,-0.54110156,-1.62918568,-0.34819186,-0.46165807,4.29598650,0.36888569,841.38200000,1.36537268,-0.44901139,809.02660000,5.41927793,-0.43188442,767.26180000,11.15762573,-0.34243064,63.58871974,13.58871974,-4.49237408,28.96825397,25.79365079,34.12698413,82.53968254,57.14285714,15.07936508,40.87301587,51.98412698,69.44444444,94.04761905,97.61904762,23.01587302,22.61904762,27.77777778,66.66666667,24.20634921
2024-02-27,851.97000000,854.04000000,849.88000000,852.98000000,0.01289763,0.25852028,-0.23275670,-1.19875772,0.55406234,-0.11765208,4.03336952,-0.14303829,842.99900000,1.18398717,-0.18138551,810.28800000,5.26874395,-0.15053398,767.70030000,11.10846251,-0.04916322,64.40913104,14.40913104,0.82041130,46.03174603,38.09523810,58.33333333,81.34920635,64.68253968,22.22222222,46.82539683,47.22222222,64.68253968,92.06349206,97.22222222,35.31746032,36.90476190,44.44444444,68.65079365,55.55555556
2024-02-28,849.14000000,850.31000000,845.58000000,847.46000000,-0.64714296,-0.66004059,-0.63432880,-0.09322723,0.07912233,-0.29069051,3.26818093,-1.03013380,844.46150000,0.35507835,-0.82890881,811.37460000,4.44744018,-0.82130377,768.10210000,10.33168637,-0.77677613,52.60570305,2.60570305,-11.80342799,13.88888889,22.22222222,45.63492063,76.19047619,21.82539683,45.23809524,43.65079365,38.49206349,49.60317460,84.92063492,94.44444444,9.12698413,9.12698413,11.90476190,49.20634921,5.95238095
2024-02-29,847.45000000,849.78000000,844.09000000,848.44000000,0.11563968,0.76278263,-0.53225164,-0.29949493,-1.05771361,-2.22809080,3.69465052,-0.78747843,845.77900000,0.31462120,-0.04045716,812.56040000,4.41562252,-0.03181766,768.50625000,10.40118412,0.06949774,47.40452065,-2.59547935,-5.20118239,53.96825397,26.58730159,18.25396825,78.96825397,80.95238095,39.68253968,18.65079365,41.26984127,48.41269841,84.52380952,94.44444444,46.42857143,44.84126984,53.57142857,39.68253968,20.23809524
2024-03-01,852.60000000,854.23000000,848.37000000,854.10000000,0.66710669,0.55146701,0.78351781,1.41784660,-0.10175796,0.26416250,3.89373426,-1.53621123,847.35750000,0.79570901,0.48108782,813.79280000,4.95300524,0.53738272,768.94685000,11.07399686,0.67281274,49.41529235,-0.58470765,2.01077170,84.52380952,75.00000000,42.06349206,79.76190476,72.61904762,80.95238095,55.95238095,33.33333333,57.14285714,88.88888889,96.82539683,78.57142857,79.76190476,84.92063492,42.85714286,65.07936508
2024-03-04,857.15000000,859.24000000,854.97000000,856.55000000,0.28685166,-0.38025503,0.95587195,1.48812359,0.43148428,0.77967614,4.13601935,-1.27465076,848.97050000,0.89278721,0.09707819,815.05000000,5.09171216,0.13870693,769.45895000,11.31847904,0.24448219,62.24292494,12.24292494,12.82763259,65.47619048,78.57142857,54.36507937,81.34920635,32.14285714,81.74603175,64.68253968,37.30158730,58.73015873,90.07936508,97.61904762,58.33333333,60.31746032,65.07936508,63.49206349,96.42857143
2024-03-05,854.05000000,855.03000000,849.81000000,851.16000000,-0.62926858,-0.91612023,-0.34422199,-1.12773979,-0.21336960,-0.76743194,3.25977508,-2.59485443,849.97400000,0.13953368,-0.75325353,816.27560000,4.27360563,-0.81810653,769.93870000,10.54906059,-0.76941845,56.11628287,6.11628287,-6.12664207,15.07936508,32.53968254,40.07936508,74.60317460,15.07936508,24.20634921,33.73015873,25.00000000,46.42857143,82.93650794,94.44444444,11.11111111,9.12698413,12.30158730,54.36507937,17.46031746
2024-03-06,851.75000000,857.85000000,851.75000000,857.02000000,0.68847220,1.31774078,0.05487129,-0.90100067,1.12807684,1.04895451,3.11999904,-3.55445449,851.31850000,0.66972584,0.53019216,817.70700000,4.80771230,0.53410667,770.38450000,11.24574806,0.69668747,57.46398607,7.46398607,1.34770320,84.92063492,48.01587302,71.42857143,73.01587302,88.88888889,27.38095238,69.44444444,20.23809524,54.36507937,87.30158730,97.22222222,81.74603175,79.36507937,84.92063492,57.14285714,59.52380952
2024-03-07,855.88000000,868.98000000,853.74000000,868.74000000,1.36752935,0.67905714,2.06541661,2.40963860,2.39262647,3.45034008,4.65107875,-2.10706832,852.56800000,1.89685749,1.22713165,819.34500000,6.02859601,1.22088371,770.90770000,12.69053351,1.44478545,58.25695200,8.25695200,0.79296593,95.63492063,96.82539683,89.68253968,85.71428571,78.17460317,95.63492063,90.87301587,28.17460317,77.38095238,97.22222222,100.00000000,94.44444444,94.84126984,96.03174603,57.53968254,54.36507937
2024-03-08,870.97000000,872.00000000,861.96000000,861.96000000,-0.78044064,-2.14796998,0.57641595,0.52154467,0.92026695,1.02202490,2.15822222,-6.70993602,853.07750000,1.04123013,-0.85562736,820.84340000,5.00906750,-1.01952851,771.43415000,11.73474755,-0.95578596,54.43460589,4.43460589,-3.82234610,8.73015873,66.26984127,66.66666667,65.07936508,2.38095238,63.09523810,67.46031746,4.76190476,60.31746032,88.49206349,97.61904762,7.93650794,5.95238095,7.53968254,50.39682540,26.19047619
2024-03-11,855.45000000,857.50000000,849.89000000,852.32000000,-1.11838136,-0.33794073,-1.89009370,-3.95551031,-0.49384157,-0.92532586,0.06457142,-9.90650819,852.94950000,-0.07380273,-1.11503286,822.15340000,3.66921793,-1.33984957,771.95145000,10.41108868,-1.32365887,52.84667418,2.84667418,-1.58793171,4.76190476,2.77777778,28.57142857,40.07936508,33.33333333,0.00000000,30.15873016,0.39682540,40.47619048,77.38095238,92.06349206,5.15873016,3.96825397,3.96825397,48.01587302,40.07936508
2024-03-12,856.42000000,861.66000000,854.04000000,860.97000000,1.01487704,2.13325840,-0.11485452,-0.69127047,1.15254476,1.36591436,0.71238069,-8.62688721,853.86700000,0.83186257,0.90566530,823.71060000,4.52336051,0.85414258,772.47455000,11.45609910,1.04501043,59.07578085,9.07578085,6.22910667,92.85714286,41.66666667,71.82539683,48.41269841,97.61904762,32.14285714,73.80952381,1.98412698,56.74603175,83.33333333,96.82539683,90.47619048,88.88888889,93.25396825,59.12698413,83.73015873
2024-03-13,862.92000000,864.60000000,859.64000000,860.33000000,-0.07433476,-1.08921180,0.93978787,2.82988157,0.38622203,-0.74185482,2.10177779,-5.99710738,854.70000000,0.65871066,-0.17315191,825.32220000,4.24171312,-0.28164740,772.95160000,11.30451118,-0.15158793,52.07231041,2.07231041,-7.00347044,39.68253968,77.38095238,52.38095238,64.28571429,11.11111111,97.61904762,33.33333333,6.74603175,52.77777778,80.95238095,96.03174603,36.11111111,29.36507937,35.31746032,45.63492063,13.49206349
2024-03-14,863.63000000,863.82000000,856.13000000,858.75000000,-0.18365046,-0.10931570,-0.25784871,-0.14299419,-1.14994129,-3.54256776,1.78742873,-6.57823006,855.25800000,0.40829785,-0.25041281,826.89100000,3.85286573,-0.38884738,773.42865000,11.03157350,-0.27293767,52.81753131,2.81753131,0.74522090,32.93650794,36.11111111,13.49206349,60.31746032,49.20634921,44.44444444,5.95238095,4.76190476,48.01587302,77.77777778,94.04761905,29.76190476,23.01587302,28.17460317,47.22222222,53.57142857
2024-03-15,858.57000000,860.44000000,851.78000000,851.78000000,-0.81164483,-0.62799437,-0.99380470,-1.93359258,-1.18102928,-2.10129623,0.49434278,-9.37823153,854.94150000,-0.36979138,-0.77808923,828.35260000,2.82819176,-1.02467397,773.87645000,10.06666503,-0.96490847,49.24252953,-0.75747047,-3.57500177,8.73015873,13.88888889,13.49206349,44.44444444,22.22222222,11.50793651,18.25396825,1.19047619,32.93650794,70.63492063,89.68253968,9.92063492,5.95238095,7.14285714,38.88888889,26.98412698
2024-03-18,854.83000000,856.75000000,852.79000000,853.76000000,0.23245439,1.04409922,-0.58107715,-0.32322844,0.16895063,0.66279220,-0.50692802,-10.77974758,854.83700000,-0.12598893,0.24380245,829.84600000,2.88173950,0.05354774,774.33720000,10.25687517,0.19021014,50.52831211,0.52831211,1.28578258,62.30158730,21.42857143,48.01587302,32.14285714,87.30158730,39.68253968,61.50793651,0.00000000,38.09523810,70.63492063,89.68253968,68.65079365,53.17460317,62.30158730,42.06349206,59.92063492
2024-03-19,857.13000000,860.69000000,855.68000000,860.69000000,0.81170352,0.57924913,1.04604475,2.03984946,-0.03252146,-1.18506622,0.56551966,-9.31520804,855.45750000,0.61166101,0.73764994,831.50820000,3.50950237,0.62776287,774.83595000,11.08028738,0.82341221,58.79303469,8.79303469,8.26472258,86.90476190,82.53968254,41.26984127,45.63492063,74.20634921,91.66666667,27.38095238,1.98412698,50.39682540,73.80952381,94.44444444,86.90476190,84.92063492,87.30158730,58.73015873,90.07936508
2024-03-20,860.96000000,864.82000000,859.06000000,860.54000000,-0.01742788,-0.82913140,0.79413418,1.37521133,0.02440924,-0.36181279,1.44527750,-6.53333757,856.14500000,0.51334762,-0.09831339,833.21860000,3.27901946,-0.23048292,775.34205000,10.98843407,-0.09185331,58.13172043,8.13172043,-0.66131426,43.25396825,75.39682540,43.25396825,55.15873016,16.26984127,78.96825397,42.85714286,5.55555556,48.80952381,71.82539683,93.25396825,41.66666667,32.93650794,40.47619048,56.34920635,45.23809524
2024-03-21,872.12000000,876.22000000,869.81000000,875.42000000,1.72914681,1.74657469,1.71141758,0.66537283,1.94119360,3.09113489,3.38100355,-4.11103092,857.04050000,2.14453109,1.63118347,835.23620000,4.81107021,1.53205075,775.91745000,12.82385774,1.83542367,62.74814638,12.74814638,4.61642595,98.01587302,94.84126984,86.90476190,76.19047619,93.65079365,66.26984127,90.47619048,15.87301587,80.55555556,86.50793651,100.00000000,97.61904762,96.82539683,98.41269841,63.88888889,76.98412698
2024-03-22,873.68000000,877.09000000,870.59000000,876.34000000,0.10509241,-1.62405440,1.83605643,1.04192225,2.88337364,4.06440292,2.19589276,-4.07230894,858.10900000,2.12455527,-0.01997582,837.12580000,4.68438555,-0.12668466,776.46060000,12.86342153,0.03956379,62.05384334,12.05384334,-0.69430303,52.77777778,96.03174603,93.65079365,65.07936508,5.15873016,75.79365079,96.03174603,16.26984127,80.15873016,84.12698413,100.00000000,48.41269841,38.09523810,50.39682540,62.69841270,44.84126984
2024-03-25,875.81000000,878.65000000,873.48000000,877.15000000,0.09242988,-0.01266253,0.19761943,-1.51379816,2.73964580,2.57069517,2.59424307,-2.32678728,859.32300000,2.07454007,-0.05001520,839.07900000,4.53723666,-0.14714889,776.98930000,12.89087250,0.02745097,66.76557864,16.76557864,4.71173529,51.98412698,50.79365079,92.85714286,68.25396825,54.36507937,15.87301587,85.71428571,26.98412698,78.57142857,82.53968254,100.00000000,45.23809524,36.90476190,48.80952381,73.41269841,78.17460317
2024-03-26,876.38000000,880.77000000,875.14000000,878.40000000,0.14250698,0.05007710,0.23506858,-1.60098785,2.05765142,2.09017288,2.99342221,-1.30256429,860.59400000,2.06903604,-0.00550404,841.07620000,4.43762408,-0.09961258,777.51810000,12.97486194,0.08398944,64.66392318,14.66392318,-2.10165545,57.93650794,52.77777778,86.50793651,71.03174603,56.74603175,15.07936508,82.14285714,36.90476190,78.17460317,80.95238095,100.00000000,49.60317460,41.26984127,55.55555556,69.04761905,34.52380952
2024-03-27,878.85000000,881.20000000,878.55000000,879.10000000,0.07969035,-0.06281664,0.22231089,0.02469146,2.15678527,2.13237604,3.06220544,-0.97116407,862.17600000,1.96294028,-0.10609576,843.22960000,4.25393036,-0.18369372,778.05000000,12.98759720,0.01273526,58.37104072,8.37104072,-6.29288246,51.19047619,51.98412698,86.50793651,71.42857143,50.39682540,51.98412698,83.73015873,38.88888889,76.98412698,79.36507937,100.00000000,40.07936508,34.92063492,48.01587302,55.95238095,16.26984127
2024-03-28,881.85000000,883.73000000,881.05000000,881.78000000,0.30485724,0.22516689,0.38479053,0.14972195,0.72650842,-1.21468518,4.04974866,0.78156773,863.84300000,2.07641898,0.11347870,845.30180000,4.31540546,0.06147509,778.61400000,13.24995441,0.26235721,67.15126341,17.15126341,8.78022269,69.04761905,60.71428571,61.11111111,80.55555556,62.69841270,55.55555556,26.58730159,55.95238095,78.96825397,80.15873016,100.00000000,61.50793651,54.76190476,67.85714286,73.80952381,90.47619048
2024-04-02,888.54000000,892.54000000,880.32000000,881.42000000,-0.04082651,-0.34568375,0.26390627,0.04159537,0.57968368,-2.30368996,3.88713403,0.19248352,865.20900000,1.87365134,-0.20276764,847.35240000,4.02047601,-0.29492944,779.20565000,13.11776294,-0.13219146,80.00000000,30.00000000,12.84873659,40.87301587,55.15873016,57.53968254,78.17460317,31.74603175,52.77777778,17.06349206,49.20634921,75.39682540,76.98412698,99.60317460,32.53968254,28.57142857,36.90476190,90.07936508,96.42857143
2024-04-03,883.27000000,884.51000000,879.47000000,884.05000000,0.29838216,0.33920867,0.25743383,-0.12735670,0.78663855,-1.95300726,3.50661515,-0.38711911,866.58400000,2.01549994,0.14184860,849.32140000,4.08898210,0.06850608,779.83010000,13.36443669,0.24667375,77.16572505,27.16572505,-2.83427495,68.25396825,54.76190476,64.28571429,75.39682540,66.66666667,44.44444444,19.04761905,44.04761905,78.17460317,77.38095238,100.00000000,62.69841270,55.95238095,66.66666667,85.31746032,30.55555556
2024-04-04,884.88000000,886.82000000,883.21000000,884.17000000,0.01357389,-0.28480826,0.31199655,0.04809028,0.65687614,-1.40077528,3.22456366,-0.91145570,868.23450000,1.83539125,-0.18010869,851.24940000,3.86732725,-0.22165485,780.45510000,13.28902841,-0.07540828,78.40800763,28.40800763,1.24228258,45.63492063,58.33333333,60.31746032,71.82539683,35.71428571,52.77777778,26.58730159,40.07936508,75.39682540,74.60317460,99.60317460,35.71428571,33.33333333,40.87301587,88.09523810,59.52380952
2024-04-05,875.83000000,880.89000000,874.26000000,880.63000000,-0.40037549,-0.41394939,-0.38685595,-0.64428977,0.17404163,-1.98274364,3.46233376,0.20255868,869.41500000,1.28994784,-0.54544341,852.72340000,3.27264386,-0.59468339,781.07525000,12.74585899,-0.54316942,74.90892532,24.90892532,-3.49908231,20.63492063,28.57142857,48.80952381,75.00000000,30.15873016,31.74603175,18.65079365,50.39682540,65.47619048,67.85714286,96.42857143,17.85714286,16.66666667,18.65079365,80.95238095,27.38095238
2024-04-08,879.58000000,885.52000000,879.37000000,884.86000000,0.48033794,0.88071343,0.07803929,-0.23395726,0.34929347,-0.37721494,3.24846561,0.12846658,870.22100000,1.68221636,0.39226852,854.12320000,3.59863776,0.32599390,781.71205000,13.19513368,0.44927469,90.16512870,40.16512870,15.25620338,78.96825397,48.41269841,51.98412698,71.82539683,85.71428571,41.26984127,43.25396825,49.60317460,72.61904762,71.82539683,98.80952381,76.98412698,73.41269841,78.96825397,98.01587302,97.61904762
2024-04-09,884.25000000,888.81000000,879.19000000,881.03000000,-0.43283683,-0.91317477,0.04542203,0.43227797,-0.04424678,-0.62393047,1.41469254,-3.23638620,871.17450000,1.13128885,-0.55092750,855.38900000,2.99758356,-0.60105421,782.31440000,12.61840508,-0.57672860,81.68719498,31.68719498,-8.47793372,19.04761905,46.82539683,40.87301587,50.79365079,14.68253968,61.50793651,37.69841270,22.22222222,62.69841270,66.26984127,95.23809524,17.06349206,16.66666667,17.06349206,92.06349206,9.92063492
2024-04-10,889.56000000,891.56000000,879.35000000,886.67000000,0.64015981,1.07299665,0.20455213,0.12651284,0.29636333,-0.49027522,2.86672235,0.70850013,872.89200000,1.57843124,0.44714239,856.72420000,3.49538393,0.49780037,782.90890000,13.25327889,0.63487381,81.12122664,31.12122664,-0.56596834,84.52380952,51.58730159,50.39682540,67.46031746,87.69841270,54.76190476,40.47619048,55.55555556,71.42857143,69.44444444,99.20634921,78.96825397,79.76190476,84.92063492,91.26984127,46.03174603
2024-04-11,886.41000000,891.11000000,879.51000000,883.79000000,-0.32481081,-0.96497062,0.31326970,0.26784767,-0.04297816,-0.69985430,3.69227520,3.62770378,874.03300000,1.11631941,-0.46211183,857.98720000,3.00736421,-0.48801972,783.48315000,12.80268121,-0.45059769,76.14121880,26.14121880,-4.98000784,24.20634921,58.73015873,41.26984127,76.98412698,12.69841270,58.33333333,35.71428571,77.38095238,61.50793651,65.87301587,95.63492063,23.01587302,20.63492063,21.03174603,81.34920635,21.42857143
2024-04-12,891.55000000,894.52000000,881.14000000,883.45000000,-0.03847068,0.28634013,-0.36315653,-0.56770866,0.32022529,0.14618366,2.61100851,1.89862783,875.18900000,0.94391040,-0.17240901,859.29200000,2.81138426,-0.19597996,784.03070000,12.68053662,-0.12214459,63.41463415,13.41463415,-12.72658465,41.66666667,29.76190476,50.79365079,65.47619048,65.47619048,32.53968254,53.57142857,64.28571429,57.14285714,63.49206349,94.44444444,36.90476190,34.92063492,38.09523810,64.68253968,3.57142857
2024-04-15,883.14000000,890.58000000,881.62000000,884.07000000,0.07017941,0.10865009,0.03168173,-0.28158796,-0.08927966,-0.43857313,2.75940627,0.65762849,876.45500000,0.86884096,-0.07506945,860.53160000,2.73533244,-0.07605182,784.56885000,12.68227129,0.00173467,63.04421195,13.04421195,-0.37042220,50.79365079,46.42857143,40.07936508,66.66666667,58.33333333,39.28571429,41.66666667,54.76190476,55.95238095,63.09523810,94.44444444,43.65079365,44.84126984,48.41269841,63.49206349,48.80952381
2024-04-16,872.36000000,876.96000000,871.06000000,874.67000000,-1.06326422,-1.13344363,-0.99383100,-0.63067447,-0.72188234,-0.67763556,1.85385735,0.06642862,877.59950000,-0.33380830,-1.20264926,861.57440000,1.51996160,-1.21537084,785.04860000,11.41603208,-1.26623921,46.75562533,-3.24437467,-16.28858662,4.36507937,13.09523810,23.41269841,56.74603175,10.71428571,31.74603175,35.31746032,50.00000000,32.53968254,52.77777778,90.07936508,4.36507937,3.96825397,3.96825397,31.34920635,0.39682540
2024-04-17,866.50000000,876.58000000,865.35000000,865.35000000,-1.06554472,-0.00228050,-2.11747939,-2.14916112,-2.40450224,-2.70086557,1.59313438,1.09879159,878.17900000,-1.46086390,-1.12705560,862.39560000,0.34258060,-1.17738100,785.52590000,10.16186736,-1.25416472,35.90408296,-14.09591704,-10.85154237,4.36507937,1.98412698,4.76190476,54.36507937,53.96825397,6.34920635,13.49206349,59.52380952,9.12698413,33.33333333,81.74603175,4.76190476,4.76190476,4.36507937,13.88888889,8.73015873
2024-04-18,868.84000000,868.84000000,862.43000000,865.36000000,0.00115560,1.06670032,-1.06440143,-0.07057043,-2.08533701,-2.04235885,1.35869565,1.86562367,878.41250000,-1.48591920,-0.02505530,863.08100000,0.26405401,-0.07852659,786.08600000,10.08464723,-0.07722013,34.93421053,-15.06578947,-0.96987243,44.84126984,11.90476190,7.14285714,50.39682540,87.30158730,47.61904762,17.85714286,65.07936508,9.12698413,32.53968254,81.34920635,49.20634921,45.23809524,42.06349206,13.09523810,44.44444444
2024-04-19,859.10000000,863.30000000,858.09000000,860.01000000,-0.61823981,-0.61939541,-0.61709135,1.50038803,-2.65323448,-2.97345977,-0.07900638,-0.64452604,878.38600000,-2.09201877,-0.60609957,863.67860000,-0.42476449,-0.68881850,786.61845000,9.33000618,-0.75464105,27.44976176,-22.55023824,-7.48444877,15.87301587,21.42857143,3.17460317,32.93650794,23.41269841,83.33333333,10.71428571,43.65079365,3.96825397,25.79365079,80.55555556,15.87301587,14.28571429,13.88888889,5.55555556,13.49206349
2024-04-22,865.48000000,868.44000000,864.49000000,866.51000000,0.75580517,1.37404497,0.13289267,1.19729410,-1.98626806,-1.89698840,0.69375044,-0.75152707,877.94050000,-1.30196750,0.79005127,864.13380000,0.27498056,0.69974505,787.17220000,10.07883663,0.74883045,36.29847455,-13.70152545,8.84871279,86.50793651,50.00000000,8.73015873,44.04761905,90.87301587,77.38095238,20.23809524,42.85714286,13.09523810,33.33333333,80.95238095,88.09523810,86.90476190,86.50793651,15.07936508,90.47619048
2024-04-23,873.96000000,875.77000000,871.02000000,874.79000000,0.95555735,0.19975219,1.71858467,2.33567602,0.01371946,0.73560180,-0.07196546,-3.45296901,877.86300000,-0.35005462,0.95191288,864.59420000,1.17925843,0.90427787,787.76705000,11.04678725,0.96795062,42.29104229,-7.70895771,5.99256775,91.26984127,95.23809524,44.44444444,33.33333333,61.50793651,94.84126984,64.68253968,21.42857143,33.33333333,47.22222222,86.90476190,93.25396825,90.87301587,91.66666667,25.39682540,82.93650794
2024-04-24,879.44000000,883.13000000,872.78000000,874.02000000,-0.08802113,-1.04357848,0.86669513,0.73380246,1.00190674,3.40640898,-0.26473743,-2.46063019,877.70650000,-0.42001512,-0.06996050,864.97700000,1.04546132,-0.13379711,788.29645000,10.87453204,-0.17225521,41.64058639,-8.35941361,-0.65045590,37.30158730,76.98412698,69.44444444,31.74603175,11.50793651,68.25396825,92.06349206,26.98412698,32.14285714,45.23809524,85.31746032,44.04761905,39.28571429,34.52380952,25.39682540,45.23809524
2024-04-25,872.77000000,877.38000000,864.34000000,870.27000000,-0.42905197,-0.34103084,-0.51669544,-2.23528010,0.56739392,2.65273093,-0.78435843,-3.37860151,877.30000000,-0.80132224,-0.38130712,865.53000000,0.54764133,-0.49781999,788.77380000,10.33201153,-0.54252050,41.49704531,-8.50295469,-0.14354109,20.23809524,26.19047619,57.93650794,25.00000000,32.93650794,5.55555556,85.71428571,21.82539683,21.82539683,37.69841270,81.74603175,25.00000000,19.44444444,19.44444444,24.60317460,49.60317460
2024-04-26,876.43000000,884.78000000,876.37000000,882.63000000,1.42024889,1.84930086,0.98510332,0.11840818,2.63020197,5.28343645,0.48155738,-2.51186483,877.47650000,0.58730918,1.38863141,866.30920000,1.88394629,1.33630496,789.29230000,11.82549228,1.49348074,48.38522810,-1.61477190,6.88818279,96.42857143,82.14285714,91.66666667,41.66666667,96.03174603,54.36507937,98.41269841,26.98412698,50.00000000,55.95238095,91.66666667,96.42857143,96.42857143,96.42857143,36.11111111,86.90476190
2024-04-29,882.58000000,890.12000000,882.17000000,882.27000000,-0.04078719,-1.46103608,1.37888242,1.89557785,1.81879032,3.80505838,0.36059606,-2.70160938,877.50100000,0.54347516,-0.04383401,867.00280000,1.76091704,-0.12302925,789.83640000,11.70287923,-0.12261305,50.94541019,0.94541019,2.56018209,41.66666667,89.28571429,84.52380952,40.87301587,6.34920635,89.68253968,94.44444444,25.79365079,49.20634921,54.76190476,90.47619048,47.22222222,40.47619048,38.09523810,42.85714286,67.85714286
2024-04-30,884.15000000,884.64000000,877.88000000,878.83000000,-0.38990332,-0.34911612,-0.43053148,-1.41563480,0.46182512,0.44810566,-0.33455057,-4.38429923,877.37150000,0.16623517,-0.37723999,867.41720000,1.31572212,-0.44519491,790.35815000,11.19389355,-0.50898568,43.81508362,-6.18491638,-7.13032656,21.42857143,27.77777778,54.36507937,31.34920635,32.14285714,17.06349206,57.14285714,15.07936508,42.85714286,49.20634921,87.69841270,25.79365079,23.01587302,19.84126984,27.77777778,13.88888889
2024-05-02,873.54000000,881.28000000,873.51000000,878.71000000,-0.01365452,0.37624880,-0.40350460,-1.78238701,0.53660099,-0.46530575,-0.30745842,-4.19459245,877.10450000,0.18304546,0.01681029,867.87440000,1.24852168,-0.06720045,790.87655000,11.10583567,-0.08805788,45.80996371,-4.19003629,1.99488009,44.44444444,28.57142857,55.55555556,31.34920635,68.65079365,12.69841270,40.47619048,16.26984127,43.25396825,47.22222222,86.50793651,52.77777778,47.22222222,41.66666667,31.34920635,66.26984127
2024-05-03,881.80000000,889.77000000,881.80000000,887.44000000,0.99350184,1.00715636,0.97971166,1.41024314,1.97295092,1.40555701,0.38346247,-3.12315268,877.26800000,1.15950884,0.97646338,868.65760000,2.16223285,0.91371118,791.46565000,12.12615481,1.02031914,52.89088538,2.89088538,7.08092167,92.46031746,81.74603175,86.11111111,40.87301587,86.90476190,81.34920635,73.41269841,24.60317460,63.88888889,59.12698413,92.46031746,94.04761905,90.87301587,93.25396825,46.82539683,88.09523810
2024-05-06,890.64000000,893.76000000,888.90000000,891.13000000,0.41580276,-0.57769908,1.41343560,1.81694020,0.96303094,-1.66717103,0.78717894,-2.43738472,877.79300000,1.51937871,0.35986988,869.54440000,2.48240343,0.32017058,792.05255000,12.50894906,0.38279425,54.89733629,4.89733629,2.00645091,74.60317460,90.47619048,67.46031746,46.03174603,25.00000000,88.88888889,24.60317460,30.15873016,71.03174603,62.30158730,93.25396825,74.60317460,72.22222222,73.80952381,49.60317460,66.26984127
2024-05-07,896.00000000,900.76000000,894.25000000,900.06000000,1.00209846,0.58629570,1.42206797,0.44235631,2.01638954,0.19759922,2.20637498,-1.25595877,878.55300000,2.44800257,0.92862385,870.39540000,3.40817518,0.92577175,792.69510000,13.54428708,1.03533802,67.72797095,17.72797095,12.83063466,92.85714286,90.47619048,86.11111111,64.68253968,75.39682540,61.90476190,53.57142857,40.07936508,85.71428571,68.25396825,100.00000000,91.66666667,91.66666667,93.25396825,74.20634921,96.03174603
2024-05-08,901.07000000,902.49000000,897.90000000,899.60000000,-0.05110770,-1.05320616,0.95047861,-0.46295700,2.36336948,1.90154436,1.66580024,-1.58266537,879.48150000,2.28754101,-0.16046156,871.28800000,3.24944221,-0.15873298,793.29405000,13.40057322,-0.14371386,77.29083665,27.29083665,9.56286570,40.47619048,77.38095238,88.88888889,56.74603175,11.50793651,34.12698413,80.55555556,34.52380952,83.73015873,66.26984127,99.60317460,38.49206349,37.30158730,35.31746032,84.12698413,91.66666667
2024-05-09,900.84000000,905.61000000,900.84000000,904.21000000,0.51244998,0.56355768,0.46108037,-0.96098760,2.90198131,2.36538032,2.63101143,1.21631889,880.35850000,2.70929400,0.42175299,872.31480000,3.65638643,0.40694423,793.93780000,13.88927445,0.48870123,78.84187082,28.84187082,1.55103417,78.96825397,61.50793651,94.84126984,67.46031746,73.41269841,25.79365079,83.33333333,63.09523810,89.28571429,72.22222222,100.00000000,76.98412698,75.79365079,79.36507937,86.90476190,62.30158730
2024-05-10,906.22000000,911.44000000,906.22000000,910.59000000,0.70558830,0.19313833,1.22165407,0.27117546,2.60862706,0.63567614,2.69773422,-0.16898813,881.69850000,3.27680040,0.56750641,873.46700000,4.25007470,0.59368827,794.53045000,14.60731304,0.71803859,86.98449839,36.98449839,8.14262757,84.92063492,86.11111111,90.87301587,68.25396825,61.50793651,59.12698413,61.11111111,49.20634921,93.25396825,78.57142857,100.00000000,83.73015873,82.93650794,85.31746032,96.82539683,88.88888889
2024-05-13,912.70000000,913.54000000,910.03000000,911.91000000,0.14496096,-0.56062734,0.85157209,0.39049172,2.33187077,1.36883983,3.18175132,-0.51052388,883.12150000,3.25985722,-0.01694318,874.75600000,4.24735583,-0.00271887,795.11865000,14.68854365,0.08123062,85.91772152,35.91772152,-1.06677687,59.12698413,74.60317460,86.90476190,73.01587302,26.19047619,61.50793651,73.41269841,45.63492063,92.85714286,78.17460317,100.00000000,50.39682540,50.79365079,55.55555556,95.23809524,41.66666667
2024-05-14,911.16000000,912.71000000,908.36000000,910.63000000,-0.14036473,-0.28532569,0.00439276,-1.21726131,1.17436615,-0.84202339,3.07657479,0.46556628,884.44950000,2.96008986,-0.29976736,875.99980000,3.95322008,-0.29413575,795.71180000,14.44218874,-0.24635491,81.88612100,31.88612100,-4.03160052,34.12698413,45.63492063,71.03174603,71.42857143,36.90476190,21.42857143,31.74603175,55.55555556,90.47619048,75.00000000,99.20634921,27.38095238,28.57142857,30.15873016,91.26984127,25.00000000
2024-05-15,913.34000000,914.45000000,909.36000000,913.39000000,0.30308687,0.44345160,0.16229672,-0.68927537,1.53290351,-0.83046597,3.31647946,0.55707319,886.38550000,3.04658639,0.08649653,877.18560000,4.12733634,0.17411626,796.34805000,14.69733617,0.25514743,83.82883657,33.82883657,1.94271557,68.25396825,49.60317460,77.77777778,75.39682540,69.04761905,30.95238095,32.93650794,55.95238095,91.26984127,76.58730159,100.00000000,59.12698413,64.28571429,67.06349206,92.85714286,65.87301587
2024-05-16,913.48000000,914.05000000,909.60000000,913.56000000,0.01861198,-0.28447489,0.32175527,0.31736251,1.03405182,-1.86792949,4.44624830,2.59239095,888.79600000,2.78624116,-0.26034523,878.32580000,4.01151828,-0.11581806,797.04070000,14.61898997,-0.07834620,89.63559788,39.63559788,5.80676131,47.61904762,58.33333333,67.85714286,85.71428571,37.30158730,60.31746032,20.63492063,73.41269841,88.09523810,75.00000000,99.20634921,28.96825397,42.46031746,43.25396825,97.61904762,81.74603175
2024-05-17,911.09000000,914.70000000,908.73000000,913.25000000,-0.03393318,-0.05254517,-0.01532752,-0.17762423,0.29211830,-2.31650877,5.53533252,3.94219815,891.19050000,2.47528446,-0.31095670,879.56760000,3.82942710,-0.18209118,797.75660000,14.47727289,-0.14171708,85.97274436,35.97274436,-3.66285351,43.25396825,44.44444444,48.01587302,91.26984127,51.58730159,44.04761905,16.26984127,82.53968254,84.12698413,71.82539683,98.41269841,27.38095238,36.50793651,36.11111111,94.84126984,26.19047619
2024-05-20,912.89000000,915.06000000,912.66000000,914.95000000,0.18614837,0.22008156,0.15215202,-0.16960325,0.33336623,-1.99850454,5.73056300,4.37186735,893.93750000,2.35055583,-0.12472864,880.72620000,3.88586146,0.05643437,798.46780000,14.58821508,0.11094219,87.22095672,37.22095672,1.24821236,62.30158730,49.60317460,49.60317460,92.06349206,62.30158730,44.04761905,18.65079365,86.90476190,81.74603175,72.61904762,98.41269841,41.66666667,56.74603175,60.31746032,96.42857143,59.52380952
2024-05-21,911.61000000,912.66000000,908.76000000,911.51000000,-0.37597683,-0.56212520,-0.19052833,-0.17520082,0.09663639,-1.07772976,5.98830246,6.06730884,896.18750000,1.70974266,-0.64081317,881.58160000,3.39485307,-0.49100839,799.16470000,14.05784064,-0.53037444,87.22095672,37.22095672,-0.00000000,21.42857143,37.30158730,43.65079365,92.85714286,25.39682540,43.65079365,30.95238095,92.46031746,71.42857143,64.68253968,97.22222222,13.88888889,20.23809524,18.65079365,96.03174603,50.79365079
2024-05-22,910.76000000,912.34000000,908.64000000,910.52000000,-0.10861099,0.26736584,-0.48417946,-0.63633148,-0.31421408,-1.84711759,5.07899505,4.38524461,897.97400000,1.39714513,-0.31259753,882.55280000,3.16889822,-0.22595485,799.88230000,13.83174750,-0.22609315,85.52602189,35.52602189,-1.69493483,36.11111111,25.39682540,32.14285714,86.90476190,65.07936508,30.55555556,21.42857143,86.50793651,66.26984127,61.90476190,96.42857143,27.38095238,32.93650794,32.14285714,93.25396825,37.69841270
2024-05-23,916.11000000,918.85000000,912.45000000,914.27000000,0.41185257,0.52046355,0.30279426,0.49332260,0.07771794,-0.95633389,4.51308314,4.58504860,899.98650000,1.58707936,0.18993423,883.79180000,3.44857239,0.27967417,800.60255000,14.19773769,0.36599020,83.71450113,33.71450113,-1.81152076,74.20634921,56.74603175,43.25396825,84.52380952,71.82539683,64.68253968,30.95238095,86.50793651,69.04761905,65.47619048,97.22222222,67.85714286,69.04761905,73.41269841,90.07936508,36.90476190
2024-05-24,906.43000000,915.70000000,905.42000000,915.21000000,0.10281427,-0.30903830,0.51509028,0.99926974,0.21461812,-0.07750017,4.71270680,4.97744423,902.23350000,1.43826404,-0.14881532,884.87660000,3.42798081,-0.02059158,801.28965000,14.21712486,0.01938716,82.50539957,32.50539957,-1.20910156,54.76190476,65.07936508,46.42857143,85.71428571,34.92063492,75.39682540,50.39682540,88.09523810,67.06349206,64.68253968,97.22222222,40.47619048,50.79365079,51.19047619,88.49206349,40.87301587
2024-05-27,914.18000000,916.04000000,913.39000000,916.04000000,0.09068957,-0.01212470,0.19359708,-0.10919719,0.11913219,-0.21423404,5.25928735,6.04364578,903.90400000,1.34262046,-0.09564359,885.99080000,3.39159278,-0.03638803,802.04405000,14.21317819,-0.00394666,77.60884589,27.60884589,-4.89655368,53.57142857,50.79365079,44.04761905,87.30158730,53.17460317,45.63492063,46.82539683,92.06349206,65.07936508,63.09523810,96.82539683,44.04761905,48.80952381,48.80952381,81.74603175,20.63492063
2024-05-28,916.43000000,916.80000000,910.24000000,912.23000000,-0.41592070,-0.50661027,-0.32560833,-0.84069861,0.07898981,-0.01764659,3.35361363,2.87205625,905.40200000,0.75414015,-0.58848031,887.06040000,2.83741671,-0.55417607,802.77415000,13.63470037,-0.57847782,69.55713843,19.55713843,-8.05170746,18.25396825,31.34920635,42.46031746,73.01587302,26.19047619,26.58730159,50.39682540,74.20634921,50.39682540,57.93650794,94.84126984,15.07936508,16.26984127,15.47619048,71.03174603,10.31746032
2024-05-29,912.47000000,912.82000000,903.14000000,905.83000000,-0.70157745,-0.28565675,-1.11458015,-1.30817723,-0.51509028,-0.20087620,2.67038435,2.30978829,906.75200000,-0.10168161,-0.85582176,888.14140000,1.99164232,-0.84577439,803.50690000,12.73456395,-0.90013642,52.37676056,2.37676056,-17.18037787,10.71428571,8.33333333,25.79365079,62.69841270,36.50793651,17.06349206,47.22222222,68.65079365,35.31746032,51.98412698,88.49206349,5.95238095,7.14285714,7.53968254,41.66666667,0.39682540
2024-05-30,902.92000000,907.71000000,902.17000000,905.58000000,-0.02759900,0.67397846,-0.72898282,-0.40337449,-0.95048509,-1.02820303,3.04381962,3.37837019,908.09550000,-0.27700831,-0.17532670,889.17780000,1.84464794,-0.14699438,804.25055000,12.59923913,-0.13532482,41.03756708,-8.96243292,-11.33919348,44.04761905,16.66666667,17.85714286,67.06349206,78.96825397,36.50793651,30.15873016,76.58730159,32.14285714,49.20634921,86.50793651,36.90476190,39.28571429,36.90476190,21.03174603,6.74603175
2024-05-31,905.56000000,909.43000000,902.32000000,903.61000000,-0.21754014,-0.18994114,-0.24507910,0.86950105,-1.26746867,-1.48208679,2.83369940,3.14115782,908.90400000,-0.58245975,-0.30545144,890.03620000,1.52508404,-0.31956391,805.08045000,12.23847257,-0.36076657,35.48951049,-14.51048951,-5.54805659,28.96825397,36.11111111,12.69841270,64.68253968,42.85714286,73.80952381,26.19047619,75.39682540,25.39682540,46.42857143,85.31746032,27.77777778,27.38095238,25.79365079,13.09523810,17.85714286
2024-06-03,913.58000000,914.29000000,904.54000000,905.10000000,0.16489415,0.38243429,-0.05300470,0.67597812,-1.19427099,-1.31340319,1.98999369,1.60653122,909.60250000,-0.49499644,0.08746331,890.92740000,1.59076935,0.06568531,805.93075000,12.30493439,0.06646182,40.40263797,-9.59736203,4.91312748,61.50793651,43.65079365,13.49206349,55.15873016,68.65079365,69.04761905,27.77777778,60.71428571,27.77777778,46.82539683,85.71428571,60.71428571,59.12698413,55.15873016,21.03174603,78.96825397
2024-06-04,904.54000000,906.43000000,897.69000000,901.68000000,-0.37785880,-0.54275295,-0.21358772,0.03149138,-1.15650658,-1.23549639,1.18389012,0.39671118,909.68350000,-0.87981149,-0.38481505,891.45260000,1.14727356,-0.44349579,806.77120000,11.76402926,-0.54090513,30.13233797,-19.86766203,-10.27030000,21.03174603,36.90476190,14.28571429,44.84126984,25.39682540,51.98412698,28.57142857,51.98412698,17.85714286,39.28571429,82.14285714,23.80952381,22.61904762,18.25396825,8.33333333,9.52380952
2024-06-05,906.92000000,919.40000000,906.26000000,918.67000000,1.88426049,2.26211929,1.49928185,1.55228655,1.41748452,1.93257480,2.06763994,-0.13873505,910.63700000,0.88212976,1.76194126,892.29920000,2.95537640,1.80810284,807.67350000,13.74274382,1.97871456,55.51955066,5.51955066,25.38721269,98.41269841,91.66666667,76.98412698,56.34920635,99.60317460,86.11111111,80.95238095,46.42857143,53.57142857,58.73015873,94.84126984,98.41269841,98.01587302,99.20634921,48.01587302,100.00000000
2024-06-06,923.91000000,924.87000000,920.32000000,923.36000000,0.51052064,-1.37373985,2.40440067,2.61798839,1.96338258,2.91386767,2.64117386,0.97537362,911.59450000,1.29065061,0.40852085,893.22340000,3.37391519,0.41853879,808.58665000,14.19431671,0.45157289,59.97631735,9.97631735,4.45676669,79.36507937,97.61904762,83.73015873,61.50793651,7.14285714,98.01587302,87.30158730,57.93650794,62.69841270,62.30158730,96.03174603,77.77777778,76.98412698,78.17460317,56.34920635,76.19047619
2024-06-07,926.61000000,927.44000000,919.99000000,923.71000000,0.03790504,-0.47261560,0.54861920,-0.95066265,2.22441097,3.49187964,2.15657867,-0.47443276,912.25050000,1.25617909,-0.03447153,894.12960000,3.30828998,-0.06562521,809.53525000,14.10374039,-0.09057633,58.88077859,8.88077859,-1.09553876,48.41269841,66.26984127,85.71428571,56.74603175,28.57142857,24.20634921,92.06349206,42.46031746,61.50793651,61.90476190,95.63492063,49.20634921,47.61904762,41.26984127,54.36507937,41.66666667
2024-06-10,920.64000000,924.70000000,917.76000000,924.70000000,0.10717649,0.06927145,0.14512216,-2.25927851,2.16550657,3.35977757,1.54954480,-1.14818942,912.89000000,1.29369365,0.03751457,895.04160000,3.31363369,0.00534371,810.49190000,14.09120807,-0.01253232,64.07083422,14.07083422,5.19005563,55.55555556,48.80952381,85.31746032,49.20634921,57.93650794,3.96825397,90.07936508,36.11111111,62.69841270,61.90476190,95.23809524,55.95238095,53.57142857,48.01587302,63.49206349,80.15873016
2024-06-11,927.20000000,927.79000000,916.81000000,921.25000000,-0.37309398,-0.48027047,-0.26631735,-0.81493655,2.17039304,3.32689963,1.02422388,-2.15752744,913.42100000,0.85710751,-0.43658614,895.83100000,2.83747716,-0.47615653,811.38935000,13.53981908,-0.55138899,60.87573485,10.87573485,-3.19509938,21.82539683,34.12698413,85.31746032,43.25396825,27.77777778,27.77777778,89.68253968,27.38095238,51.98412698,56.34920635,92.46031746,22.61904762,20.63492063,17.06349206,57.14285714,29.36507937
2024-06-12,924.79000000,934.59000000,924.01000000,931.79000000,1.14409769,1.51719167,0.76673516,0.62161299,1.42815157,0.01066705,2.32366603,-0.75290876,914.34100000,1.90836898,1.05126147,896.83840000,3.89720155,1.05972439,812.31885000,14.70742061,1.16760154,65.60940841,15.60940841,4.73367356,94.44444444,74.20634921,75.79365079,58.33333333,92.85714286,67.46031746,51.19047619,41.26984127,75.00000000,73.01587302,100.00000000,94.84126984,94.04761905,94.44444444,66.66666667,77.77777778
2024-06-13,932.00000000,933.32000000,923.18000000,924.61000000,-0.77055989,-1.91465758,0.36472185,0.63103920,0.13537515,-1.82800743,1.22839094,-2.08808853,914.89350000,1.06203618,-0.84633280,897.64960000,3.00344366,-0.89375789,813.21475000,13.69813447,-1.00928614,57.53688262,7.53688262,-8.07252579,7.93650794,60.71428571,45.23809524,44.84126984,1.98412698,67.46031746,21.42857143,28.17460317,55.95238095,57.93650794,92.85714286,6.74603175,6.34920635,5.15873016,51.19047619,11.50793651
2024-06-14,926.60000000,929.39000000,916.05000000,918.72000000,-0.63702534,0.13353455,-1.40267657,-2.16941173,-0.54021284,-2.76462381,0.56482333,-3.88142497,915.16700000,0.38823515,-0.67380103,898.34060000,2.26856050,-0.73488316,814.09025000,12.85235267,-0.84578180,51.98754079,1.98754079,-5.54934183,13.09523810,3.96825397,26.58730159,38.09523810,58.33333333,5.55555556,12.69841270,16.66666667,42.06349206,51.19047619,86.90476190,13.09523810,11.11111111,9.52380952,41.26984127,18.25396825
2024-06-17,923.18000000,928.02000000,918.67000000,923.12000000,0.47892720,1.11595254,-0.16114902,-0.52587087,-0.17086623,-2.33637280,1.08075554,-4.45457698,915.57550000,0.82401724,0.43578209,899.19040000,2.66123838,0.39267788,814.97560000,13.26964881,0.41729614,58.00617556,8.00617556,6.01863477,77.77777778,38.49206349,36.50793651,43.25396825,88.88888889,33.33333333,15.87301587,13.88888889,50.79365079,53.57142857,90.07936508,78.57142857,75.79365079,75.79365079,51.98412698,82.93650794
2024-06-18,927.94000000,928.90000000,924.55000000,928.19000000,0.54922437,0.07029717,1.03078196,2.43345853,0.75332429,-1.41706876,1.44707361,-4.28348939,916.40950000,1.28550610,0.46148885,900.05700000,3.12569093,0.46445255,815.87940000,13.76558839,0.49593959,66.76664667,16.76664667,8.76047111,80.55555556,82.93650794,61.50793651,47.61904762,57.14285714,97.22222222,27.38095238,15.07936508,61.90476190,58.73015873,93.25396825,79.36507937,78.17460317,80.55555556,67.85714286,90.07936508
2024-06-19,928.81000000,929.28000000,924.50000000,924.78000000,-0.36738168,-0.91660605,0.17982494,0.34097397,-0.75231544,-2.18046700,1.45582605,-4.53247641,917.12250000,0.83494844,-0.45055766,900.93200000,2.64703662,-0.47865430,816.76775000,13.22435294,-0.54123545,63.74570447,13.74570447,-3.02094220,22.22222222,50.00000000,21.03174603,47.61904762,14.28571429,59.92063492,16.66666667,13.88888889,51.19047619,52.77777778,88.49206349,21.42857143,20.23809524,18.25396825,62.69841270,29.76190476
2024-06-20,927.21000000,933.95000000,926.65000000,933.84000000,0.97969247,1.34707415,0.60871158,-0.42207038,0.99825873,0.86288357,2.56117383,-2.51782121,918.10100000,1.71429941,0.87935097,901.87540000,3.54423682,0.89720020,817.70980000,14.20188434,0.97753139,69.64773170,19.64773170,5.90202724,91.26984127,68.65079365,67.06349206,59.52380952,90.87301587,34.92063492,65.87301587,25.39682540,71.03174603,67.06349206,96.03174603,90.47619048,90.87301587,91.66666667,71.03174603,81.74603175
2024-06-21,931.46000000,931.63000000,923.10000000,925.23000000,-0.92199949,-1.90169195,0.04866022,-0.13116472,0.70859457,1.24880740,1.19877060,-3.31431254,918.60200000,0.72153120,-0.99276821,902.70420000,2.49536891,-1.04886791,818.63740000,13.02073421,-1.18115013,61.97501487,11.97501487,-7.67271683,5.15873016,44.84126984,59.52380952,43.25396825,2.38095238,44.84126984,71.42857143,21.03174603,47.22222222,51.58730159,86.90476190,4.76190476,4.76190476,4.36507937,57.14285714,11.50793651
2024-06-24,924.41000000,930.05000000,922.35000000,926.40000000,0.12645504,1.04845453,-0.79671036,-1.40542194,0.35531675,0.52618298,1.22267021,-3.49003660,919.12000000,0.79206197,0.07053078,903.56320000,2.52741590,0.03204699,819.57395000,13.03433937,0.01360516,65.11002445,15.11002445,3.13500958,57.53968254,14.68253968,50.00000000,43.25396825,86.90476190,16.26984127,59.92063492,20.23809524,48.80952381,51.98412698,86.90476190,59.12698413,55.95238095,50.39682540,65.87301587,71.03174603
2024-06-25,922.27000000,927.46000000,920.44000000,926.64000000,0.02590674,-0.10054831,0.15239454,0.10373432,-0.16699167,-0.92031596,1.15715471,-4.10213264,919.84050000,0.73920424,-0.05285773,904.41460000,2.45743490,-0.06998100,820.51270000,12.93426659,-0.10007278,56.12605688,6.12605688,-8.98396757,48.01587302,49.20634921,35.31746032,41.66666667,48.80952381,55.55555556,32.53968254,16.66666667,47.22222222,50.00000000,85.31746032,47.61904762,46.82539683,40.87301587,46.82539683,9.52380952
2024-06-26,931.24000000,933.85000000,920.57000000,923.13000000,-0.37878788,-0.40469461,-0.35297927,0.44373108,-0.17842081,0.57389462,1.19487410,-2.15873953,920.70550000,0.26333067,-0.47587357,905.38380000,1.96007483,-0.49736007,821.44490000,12.37880958,-0.55545700,49.81994677,-0.18005323,-6.30611011,21.03174603,29.36507937,34.52380952,43.25396825,31.34920635,64.68253968,60.71428571,30.15873016,38.09523810,45.63492063,79.76190476,21.03174603,18.25396825,16.66666667,34.92063492,15.87301587
2024-06-27,925.11000000,928.84000000,924.51000000,925.11000000,0.21448767,0.59327555,-0.16511267,-0.31750720,-0.93484965,-1.93310838,2.12843470,-0.54194965,921.68200000,0.37192871,0.10859804,906.57900000,2.04405794,0.08398310,822.39580000,12.48963091,0.11082132,51.06870229,1.06870229,1.24875552,64.28571429,37.69841270,17.85714286,56.34920635,75.00000000,38.09523810,18.65079365,45.23809524,40.07936508,46.82539683,79.76190476,63.09523810,61.90476190,60.71428571,38.88888889,61.50793651
2024-06-28,929.67000000,930.91000000,922.41000000,923.85000000,-0.13620002,-0.35068769,0.07799552,0.43097479,-0.14915210,-0.85774667,2.01749155,-1.02632807,922.69400000,0.12528531,-0.24664341,907.74880000,1.77375062,-0.27030731,823.29275000,12.21403322,-0.27559768,49.35380873,-0.64619127,-1.71489356,34.12698413,47.61904762,36.50793651,54.76190476,32.93650794,63.09523810,34.12698413,39.68253968,36.50793651,43.65079365,77.77777778,31.74603175,31.74603175,28.57142857,33.33333333,39.68253968
2024-07-01,929.65000000,929.72000000,921.71000000,923.05000000,-0.08659414,0.04960588,-0.22267622,-0.05756356,-0.36161485,-0.71693161,2.15137061,-0.68232879,923.59150000,-0.05862982,-0.18391512,909.00960000,1.54458215,-0.22916848,824.20045000,11.99338705,-0.22064618,51.42585551,1.42585551,2.07204679,38.09523810,35.71428571,29.76190476,56.34920635,55.55555556,48.01587302,38.49206349,44.44444444,35.31746032,41.26984127,76.58730159,36.50793651,33.33333333,33.73015873,39.68253968,68.25396825
2024-07-02,920.35000000,924.61000000,915.81000000,924.61000000,0.16900493,0.25559907,0.08226444,0.00426892,-0.21907105,-0.05207938,2.15556292,0.16556923,924.73800000,-0.01384176,0.04478806,910.17160000,1.58633822,0.04175608,825.14425000,12.05434686,0.06095982,43.36904322,-6.63095678,-8.05681229,61.90476190,48.41269841,34.92063492,56.34920635,63.49206349,50.79365079,51.98412698,53.17460317,35.71428571,41.26984127,76.58730159,57.93650794,57.53968254,55.95238095,25.00000000,11.11111111
2024-07-03,930.28000000,934.51000000,930.08000000,931.09000000,0.70083603,0.53183110,0.87102540,1.09370163,0.86228375,1.04070457,3.26168929,2.07779917,925.35900000,0.61932720,0.63316896,911.29760000,2.17189204,0.58555381,826.12505000,12.70569752,0.65135066,56.06287425,6.06287425,12.69383103,85.71428571,78.17460317,66.26984127,70.63492063,70.23809524,78.57142857,69.44444444,68.25396825,45.63492063,48.01587302,82.14285714,85.71428571,83.33333333,84.92063492,47.61904762,95.63492063
2024-07-04,934.31000000,937.46000000,933.26000000,934.82000000,0.40060574,-0.30023029,1.10424936,1.02198492,1.04960491,1.98445456,1.75797620,-0.30966373,925.93200000,0.95989770,0.34057050,912.51360000,2.44450055,0.27260852,827.10755000,13.02278646,0.31708894,65.69812793,15.69812793,9.63525367,72.61904762,85.71428571,70.63492063,49.60317460,35.31746032,76.58730159,82.14285714,47.22222222,54.36507937,50.00000000,86.50793651,73.80952381,69.04761905,70.23809524,66.26984127,91.66666667
2024-07-05,938.97000000,940.16000000,931.35000000,933.76000000,-0.11339081,-0.51399655,0.28676068,-0.58426473,1.07268496,1.22183706,1.12632126,-1.51485259,926.43450000,0.79071969,-0.16917801,913.78340000,2.18614170,-0.25835885,828.11775000,12.75691168,-0.26587477,61.09720484,11.09720484,-4.60092309,35.71428571,56.74603175,70.63492063,40.07936508,26.58730159,29.76190476,72.61904762,34.12698413,49.20634921,47.61904762,82.53968254,38.88888889,31.34920635,28.57142857,55.95238095,24.20634921
2024-07-08,933.33000000,938.30000000,932.15000000,932.85000000,-0.09745545,0.01593536,-0.21073576,-1.31498512,1.06169763,1.42331249,0.98948804,-1.16709063,926.84200000,0.64822267,-0.14249701,914.78780000,1.97446883,-0.21167287,829.13155000,12.50928758,-0.24762410,55.32206487,5.32206487,-5.77513997,36.90476190,35.31746032,70.23809524,38.49206349,54.36507937,16.66666667,75.79365079,37.30158730,45.23809524,44.84126984,78.96825397,41.66666667,34.92063492,30.15873016,45.23809524,17.85714286
2024-07-09,931.94000000,937.30000000,930.00000000,930.70000000,-0.23047650,-0.13302105,-0.32770733,-0.61446801,0.65865608,0.87772713,0.64885909,-0.90068571,927.31450000,0.36508649,-0.28313618,915.75640000,1.63183135,-0.34263749,830.15185000,12.11201902,-0.39726856,56.96142992,6.96142992,1.63936505,28.57142857,29.76190476,58.73015873,35.71428571,47.22222222,30.15873016,65.87301587,40.87301587,39.28571429,40.87301587,75.00000000,29.36507937,26.98412698,22.61904762,49.20634921,65.87301587
2024-07-10,931.92000000,939.62000000,930.02000000,939.62000000,0.95841839,1.18889489,0.72573297,0.93646873,0.91613056,0.05384680,1.99402985,0.96980597,927.70600000,1.28424307,0.91915657,916.97220000,2.46984587,0.83801452,831.24280000,13.03797158,0.92595255,56.81925437,6.81925437,-0.14217555,91.26984127,73.01587302,66.26984127,52.77777778,89.28571429,76.19047619,51.19047619,59.92063492,62.30158730,50.39682540,86.90476190,91.66666667,90.07936508,89.68253968,49.20634921,51.19047619
2024-07-11,944.25000000,944.94000000,936.00000000,936.06000000,-0.37887657,-1.33729496,0.57591060,0.90361794,0.13264586,-0.91695905,0.45825776,-1.86540827,928.27850000,0.83827213,-0.44597093,918.11920000,1.95408178,-0.51576409,832.31440000,12.46471285,-0.57325872,64.50575944,14.50575944,7.68650508,20.23809524,69.04761905,44.44444444,32.53968254,8.33333333,75.39682540,31.74603175,31.34920635,51.98412698,44.04761905,77.38095238,22.22222222,17.06349206,15.87301587,63.49206349,88.49206349
2024-07-12,936.16000000,946.96000000,935.99000000,944.91000000,0.94545221,1.32432878,0.56299355,-0.16273942,1.19409698,0.12141202,2.19552027,0.96712933,929.58800000,1.64825708,0.80998494,919.26860000,2.78932621,0.83524443,833.40900000,13.37890520,0.91419234,70.56209731,20.56209731,6.05633787,89.68253968,67.85714286,74.60317460,57.14285714,90.87301587,43.65079365,54.36507937,59.52380952,69.44444444,53.17460317,90.07936508,88.88888889,89.68253968,89.28571429,71.82539683,82.93650794
2024-07-15,943.42000000,949.14000000,937.47000000,937.47000000,-0.78737658,-1.73282879,0.15063137,-0.42527924,0.49525647,-0.56644116,2.04088297,1.47605964,930.30550000,0.77012336,-0.87813371,920.19540000,1.87727520,-0.91205101,834.45240000,12.34553343,-1.03337177,60.37157633,10.37157633,-10.19052099,7.14285714,49.60317460,54.76190476,53.17460317,4.36507937,33.73015873,40.07936508,63.88888889,49.20634921,42.06349206,76.19047619,5.15873016,5.95238095,4.36507937,55.15873016,8.33333333
2024-07-16,932.21000000,937.06000000,931.48000000,933.47000000,-0.42668032,0.36069626,-1.21069732,-1.77369087,0.29762544,-0.36103064,1.12119768,0.04044213,930.56950000,0.31169085,-0.45843251,920.86360000,1.36897582,-0.50829938,835.49885000,11.72606641,-0.61946702,59.81024668,9.81024668,-0.56132965,17.85714286,5.15873016,48.41269841,38.88888889,67.46031746,10.31746032,46.03174603,51.19047619,38.09523810,36.50793651,69.84126984,21.42857143,17.46031746,14.68253968,53.96825397,47.61904762
2024-07-17,925.50000000,927.28000000,916.54000000,916.54000000,-1.81366300,-1.38698268,-2.23260478,-2.38323615,-2.45631213,-3.37244268,-1.25513095,-2.70220456,930.15750000,-1.46399938,-1.77569023,921.20240000,-0.50612113,-1.87509695,836.48320000,9.57064051,-2.15542590,43.66592757,-6.33407243,-16.14431911,0.39682540,0.79365079,3.17460317,17.06349206,7.93650794,3.17460317,6.34920635,24.60317460,7.93650794,21.82539683,56.34920635,0.79365079,0.39682540,0.39682540,25.39682540,1.19047619
2024-07-18,922.21000000,926.53000000,915.68000000,916.04000000,-0.05455299,1.75911001,-1.86722658,-0.65652927,-2.13875179,-2.27139765,-0.94508964,-2.40091569,929.26750000,-1.42343297,0.04056640,921.43900000,-0.58593135,-0.07981022,837.45910000,9.38325227,-0.18738824,44.16205711,-5.83794289,0.49612954,42.06349206,2.77777778,5.55555556,18.65079365,95.23809524,28.96825397,13.49206349,28.57142857,9.12698413,20.63492063,55.95238095,58.33333333,48.41269841,35.71428571,26.58730159,54.76190476
2024-07-19,913.98000000,915.93000000,906.51000000,907.31000000,-0.95301515,-0.89846216,-1.00704825,1.22555653,-3.97921495,-5.17331194,-2.84095777,-5.40213160,928.37150000,-2.26865000,-0.84521702,921.37340000,-1.52635186,-0.94042050,838.38690000,8.22091805,-1.16233422,39.48142208,-10.51857792,-4.68063503,4.76190476,11.50793651,0.79365079,9.52380952,16.26984127,80.55555556,1.19047619,10.71428571,3.17460317,18.65079365,53.17460317,7.53968254,5.95238095,4.36507937,17.46031746,24.20634921
2024-07-22,910.23000000,920.32000000,909.65000000,916.95000000,1.06248140,2.01549655,0.09934064,1.96656722,-2.18887004,-2.68412652,-0.89491262,-2.09368322,927.89900000,-1.17997756,1.08867243,921.47420000,-0.49097414,1.03537772,839.33815000,9.24679165,1.02587360,45.37997587,-4.62002413,5.89855379,94.04761905,49.20634921,5.95238095,20.23809524,97.61904762,93.25396825,11.11111111,31.74603175,14.28571429,23.01587302,54.76190476,95.23809524,94.04761905,93.25396825,28.17460317,81.74603175
2024-07-23,918.36000000,921.71000000,913.60000000,914.97000000,-0.21593326,-1.27841466,0.84425389,1.85130214,-1.98185266,-2.27947810,-1.23380829,-2.45647850,927.31550000,-1.33131604,-0.15133848,921.56100000,-0.71519954,-0.22422540,840.28300000,8.88831501,-0.35847665,39.71938776,-10.28061224,-5.66058812,30.55555556,77.77777778,8.33333333,18.25396825,9.52380952,90.87301587,13.88888889,28.17460317,11.50793651,21.03174603,53.96825397,41.66666667,34.92063492,27.38095238,17.85714286,18.65079365
2024-07-24,907.52000000,911.48000000,902.49000000,903.46000000,-1.25796474,-1.04203149,-1.47118163,-1.57052227,-1.42710629,1.02920584,-2.50151083,-3.65866554,926.33200000,-2.46909315,-1.13777711,921.36240000,-1.94303566,-1.22783612,841.10585000,7.41335350,-1.47496150,31.80552332,-18.19447668,-7.91386443,2.38095238,3.96825397,10.71428571,11.11111111,12.69841270,13.88888889,69.84126984,19.44444444,2.77777778,16.26984127,50.00000000,3.57142857,3.17460317,2.38095238,9.12698413,12.30158730
2024-07-25,897.64000000,900.34000000,890.54000000,898.57000000,-0.54125252,0.71671222,-1.79240849,-2.63666239,-1.90712196,0.23162983,-2.66051369,-3.85538779,925.00500000,-2.85782239,-0.38872924,921.06260000,-2.44202728,-0.49899162,841.90980000,6.72996086,-0.68339265,30.45217198,-19.54782802,-1.35335134,15.47619048,3.57142857,8.73015873,10.71428571,80.55555556,2.38095238,58.73015873,19.04761905,2.77777778,12.69841270,49.20634921,25.39682540,18.25396825,13.88888889,8.73015873,41.66666667
2024-07-26,897.50000000,907.55000000,897.50000000,906.64000000,0.89809364,1.43934616,0.35198017,1.82316180,-0.07384466,3.90537029,-1.99651933,-4.12495403,924.14450000,-1.89413019,0.96369220,920.93040000,-1.55173507,0.89029221,842.73540000,7.58299699,0.85303613,36.51332716,-13.48667284,6.06115518,89.28571429,61.50793651,38.49206349,13.49206349,92.46031746,90.47619048,97.22222222,16.66666667,6.34920635,19.44444444,50.39682540,94.04761905,91.66666667,88.49206349,16.66666667,84.12698413
2024-07-29,911.10000000,912.84000000,904.07000000,904.12000000,-0.27794935,-1.17604299,0.61764804,2.41005654,-1.39920388,0.78966616,-2.13562808,-4.15311963,923.19800000,-2.06651228,-0.17238208,920.71380000,-1.80227558,-0.25054051,843.58650000,7.17573124,-0.40726575,36.37482059,-13.62517941,-0.13850657,26.98412698,71.82539683,11.90476190,12.69841270,10.31746032,97.22222222,67.06349206,16.66666667,5.55555556,18.25396825,49.20634921,39.28571429,32.53968254,22.61904762,16.66666667,51.98412698
2024-07-30,909.29000000,912.46000000,906.45000000,907.99000000,0.42804053,0.70598988,0.14890144,-0.20307873,-0.76286654,1.21898612,-1.63154759,-3.78291820,922.36700000,-1.55870711,0.50780517,920.64340000,-1.37440838,0.42786721,844.44950000,7.52448785,0.34875661,32.90085415,-17.09914585,-3.47396644,75.79365079,50.39682540,22.22222222,17.06349206,78.96825397,42.06349206,73.80952381,20.23809524,9.12698413,20.63492063,50.00000000,82.93650794,77.77777778,71.82539683,11.90476190,29.36507937
2024-07-31,926.89000000,927.21000000,918.06000000,920.62000000,1.39098448,0.96294396,1.82497899,1.20733094,1.89936466,3.32647096,-0.43153330,-2.58709622,921.84350000,-0.13272318,1.42598393,920.84540000,-0.02447751,1.34993087,845.36875000,8.90158880,1.37710096,42.39858212,-7.60141788,9.49772797,96.82539683,96.82539683,85.71428571,27.77777778,84.92063492,78.96825397,91.66666667,28.17460317,36.11111111,28.17460317,53.96825397,97.22222222,97.22222222,96.42857143,26.58730159,92.06349206
2024-08-01,921.42000000,922.07000000,905.28000000,907.14000000,-1.46423063,-2.85521511,-0.09361337,-0.24251480,0.95373761,2.86085957,-2.57225402,-5.83394332,920.45950000,-1.44704900,-1.31432582,920.70280000,-1.47309208,-1.44861457,846.25660000,7.19443724,-1.70715156,32.21583953,-17.78416047,-10.18274259,1.58730159,40.87301587,68.65079365,11.50793651,0.00000000,40.47619048,88.49206349,10.31746032,11.11111111,20.63492063,48.41269841,2.38095238,1.58730159,1.19047619,10.71428571,8.33333333
2024-08-02,901.13000000,902.66000000,876.48000000,878.91000000,-3.11197831,-1.64774768,-4.53064239,-6.35562138,-3.05854584,-2.98470118,-5.98083053,-7.73880674,917.71700000,-4.22864565,-2.78159665,919.97680000,-4.46389518,-2.99080310,847.01310000,3.76580953,-3.42862772,26.94125059,-23.05874941,-5.27458894,0.00000000,0.00000000,1.58730159,0.79365079,5.15873016,0.00000000,6.74603175,3.57142857,1.19047619,0.39682540,40.47619048,0.00000000,0.00000000,0.00000000,5.55555556,20.23809524
2024-08-05,849.28000000,860.44000000,840.61000000,860.44000000,-2.10146659,1.01051172,-5.14804771,-5.05443434,-4.83121710,-3.43201321,-7.85212474,-8.97844600,914.09650000,-5.86989448,-1.64124883,918.86480000,-6.35836741,-1.89447224,847.73410000,1.49880723,-2.26700229,24.18522446,-25.81477554,-2.75602613,0.79365079,0.00000000,0.39682540,0.00000000,86.11111111,0.39682540,4.76190476,2.38095238,0.00000000,0.00000000,28.96825397,1.58730159,0.79365079,0.79365079,1.98412698,32.14285714
2024-08-06,869.58000000,870.18000000,857.46000000,866.70000000,0.72753475,2.82900134,-1.38922074,3.14142165,-4.54740691,-3.78454037,-7.09117221,-8.08066026,910.89650000,-4.85197824,1.01791624,917.95420000,-5.58352476,0.77484266,848.47170000,2.14836865,0.64956142,30.94509864,-19.05490136,6.75987418,86.11111111,5.15873016,0.79365079,0.79365079,100.00000000,99.60317460,2.77777778,3.57142857,0.39682540,0.39682540,31.74603175,94.04761905,88.49206349,84.12698413,9.92063492,85.31746032
2024-08-07,873.02000000,888.21000000,871.35000000,886.08000000,2.23606784,1.50853309,2.97987076,8.12791847,-3.75181943,-5.65118409,-4.79424089,-5.44309998,908.21950000,-2.43768164,2.41429660,917.55920000,-3.43075411,2.15277064,849.29345000,4.33142985,2.18306120,39.99064546,-10.00935454,9.04554682,99.60317460,99.60317460,2.38095238,4.76190476,92.46031746,100.00000000,0.39682540,12.30158730,4.76190476,5.55555556,43.25396825,100.00000000,99.60317460,99.60317460,23.80952381,91.26984127
2024-08-08,878.01000000,885.30000000,872.65000000,884.49000000,-0.17944204,-2.41550988,2.05261336,3.44183410,-2.49685826,-3.45059586,-5.86726549,-7.86129534,905.64100000,-2.33547289,0.10220875,917.13740000,-3.55970654,-0.12895243,850.10470000,4.04483118,-0.28659867,41.99410609,-8.00589391,2.00346063,32.93650794,97.22222222,3.96825397,1.98412698,0.39682540,99.60317460,5.55555556,4.36507937,5.15873016,5.15873016,41.26984127,63.88888889,42.46031746,28.96825397,28.17460317,67.85714286
2024-08-09,888.01000000,888.43000000,877.94000000,883.37000000,-0.12662664,0.05281539,-0.30584146,-3.28571222,0.50744672,3.56599256,-5.62891268,-6.08717044,902.56400000,-2.12660820,0.20886469,916.73260000,-3.63929460,-0.07958806,850.92505000,3.81290338,-0.23192780,37.47014925,-12.52985075,-4.52395684,35.71428571,31.34920635,56.74603175,2.77777778,55.55555556,1.58730159,94.84126984,9.12698413,6.74603175,5.15873016,40.07936508,70.23809524,48.80952381,33.73015873,19.84126984,25.00000000
2024-08-12,887.41000000,888.29000000,883.98000000,885.65000000,0.25810249,0.38472914,0.13114902,-1.92146434,2.92989633,7.76111343,-6.27149676,-8.46701703,899.97300000,-1.59149219,0.53511601,916.34360000,-3.34957324,0.28972136,851.78205000,3.97612864,0.16322525,39.08413999,-10.91586001,1.61399073,65.87301587,48.41269841,95.63492063,1.58730159,67.85714286,9.92063492,100.00000000,3.17460317,11.11111111,8.33333333,40.07936508,82.93650794,70.63492063,63.49206349,21.42857143,65.47619048
2024-08-13,889.44000000,889.78000000,882.93000000,888.91000000,0.36809123,0.10998874,0.62714378,0.93298524,2.56259375,7.11000066,-5.17989909,-7.22078206,897.74500000,-0.98413247,0.60735972,916.08820000,-2.96676674,0.38280650,852.65635000,4.25184777,0.27571913,44.22848076,-5.77151924,5.14434078,71.42857143,71.42857143,92.06349206,4.36507937,57.93650794,74.20634921,99.60317460,5.95238095,21.03174603,11.11111111,42.06349206,84.52380952,74.60317460,68.65079365,31.74603175,78.57142857
2024-08-14,890.62000000,892.67000000,886.28000000,890.24000000,0.14962145,-0.21846979,0.51826342,0.38711440,0.46948357,4.22130299,-4.63110759,-5.75230527,896.43000000,-0.69051683,0.29361564,915.51960000,-2.76122980,0.20553694,853.51455000,4.30284990,0.05100213,46.59972243,-3.40027757,2.37124166,59.92063492,65.47619048,55.15873016,6.34920635,40.47619048,61.11111111,96.82539683,13.09523810,25.39682540,13.09523810,42.06349206,71.42857143,66.66666667,55.15873016,32.93650794,68.65079365
2024-08-15,894.03000000,906.33000000,893.49000000,905.86000000,1.75458303,1.60496159,1.90682971,1.27968593,2.41608158,4.91293984,-1.16525193,0.08987903,895.92100000,1.10936120,1.79987803,915.16960000,-1.01725407,1.74397573,854.43270000,6.01888247,1.71603257,49.70009228,-0.29990772,3.10036985,97.61904762,96.42857143,91.26984127,22.61904762,94.44444444,80.15873016,97.61904762,56.34920635,60.31746032,25.00000000,46.82539683,98.41269841,97.61904762,97.22222222,36.90476190,71.03174603
2024-08-16,908.42000000,908.42000000,901.79000000,905.67000000,-0.02097454,-1.77555758,1.73324047,1.21497705,2.52442351,2.01697679,-1.13204664,-0.18695699,895.83900000,1.09740701,-0.01195419,914.80880000,-0.99898471,0.01826936,855.28090000,5.89152640,-0.12735607,50.60684363,0.60684363,0.90675135,45.23809524,94.84126984,91.66666667,22.61904762,3.96825397,78.96825397,82.14285714,52.77777778,59.52380952,25.00000000,46.42857143,52.38095238,55.55555556,39.28571429,38.49206349,56.34920635
2024-08-19,903.27000000,909.77000000,902.13000000,908.85000000,0.35112127,0.37209581,0.33007308,-1.57675663,2.61954497,-0.31035137,0.16973251,3.01069027,895.43400000,1.49826788,0.40086087,914.49180000,-0.61693281,0.38205189,856.14360000,6.15625696,0.26473057,50.33852937,0.33852937,-0.26831426,69.44444444,57.93650794,92.46031746,35.31746032,67.46031746,13.49206349,44.84126984,76.19047619,69.04761905,25.79365079,46.82539683,75.00000000,74.20634921,67.85714286,36.90476190,48.80952381
2024-08-20,910.57000000,910.65000000,902.16000000,903.04000000,-0.63926941,-0.99039068,-0.29039275,-2.02363322,1.58958725,-0.97300650,-1.51698566,-0.62207304,894.83750000,0.91664688,-0.58162100,914.12760000,-1.21291601,-0.59598319,856.98210000,5.37442964,-0.78182732,42.68718802,-7.31281198,-7.65134135,11.50793651,30.55555556,79.76190476,18.65079365,14.28571429,8.33333333,29.36507937,47.61904762,55.55555556,23.41269841,45.63492063,14.68253968,14.68253968,9.92063492,26.98412698,12.30158730
2024-08-21,902.19000000,908.26000000,901.77000000,907.65000000,0.51049787,1.14976728,-0.13203499,-0.46210807,1.95565241,1.48616884,-0.80002623,0.43378206,895.04700000,1.40808248,0.49143560,913.64480000,-0.65614120,0.55677480,857.84165000,5.80624058,0.43181094,50.22904877,0.22904877,7.54186075,78.57142857,36.90476190,84.12698413,25.39682540,88.09523810,34.12698413,77.38095238,59.52380952,67.06349206,25.39682540,45.63492063,79.76190476,80.95238095,75.39682540,36.50793651,88.49206349
2024-08-22,908.87000000,913.47000000,908.12000000,908.36000000,0.07822399,-0.43227389,0.58912119,0.87951394,0.27598084,-2.14010075,0.54235937,3.04387021,895.53650000,1.43193494,0.02385245,913.31980000,-0.54305184,0.11308936,858.71025000,5.78189791,-0.02434267,67.56950245,17.56950245,17.34045367,52.38095238,68.65079365,45.23809524,38.88888889,28.96825397,73.01587302,15.07936508,76.19047619,67.85714286,26.58730159,45.23809524,55.55555556,61.90476190,48.01587302,69.44444444,98.01587302
2024-08-23,907.20000000,910.57000000,906.15000000,908.56000000,0.02201770,-0.05620628,0.10025891,0.23229390,0.31910078,-2.20532274,1.11176647,3.77228016,895.63250000,1.44339336,0.01145842,913.11660000,-0.49901623,0.04403562,859.50725000,5.70707810,-0.07481981,86.71040586,36.71040586,19.14090341,48.01587302,46.82539683,46.82539683,44.04761905,49.20634921,57.53968254,14.28571429,79.36507937,68.25396825,27.38095238,44.84126984,54.76190476,57.53968254,46.03174603,94.84126984,98.80952381
2024-08-26,907.35000000,911.09000000,905.90000000,907.49000000,-0.11776878,-0.13978648,-0.09577700,-0.68489820,-0.14963965,-2.76918462,0.09375276,2.09027209,895.80100000,1.30486570,-0.13852765,912.80400000,-0.58216222,-0.08314599,860.31315000,5.48368347,-0.22339463,83.79453190,33.79453190,-2.91587396,35.31746032,38.09523810,33.33333333,32.53968254,45.23809524,28.17460317,9.12698413,69.84126984,64.28571429,25.39682540,44.44444444,42.06349206,46.42857143,33.33333333,89.68253968,30.55555556
2024-08-27,907.74000000,909.71000000,905.68000000,907.94000000,0.04958732,0.16735610,-0.06823985,-0.16849876,0.54261162,-1.04697562,0.42251029,2.55813836,895.79850000,1.35538293,0.05051723,912.39900000,-0.48871163,0.09345059,861.08580000,5.44129284,-0.04239063,76.38821825,26.38821825,-7.40631365,50.39682540,40.47619048,55.95238095,36.50793651,60.31746032,44.04761905,30.15873016,71.03174603,65.07936508,27.77777778,44.04761905,59.52380952,62.30158730,48.01587302,77.77777778,13.09523810
2024-08-28,910.92000000,913.98000000,909.26000000,910.74000000,0.30839042,0.25880310,0.35813067,0.45390767,0.34043960,-1.61521281,0.30286677,1.93441436,895.30450000,1.72405031,0.36866737,912.11820000,-0.15109884,0.33761279,861.84875000,5.67283413,0.23154128,80.78817734,30.78817734,4.39995909,69.04761905,61.11111111,48.80952381,34.92063492,64.28571429,64.68253968,24.20634921,68.25396825,72.61904762,28.96825397,44.44444444,74.60317460,74.20634921,65.87301587,84.92063492,74.60317460
2024-08-29,911.40000000,923.78000000,911.40000000,923.78000000,1.43180271,1.12341229,1.74460867,1.81284853,1.69756484,1.42158401,0.34324694,0.77478024,896.13650000,3.08474211,1.36069180,911.91700000,1.30088594,1.45198477,862.65355000,7.08586315,1.41302902,87.03941338,37.03941338,6.25123604,96.42857143,94.84126984,80.95238095,34.92063492,88.09523810,89.68253968,78.57142857,60.31746032,91.26984127,37.69841270,47.61904762,96.03174603,96.42857143,95.63492063,95.63492063,83.73015873
2024-08-30,922.82000000,923.74000000,918.05000000,918.66000000,-0.55424452,-1.98604723,0.86962250,0.51149184,1.11164920,0.79254843,1.26992526,3.84217928,898.12400000,2.28654395,-0.79819816,911.78560000,0.75394917,-0.54693676,863.47730000,6.39075283,-0.69511032,78.75936574,28.75936574,-8.28004764,13.88888889,78.57142857,70.63492063,48.01587302,1.58730159,65.87301587,67.06349206,79.76190476,80.95238095,34.12698413,46.42857143,8.73015873,15.87301587,11.90476190,80.95238095,10.31746032
2024-09-02,920.12000000,920.92000000,916.42000000,920.69000000,0.22097403,0.77521854,-0.33449523,-2.07910390,1.45456148,1.60420114,4.75361527,10.73444581,901.13650000,2.16987105,-0.11667291,911.67140000,0.98923801,0.23528883,864.28780000,6.52585863,0.13510580,78.29415954,28.29415954,-0.46520620,64.68253968,26.98412698,77.38095238,85.31746032,82.53968254,7.53968254,80.55555556,98.41269841,80.15873016,34.92063492,46.82539683,43.65079365,67.46031746,62.30158730,80.15873016,48.41269841
2024-09-03,921.70000000,922.49000000,906.78000000,908.85000000,-1.28599203,-1.50696606,-1.06785971,-1.93748221,0.10022689,-0.44238474,5.62619125,13.47831599,903.24400000,0.62065178,-1.54921926,911.31560000,-0.27055391,-1.25979192,865.03470000,5.06514941,-1.46070922,63.95680216,13.95680216,-14.33735738,2.38095238,9.12698413,40.87301587,90.87301587,7.14285714,9.12698413,43.65079365,100.00000000,42.46031746,27.38095238,40.47619048,1.58730159,2.77777778,2.77777778,59.92063492,1.98412698
2024-09-04,894.18000000,898.58000000,893.86000000,896.98000000,-1.30604610,-0.02005407,-2.57524248,-2.24074726,-1.51085930,-1.85129890,3.49371178,10.58488399,903.78900000,-0.75338381,-1.37403559,910.79260000,-1.51654724,-1.24599332,865.72680000,3.61005343,-1.45509598,42.94342022,-7.05657978,-21.01338194,2.38095238,0.79365079,9.12698413,73.01587302,49.60317460,4.76190476,20.23809524,97.61904762,20.23809524,17.46031746,31.74603175,2.77777778,3.57142857,3.17460317,23.80952381,0.00000000
2024-09-05,893.69000000,896.90000000,888.32000000,891.86000000,-0.57080425,0.73524185,-1.86939539,-0.80153568,-3.45536816,-5.15293300,0.65231130,5.44655220,904.15750000,-1.36010595,-0.60672215,910.12760000,-2.00714713,-0.49059989,866.38590000,2.94027177,-0.66978166,39.82313928,-10.17686072,-3.12028094,13.88888889,2.38095238,1.58730159,38.88888889,80.15873016,26.98412698,0.79365079,88.49206349,12.30158730,13.49206349,27.77777778,14.28571429,20.63492063,13.49206349,17.85714286,30.15873016
2024-09-06,889.71000000,894.28000000,878.32000000,879.29000000,-1.40941403,-0.83860978,-1.97217329,0.60306919,-4.28558988,-5.39723908,-0.58790942,5.27935607,903.95350000,-2.72840362,-1.36829766,909.23640000,-3.29357690,-1.28642977,866.97075000,1.42095336,-1.51931841,30.86483687,-19.13516313,-8.95830241,2.38095238,1.98412698,0.79365079,23.01587302,18.25396825,67.85714286,0.39682540,86.90476190,1.58730159,5.95238095,20.63492063,3.17460317,2.77777778,1.98412698,6.34920635,9.92063492
2024-09-09,883.54000000,890.77000000,883.54000000,888.31000000,1.02582766,2.43524169,-0.39804454,1.47135085,-3.51692752,-4.97148900,0.55922207,6.18813475,904.08650000,-1.74502108,0.98338254,908.54160000,-2.22682153,1.06675536,867.58400000,2.38893294,0.96797959,40.84524549,-9.15475451,9.98040862,92.85714286,24.60317460,1.98412698,36.50793651,99.60317460,84.52380952,1.58730159,91.26984127,6.74603175,12.69841270,24.60317460,92.85714286,93.65079365,90.47619048,21.42857143,92.46031746
2024-09-10,887.04000000,890.91000000,880.22000000,881.84000000,-0.72834934,-1.75417699,0.29000671,2.26218000,-2.97188755,-3.07211444,-0.43019251,5.84130424,903.73300000,-2.42250753,-0.67748645,907.68620000,-2.84748187,-0.62066034,868.17210000,1.57433071,-0.81460223,34.32146762,-15.67853238,-6.52377787,10.31746032,55.95238095,3.17460317,24.60317460,4.76190476,95.23809524,7.93650794,89.28571429,2.77777778,8.73015873,21.82539683,13.09523810,14.28571429,10.71428571,10.71428571,16.66666667
2024-09-11,884.44000000,893.04000000,880.47000000,884.50000000,0.30164202,1.02999136,-0.42890432,-0.03085979,-1.39133537,0.11952393,-0.49611322,4.68378587,903.44600000,-2.09708162,0.32542591,906.75440000,-2.45429192,0.39318995,868.78775000,1.80852573,0.23419502,35.84144315,-14.15855685,1.51997553,67.85714286,23.41269841,11.90476190,23.80952381,85.71428571,48.41269841,54.36507937,83.73015873,5.15873016,11.11111111,22.22222222,72.22222222,75.79365079,65.87301587,11.90476190,63.49206349
2024-09-12,898.42000000,899.65000000,889.79000000,893.25000000,0.98925947,0.68761745,1.29388551,1.00387880,0.15585406,3.61122222,0.33811107,4.96921866,902.81550000,-1.05951881,1.03756281,905.92300000,-1.39890476,1.05538716,869.44405000,2.73806578,0.92954005,41.75196638,-8.24803362,5.91052323,91.66666667,88.09523810,43.65079365,32.53968254,77.38095238,76.19047619,95.23809524,85.31746032,17.85714286,17.85714286,25.79365079,94.04761905,93.25396825,89.28571429,24.20634921,81.34920635
2024-09-13,894.39000000,901.58000000,894.39000000,899.60000000,0.71088721,-0.27837226,1.70717920,2.13608352,2.30981815,6.59540803,-0.69105601,0.47419591,902.51200000,-0.32265499,0.73686382,905.23980000,-0.62301724,0.77588753,870.11685000,3.38841272,0.65034694,45.97818330,-4.02181670,4.22621692,84.92063492,92.85714286,87.69841270,21.42857143,36.90476190,94.44444444,99.20634921,54.76190476,29.76190476,21.82539683,31.34920635,85.71428571,87.69841270,83.33333333,30.15873016,74.20634921
2024-09-16,896.96000000,900.05000000,894.65000000,895.75000000,-0.42796799,-1.13885520,0.27987685,-1.01400866,0.83754545,4.35447297,-1.09532170,0.03672494,901.85700000,-0.67715835,-0.35450336,904.49780000,-0.96714442,-0.34412718,870.73875000,2.87241724,-0.51599547,43.99448221,-6.00551779,-1.98370109,18.65079365,54.76190476,63.49206349,16.26984127,12.30158730,21.82539683,97.22222222,49.20634921,23.01587302,20.23809524,26.58730159,27.38095238,27.77777778,21.42857143,28.17460317,37.30158730
2024-09-17,901.02000000,902.64000000,899.06000000,900.32000000,0.51018699,0.93815498,0.08003557,-1.62714363,2.09561825,5.06750580,-0.93854872,-1.10828122,901.72100000,-0.15536957,0.52178879,903.89020000,-0.39498160,0.57216282,871.38730000,3.32030315,0.44788591,44.95448383,-5.04551617,0.96000161,77.77777778,45.63492063,85.71428571,17.46031746,83.73015873,12.69841270,98.01587302,36.11111111,31.34920635,26.58730159,30.55555556,81.34920635,80.55555556,76.19047619,28.96825397,57.93650794
2024-09-18,899.39000000,900.45000000,892.56000000,892.63000000,-0.85414075,-1.36432774,-0.34831147,-0.62818833,0.91916337,2.31049874,-1.15277286,0.36421280,900.97000000,-0.92566900,-0.77029944,902.95040000,-1.14296422,-0.74798262,871.98010000,2.36816184,-0.95214131,34.09253396,-15.90746604,-10.86194987,7.93650794,26.19047619,64.68253968,15.47619048,9.52380952,30.95238095,84.52380952,53.96825397,19.04761905,18.65079365,22.22222222,10.71428571,10.71428571,9.12698413,10.31746032,5.95238095
2024-09-19,902.14000000,908.94000000,898.32000000,908.42000000,1.76893002,2.62307077,0.89968011,0.81964454,1.69829275,1.54243869,0.08483446,0.88486069,900.97300000,0.82655085,1.75221985,902.39760000,0.66737766,1.81034188,872.64130000,4.10004661,1.73188476,45.28458280,-4.71541720,11.19204884,97.61904762,79.36507937,80.15873016,29.36507937,99.60317460,72.22222222,78.17460317,59.12698413,48.01587302,32.53968254,34.92063492,97.61904762,98.01587302,97.61904762,28.96825397,93.65079365
2024-09-20,903.67000000,906.42000000,895.60000000,897.55000000,-1.19658308,-2.96551309,0.55118022,0.89949169,-0.22787906,-2.53769721,-1.19005681,-1.73241618,900.42250000,-0.31901691,-1.14556776,901.45040000,-0.43268049,-1.10005815,873.24735000,2.78302018,-1.31702642,40.14648271,-9.85351729,-5.13810008,3.96825397,65.47619048,29.36507937,15.07936508,0.00000000,73.41269841,12.69841270,31.34920635,28.96825397,25.39682540,24.20634921,4.76190476,5.95238095,4.36507937,19.84126984,21.03174603
2024-09-23,897.69000000,904.35000000,896.71000000,903.47000000,0.65957328,1.85615636,-0.54490214,-1.44458225,0.86184761,0.02430216,-0.56022717,-1.67199365,900.22150000,0.36085563,0.67987254,900.77040000,0.29969901,0.73237950,873.85545000,3.38895294,0.60593276,47.58744395,-2.41255605,7.44096123,81.74603175,17.46031746,62.69841270,23.80952381,96.03174603,15.47619048,50.39682540,32.14285714,36.90476190,29.36507937,30.95238095,84.52380952,84.92063492,79.76190476,31.34920635,87.69841270
2024-09-24,909.93000000,910.38000000,903.60000000,907.16000000,0.40842529,-0.25114799,1.07069244,0.51951222,0.75972987,-1.33588838,-0.03636404,-0.13011679,900.18250000,0.77512060,0.41426497,900.24420000,0.76821378,0.46851477,874.45900000,3.73956927,0.35061632,54.92644212,4.92644212,7.33899818,71.42857143,84.52380952,59.52380952,28.17460317,39.28571429,65.47619048,26.19047619,49.20634921,46.03174603,33.73015873,31.74603175,75.00000000,76.58730159,69.84126984,44.44444444,87.30158730
2024-09-25,903.07000000,908.39000000,903.04000000,906.03000000,-0.12456458,-0.53298987,0.28335197,0.82825410,1.50118190,0.58201853,-0.21036632,-0.63287661,899.94700000,0.67592869,-0.09919191,900.03400000,0.66619705,-0.10201673,875.05850000,3.53936337,-0.20020590,57.13278969,7.13278969,2.20634757,33.33333333,54.36507937,76.98412698,26.58730159,26.98412698,72.22222222,61.11111111,42.85714286,43.25396825,31.74603175,30.55555556,44.84126984,44.04761905,33.73015873,48.80952381,67.85714286
2024-09-26,915.48000000,915.90000000,909.24000000,911.66000000,0.62139223,0.74595680,0.49605362,-0.57463882,0.35666322,-1.34162953,0.10101676,-0.20185002,899.34100000,1.36978076,0.69385207,899.94640000,1.30158863,0.63539157,875.68170000,4.10860476,0.56924139,67.51812967,17.51812967,10.38533998,80.15873016,63.49206349,47.22222222,29.76190476,79.36507937,32.53968254,26.19047619,48.01587302,63.88888889,37.69841270,34.92063492,84.92063492,83.33333333,78.96825397,66.26984127,92.46031746
2024-09-27,913.86000000,918.71000000,913.22000000,917.43000000,0.63291139,0.01151916,1.25823648,0.97488452,2.21491839,2.44279745,-0.68739310,-1.03064004,899.27950000,2.01833801,0.64855725,900.14880000,1.91981592,0.61822730,876.31930000,4.69129232,0.58268756,66.33385685,16.33385685,-1.18427281,80.55555556,87.30158730,86.90476190,20.63492063,52.38095238,75.79365079,84.92063492,37.30158730,76.19047619,44.44444444,38.88888889,84.12698413,82.53968254,78.96825397,63.88888889,41.26984127
2024-09-30,917.02000000,919.37000000,910.12000000,910.12000000,-0.79679104,-1.42970243,-0.16892262,-0.66497624,0.73605100,-0.12579661,-0.92961487,-2.19954013,898.75100000,1.26497773,-0.75336028,900.01220000,1.12307367,-0.79674226,876.90425000,3.78784229,-0.90345003,65.71460325,15.71460325,-0.61925361,9.12698413,32.14285714,57.14285714,16.26984127,9.12698413,28.17460317,47.61904762,28.57142857,59.12698413,34.92063492,31.74603175,11.50793651,11.11111111,10.31746032,63.49206349,45.23809524
2024-10-01,911.86000000,915.79000000,905.80000000,910.13000000,0.00109876,0.79788979,-0.79570103,-2.05393752,0.32739539,-0.43233449,-1.14696586,-5.90058114,898.81500000,1.25887975,-0.00609798,899.91540000,1.13506225,0.01198859,877.50915000,3.71743702,-0.07040527,64.67422421,14.67422421,-1.04037904,43.65079365,13.09523810,44.04761905,13.49206349,81.74603175,7.53968254,43.65079365,7.14285714,58.73015873,34.92063492,30.15873016,52.77777778,52.77777778,45.23809524,61.11111111,41.66666667
2024-10-02,915.78000000,918.41000000,910.48000000,916.86000000,0.73945480,0.73835605,0.74056168,0.90948431,1.19532466,-0.30585724,0.88133355,-4.74485770,899.80900000,1.89495771,0.63607796,900.18340000,1.85257804,0.71751579,878.13105000,4.41038385,0.69294683,63.83776814,13.83776814,-0.83645607,84.92063492,73.80952381,71.03174603,40.07936508,78.96825397,74.60317460,46.03174603,12.69841270,73.01587302,43.25396825,37.30158730,83.73015873,84.52380952,83.73015873,57.93650794,44.04761905
2024-10-03,915.74000000,915.74000000,907.78000000,910.35000000,-0.71003207,-1.44948687,0.02417237,0.81987341,-0.14369392,-0.50035714,1.49055720,-2.00315458,900.73350000,1.06762988,-0.82732783,900.41900000,1.10293097,-0.74964707,878.71435000,3.60022003,-0.81016382,56.28875629,6.28875629,-7.54901185,11.11111111,40.87301587,29.76190476,49.20634921,8.73015873,72.22222222,41.26984127,31.74603175,52.77777778,33.73015873,28.57142857,9.92063492,11.50793651,11.90476190,44.84126984,13.09523810
2024-10-04,909.42000000,914.85000000,907.87000000,911.81000000,0.16037788,0.87040994,-0.55079292,-1.29135461,-0.61258080,-2.82749919,2.23689817,1.58458686,902.35950000,1.04730986,-0.02032002,900.52240000,1.25345022,0.15051925,879.32400000,3.69442890,0.09420888,59.66538276,9.66538276,3.37662647,58.33333333,17.06349206,20.63492063,59.12698413,81.74603175,19.04761905,10.31746032,66.66666667,51.98412698,36.11111111,28.96825397,51.58730159,63.09523810,57.93650794,50.39682540,72.61904762
2024-10-07,914.32000000,914.99000000,907.57000000,912.77000000,0.10528509,-0.05509278,0.26583182,0.24165945,0.29117040,-0.44488061,3.80761751,4.39552693,903.58250000,1.01678596,-0.03052390,900.69540000,1.34058640,0.08713618,879.96060000,3.72850784,0.03407894,57.83314458,7.83314458,-1.83223818,54.36507937,53.96825397,41.66666667,75.39682540,48.80952381,57.14285714,43.65079365,84.12698413,51.19047619,37.30158730,29.76190476,50.79365079,60.31746032,51.98412698,47.22222222,37.30158730
2024-10-08,905.84000000,911.61000000,904.72000000,910.19000000,-0.28265609,-0.38794118,-0.17766859,0.37312433,0.00659246,-0.32080292,2.46310410,1.90388203,905.00000000,0.57348066,-0.44330530,900.73940000,1.04920469,-0.29138171,880.57735000,3.36286756,-0.36564029,61.80742335,11.80742335,3.97427876,25.79365079,32.53968254,33.73015873,59.12698413,31.34920635,59.52380952,46.82539683,69.44444444,36.50793651,32.14285714,26.19047619,23.80952381,30.15873016,26.19047619,53.17460317,73.41269841
2024-10-09,909.75000000,915.70000000,907.78000000,915.68000000,0.60317077,0.88582686,0.31880978,0.05297795,-0.12870013,-1.32402479,3.83743083,4.26762334,906.55900000,1.00611212,0.43263146,900.64060000,1.66985588,0.62065119,881.22055000,3.91042288,0.54755532,55.66656260,5.66656260,-6.14086075,78.96825397,58.33333333,30.55555556,75.79365079,82.53968254,52.77777778,27.38095238,82.93650794,51.19047619,41.66666667,31.74603175,76.19047619,82.93650794,78.57142857,42.06349206,17.06349206
2024-10-10,915.86000000,916.46000000,907.71000000,911.32000000,-0.47614887,-1.07931964,0.12414990,0.30181850,0.10655242,0.25024635,3.03222159,3.52833481,907.46250000,0.42508644,-0.58102569,900.72420000,1.17636453,-0.49349135,881.84305000,3.34265264,-0.56777024,61.96350999,11.96350999,6.29694739,16.26984127,46.42857143,38.09523810,64.68253968,13.88888889,58.33333333,60.71428571,77.77777778,35.31746032,33.73015873,25.39682540,17.85714286,20.63492063,17.06349206,53.17460317,84.52380952
2024-10-11,911.57000000,917.16000000,910.00000000,915.96000000,0.50915156,0.98530043,0.03057837,-0.28823141,0.45513868,1.06771948,2.54240134,2.20429027,908.28050000,0.84549872,0.42041228,901.46520000,1.60791565,0.43155112,882.50730000,3.79064286,0.44799022,61.09827617,11.09827617,-0.86523382,76.19047619,41.26984127,50.79365079,58.33333333,84.12698413,37.30158730,73.41269841,70.63492063,47.22222222,40.47619048,30.95238095,75.39682540,75.39682540,75.79365079,52.77777778,44.84126984
2024-10-14,915.34000000,922.67000000,915.21000000,922.63000000,0.72819774,0.21904618,1.24105693,1.11690703,1.08022832,0.78905792,2.56002668,3.25108269,909.62450000,1.42976580,0.58426708,902.70900000,2.20680197,0.59888632,883.22170000,4.46188086,0.67123800,63.05485232,13.05485232,1.95657615,84.92063492,87.30158730,69.04761905,58.33333333,60.71428571,80.55555556,68.25396825,76.19047619,65.07936508,48.80952381,37.30158730,82.53968254,81.74603175,83.33333333,55.95238095,66.66666667
2024-10-15,922.54000000,924.75000000,899.42000000,899.42000000,-2.51563465,-3.24383239,-1.80575571,-1.83633408,-1.18326943,-1.18986189,0.40971253,1.50503423,909.57950000,-1.11694470,-2.54671050,903.36340000,-0.43652422,-2.64332619,883.81725000,1.76538193,-2.69649893,45.93630887,-4.06369113,-17.11854346,0.39682540,3.96825397,11.50793651,30.95238095,0.00000000,9.92063492,28.57142857,65.07936508,13.49206349,19.44444444,12.69841270,0.39682540,0.39682540,0.39682540,26.19047619,1.19047619
2024-10-16,894.60000000,897.20000000,892.50000000,892.74000000,-0.74270085,1.77293380,-3.23965186,-4.48070879,-2.50524201,-2.37654188,-0.84192287,0.09662584,909.58500000,-1.85194347,-0.73499877,903.49660000,-1.19055235,-0.75402813,884.38745000,0.94444465,-0.82093727,38.51663025,-11.48336975,-7.41967862,10.31746032,0.79365079,3.96825397,15.87301587,94.84126984,0.79365079,12.30158730,52.38095238,5.95238095,13.09523810,7.53968254,12.30158730,11.11111111,11.11111111,12.69841270,13.88888889
2024-10-17,895.22000000,902.02000000,891.13000000,898.63000000,0.65976656,1.40246741,-0.08783438,1.71792133,-1.39248563,-1.49903805,0.67217100,1.82494386,909.09550000,-1.15119919,0.70074428,903.77940000,-0.56976293,0.62078942,884.98515000,1.54181683,0.59737218,38.60606061,-11.39393939,0.08943036,81.74603175,36.90476190,9.92063492,35.71428571,90.47619048,88.49206349,23.80952381,66.66666667,13.49206349,17.06349206,11.11111111,85.71428571,82.93650794,79.36507937,13.49206349,53.96825397
2024-10-18,900.01000000,904.17000000,898.78000000,903.41000000,0.53192081,-0.12784575,1.19519681,4.43484867,-1.37014717,-1.82528585,-0.55150701,-0.63634147,909.38850000,-0.65741979,0.49377939,904.18020000,-0.08518214,0.48458080,885.61430000,2.00941877,0.46760194,45.80467675,-4.19532325,7.19861615,76.98412698,86.11111111,10.31746032,19.84126984,45.23809524,99.60317460,20.23809524,42.85714286,19.84126984,21.42857143,14.28571429,78.57142857,76.58730159,75.79365079,26.19047619,86.90476190
2024-10-21,902.76000000,906.59000000,898.28000000,898.33000000,-0.56231390,-1.09423471,-0.03338415,0.05445023,-2.63377519,-3.71400350,0.08690324,1.27696004,909.13150000,-1.18811195,-0.53069216,904.43380000,-0.67487526,-0.58969313,886.23085000,1.36523683,-0.64418194,43.06208843,-6.93791157,-2.74258832,14.28571429,38.88888889,3.96825397,25.79365079,13.09523810,52.38095238,3.96825397,63.49206349,12.69841270,14.28571429,8.73015873,19.84126984,16.66666667,15.07936508,22.22222222,31.74603175
2024-10-22,898.17000000,900.10000000,893.02000000,897.30000000,-0.11465720,0.44765670,-0.67632636,-1.87152317,-0.23570746,0.94756197,-0.68292251,-0.12269534,908.63850000,-1.24785600,-0.05974404,904.60160000,-0.80716196,-0.13228669,886.84465000,1.17893816,-0.18629867,37.67330476,-12.32669524,-5.38878366,35.31746032,13.49206349,26.19047619,17.85714286,69.04761905,10.31746032,70.23809524,49.60317460,12.69841270,13.49206349,7.93650794,48.01587302,40.87301587,35.31746032,12.30158730,19.84126984
2024-10-23,894.57000000,899.78000000,889.48000000,889.97000000,-0.81689513,-0.70223793,-0.93061570,-0.89723155,-0.31028071,2.19496130,-1.89492482,-1.85856078,907.83550000,-1.96792260,-0.72006661,904.59620000,-1.61687613,-0.80971417,887.38520000,0.29128275,-0.88765541,37.28792415,-12.71207585,-0.38538061,7.93650794,11.50793651,25.00000000,6.74603175,20.63492063,23.41269841,84.92063492,32.53968254,5.55555556,7.93650794,4.36507937,12.30158730,10.31746032,10.31746032,11.90476190,50.00000000
2024-10-24,894.69000000,901.69000000,894.62000000,895.90000000,0.66631459,1.48320972,-0.15602363,0.52030274,-0.30379578,1.08868985,-1.11806452,-0.90769820,907.04750000,-1.22898746,0.73893515,904.39700000,-0.93952103,0.67735510,887.96725000,0.89336065,0.60207790,40.60025996,-9.39974004,3.31233580,81.74603175,32.93650794,25.39682540,11.50793651,92.06349206,66.26984127,73.41269841,40.47619048,13.09523810,13.09523810,5.15873016,86.50793651,84.12698413,79.36507937,18.25396825,73.01587302
2024-10-25,894.44000000,899.96000000,891.87000000,898.82000000,0.32592923,-0.34038536,0.99441554,1.92503124,-0.50807496,0.86207221,-1.40841981,-1.50943656,906.11700000,-0.80530439,0.42368306,904.26000000,-0.60159689,0.33792414,888.56865000,1.15369251,0.26033186,41.94479732,-8.05520268,1.34453737,66.26984127,82.53968254,21.03174603,7.93650794,34.12698413,92.46031746,69.04761905,35.71428571,17.85714286,15.47619048,7.14285714,74.60317460,71.03174603,65.07936508,20.63492063,61.11111111
2024-10-28,899.55000000,899.55000000,891.30000000,896.81000000,-0.22362653,-0.54955577,0.10157384,0.25759746,-0.16920285,2.46457233,-2.24758292,-1.56018982,905.45150000,-0.95438574,-0.14908135,904.01920000,-0.79746094,-0.19586405,889.19555000,0.85633020,-0.29736232,42.22273890,-7.77726110,0.27794158,27.77777778,46.42857143,28.17460317,5.55555556,26.58730159,56.74603175,86.11111111,34.92063492,15.87301587,13.09523810,4.36507937,40.87301587,36.90476190,28.57142857,21.03174603,53.96825397
2024-10-29,899.68000000,900.57000000,893.94000000,894.64000000,-0.24196876,-0.01834222,-0.46505418,-1.45946972,-0.29644489,-0.06073743,-1.70087461,-0.77125974,904.67700000,-1.10945675,-0.15507101,903.85120000,-1.01910580,-0.22164486,889.77790000,0.54643974,-0.30989046,37.27932285,-12.72067715,-4.94341604,27.38095238,19.04761905,25.39682540,7.53968254,50.00000000,15.47619048,51.98412698,42.85714286,14.68253968,10.71428571,3.96825397,40.47619048,36.11111111,28.57142857,10.71428571,22.61904762
2024-10-30,890.61000000,890.74000000,881.02000000,881.27000000,-1.49445587,-1.25248711,-1.73280851,-1.83438235,-0.97756104,-0.66728033,-3.17097557,-2.02400971,902.89750000,-2.39534388,-1.28588713,903.32360000,-2.44138424,-1.42227844,890.28980000,-1.01313078,-1.55957052,33.61683568,-16.38316432,-3.66248718,1.58730159,4.76190476,14.28571429,3.57142857,11.50793651,11.11111111,38.88888889,31.74603175,3.17460317,5.15873016,1.58730159,3.96825397,2.38095238,2.38095238,6.74603175,26.98412698
2024-10-31,875.21000000,878.56000000,870.02000000,874.18000000,-0.80452075,0.68993512,-2.28695341,-1.82189923,-2.42437772,-2.12058194,-4.65501821,-5.53635177,901.08900000,-2.98627550,-0.59093162,902.64000000,-3.15297350,-0.71158926,890.73270000,-1.85832405,-0.84519327,27.81435854,-22.18564146,-5.80247714,9.12698413,1.58730159,5.55555556,3.17460317,75.79365079,11.50793651,16.26984127,9.12698413,1.19047619,3.17460317,1.19047619,17.06349206,13.49206349,11.50793651,2.77777778,17.46031746
2024-11-01,876.95000000,886.48000000,875.89000000,883.62000000,1.07986913,1.88438988,0.26666061,1.99946912,-1.69110612,-1.18303116,-2.93623332,-4.42679052,899.67950000,-1.78502456,1.20125094,902.14120000,-2.05302673,1.09994677,891.21195000,-0.85186807,1.00645599,29.87723099,-20.12276901,2.06287245,94.04761905,55.95238095,8.73015873,4.36507937,96.82539683,92.85714286,29.76190476,14.68253968,7.53968254,6.34920635,1.58730159,95.23809524,94.84126984,92.06349206,3.17460317,68.65079365
2024-11-04,882.69000000,885.80000000,879.51000000,879.51000000,-0.46513207,-1.54500120,0.60971425,2.89666766,-1.92905967,-1.75985681,-3.54240467,-5.77930284,898.01650000,-2.06081960,-0.27579504,901.58160000,-2.44809788,-0.39507114,891.57485000,-1.35320663,-0.50133857,37.20930233,-12.79069767,7.33207133,18.25396825,70.63492063,8.33333333,3.96825397,6.74603175,98.01587302,21.42857143,8.73015873,6.34920635,5.15873016,0.79365079,31.74603175,26.58730159,23.41269841,11.90476190,87.69841270
2024-11-05,880.64000000,883.46000000,879.11000000,882.76000000,0.36952394,0.83465601,-0.09732691,-0.36398752,-1.32790843,-1.03146354,-3.28779430,-7.09541181,896.64500000,-1.54855043,0.51226917,901.07800000,-2.03289837,0.41519950,891.91430000,-1.02636543,0.32684121,43.29301075,-6.70698925,6.08370843,69.04761905,35.71428571,11.90476190,4.36507937,80.55555556,36.11111111,32.14285714,4.36507937,9.52380952,7.14285714,0.79365079,79.76190476,74.20634921,68.65079365,25.00000000,83.73015873
2024-11-06,888.69000000,897.11000000,873.81000000,875.41000000,-0.83261589,-1.20213983,-0.46616866,-1.07588291,-0.66494945,0.31261159,-3.82118019,-6.28428429,894.63150000,-2.14853825,-0.59998782,900.37140000,-2.77234483,-0.73944646,892.20265000,-1.88215648,-0.85579106,34.69549170,-15.30450830,-8.59751906,8.33333333,19.84126984,21.42857143,3.96825397,12.30158730,21.42857143,63.49206349,6.34920635,4.76190476,4.36507937,0.00000000,17.06349206,12.69841270,11.11111111,8.73015873,9.12698413
2024-11-07,879.28000000,881.72000000,874.62000000,878.54000000,0.35754675,1.19016264,-0.47804613,-0.38071922,0.49875312,2.92313084,-4.05600210,-7.89343292,892.99250000,-1.61843465,0.53010361,899.46660000,-2.32655665,0.44578818,892.49580000,-1.56368243,0.31847405,33.24349818,-16.75650182,-1.45199351,67.85714286,19.84126984,54.76190476,3.96825397,88.49206349,36.11111111,89.28571429,3.17460317,9.12698413,6.74603175,0.79365079,80.55555556,76.19047619,68.25396825,7.53968254,40.07936508
2024-11-08,880.68000000,881.83000000,870.53000000,874.18000000,-0.49627792,-0.85382467,-0.14050559,0.32566307,-1.06833254,0.62277358,-4.07540710,-7.10762870,890.90350000,-1.87713933,-0.25870469,898.57700000,-2.71507061,-0.38851396,892.76350000,-2.08157032,-0.51788789,33.56919309,-16.43080691,0.32569491,17.46031746,35.31746032,14.68253968,3.96825397,19.44444444,59.52380952,66.26984127,4.76190476,7.93650794,5.15873016,0.00000000,32.53968254,27.77777778,23.01587302,7.93650794,54.76190476
2024-11-11,879.57000000,882.23000000,877.82000000,878.29000000,0.47015489,0.96643280,-0.02845630,0.44958983,-0.13871360,1.79034607,-4.11262501,-6.65502635,888.68650000,-1.16987262,0.70726672,897.72900000,-2.16535280,0.54971781,893.06390000,-1.65429372,0.42727660,37.58652214,-12.41347786,4.01732905,74.60317460,40.87301587,33.33333333,3.96825397,83.33333333,64.28571429,82.53968254,6.34920635,17.06349206,7.93650794,1.19047619,86.11111111,79.36507937,73.80952381,14.68253968,74.60317460
2024-11-12,873.88000000,874.79000000,864.71000000,865.19000000,-1.49153469,-1.96168957,-1.02839232,-0.88788673,-1.99034845,-0.66244002,-6.22568093,-8.78570761,886.97500000,-2.45610079,-1.28622818,896.85580000,-3.53075712,-1.36540432,893.27940000,-3.14452567,-1.49023195,34.95263541,-15.04736459,-2.63388672,1.98412698,10.71428571,7.53968254,1.19047619,2.38095238,24.20634921,40.47619048,1.98412698,2.77777778,1.98412698,0.00000000,3.96825397,2.77777778,3.17460317,10.31746032,34.52380952
2024-11-13,862.58000000,864.00000000,857.26000000,862.98000000,-0.25543522,1.23609946,-1.74316000,-1.71470370,-1.41990610,-0.75495665,-4.05149986,-4.46121239,885.48700000,-2.54176515,-0.08566436,896.17580000,-3.70416162,-0.17340450,893.48165000,-3.41379703,-0.26927136,29.06385144,-20.93614856,-5.88878398,28.57142857,5.15873016,10.71428571,5.55555556,88.88888889,11.90476190,36.90476190,17.06349206,2.38095238,1.19047619,0.00000000,47.22222222,40.87301587,32.14285714,3.17460317,17.85714286
2024-11-14,867.10000000,875.02000000,862.96000000,874.48000000,1.33259172,1.58802694,1.07375259,2.10214491,-0.46213035,-0.96088347,-2.04538835,-1.20346548,884.27950000,-1.10819034,1.43357481,895.82820000,-2.38306854,1.32109308,893.73260000,-2.15417900,1.25961802,36.04357798,-13.95642202,6.97972654,95.63492063,86.90476190,25.79365079,10.71428571,93.65079365,93.65079365,32.53968254,42.46031746,19.44444444,7.93650794,0.79365079,97.61904762,96.03174603,94.84126984,12.30158730,86.90476190
2024-11-15,869.49000000,871.09000000,862.11000000,862.50000000,-1.36995700,-2.70254872,-0.05562122,1.68753878,-1.33610927,-0.26777673,-4.02056464,-4.69273564,882.23400000,-2.23682152,-1.12863118,895.49240000,-3.68427471,-1.30120617,893.88965000,-3.51157998,-1.35740098,32.34537409,-17.65462591,-3.69820389,3.57142857,39.68253968,12.69841270,5.95238095,1.19047619,87.69841270,49.60317460,16.26984127,5.55555556,1.58730159,0.00000000,5.95238095,3.57142857,4.76190476,6.74603175,26.98412698
2024-11-18,863.52000000,865.37000000,858.18000000,865.37000000,0.33275362,1.70271063,-1.04176196,-2.11551455,-1.47104032,-1.33232672,-4.21071274,-3.65920573,880.58600000,-1.72794026,0.50888127,895.03360000,-3.31424429,0.37003042,894.06585000,-3.20959021,0.30198977,35.04649024,-14.95350976,2.70111616,67.46031746,10.31746032,10.31746032,4.36507937,94.04761905,6.34920635,26.19047619,24.20634921,10.71428571,3.96825397,0.79365079,78.96825397,72.22222222,67.85714286,11.50793651,70.23809524
2024-11-19,866.64000000,868.93000000,854.31000000,861.98000000,-0.39173995,-0.72449357,-0.06028986,-0.00466864,-0.37101677,1.61933168,-4.04639720,-4.13330044,878.82000000,-1.91620582,-0.18826556,894.63640000,-3.65024271,-0.33599842,894.15700000,-3.59858504,-0.38899483,39.02605530,-10.97394470,3.97956505,22.61904762,40.07936508,27.38095238,6.34920635,21.82539683,49.60317460,82.14285714,20.23809524,8.73015873,1.98412698,0.00000000,36.11111111,30.55555556,26.98412698,19.04761905,74.20634921
2024-11-20,865.35000000,865.43000000,856.81000000,858.57000000,-0.39560083,-0.00386088,-0.78579105,0.25597091,-0.51101995,0.90888615,-4.31628218,-3.63335967,877.25000000,-2.12938159,-0.21317577,894.11780000,-3.97574011,-0.32549740,894.19100000,-3.98360082,-0.38501578,40.73150457,-9.26849543,1.70544928,22.61904762,14.68253968,25.39682540,4.36507937,50.79365079,57.53968254,71.42857143,25.79365079,6.34920635,1.19047619,0.00000000,35.31746032,30.95238095,27.38095238,23.41269841,64.68253968
2024-11-21,857.99000000,866.51000000,853.65000000,866.13000000,0.88053391,1.27613474,0.48144969,0.54173954,-0.95485317,-0.49272282,-2.67874198,-0.78381716,875.76150000,-1.09978573,1.02959586,893.57540000,-3.07141401,0.90432610,894.24725000,-3.14423668,0.83936414,39.37811247,-10.62188753,-1.35339210,88.09523810,66.26984127,18.65079365,9.92063492,88.49206349,68.65079365,42.46031746,49.20634921,21.42857143,5.95238095,2.38095238,93.65079365,91.66666667,87.30158730,19.84126984,40.47619048
2024-11-22,871.44000000,881.95000000,867.46000000,879.80000000,1.57828501,0.69775110,2.47271626,3.25850731,2.00579710,3.34190637,-1.79707557,-0.67901104,874.81050000,0.57035209,1.67013782,893.17940000,-1.49795215,1.57346186,894.43315000,-1.63602501,1.50821167,50.15779737,0.15779737,10.77968489,97.22222222,98.41269841,87.69841270,14.28571429,73.80952381,98.80952381,91.66666667,51.19047619,43.65079365,15.07936508,4.76190476,98.01587302,98.01587302,97.22222222,39.28571429,94.04761905
2024-11-25,882.13000000,884.02000000,878.08000000,879.40000000,-0.04546488,-1.62374989,1.53210257,1.05065289,1.62127183,3.09231214,-2.16061058,-0.75219077,873.94000000,0.62475685,0.05440475,892.85240000,-1.50667680,-0.00872466,894.61180000,-1.70037999,-0.06435498,48.11320755,-1.88679245,-2.04458982,41.26984127,93.25396825,82.53968254,12.30158730,6.34920635,79.76190476,90.07936508,50.39682540,46.82539683,15.07936508,4.36507937,60.31746032,53.96825397,47.61904762,36.90476190,35.71428571
2024-11-26,875.66000000,878.63000000,873.62000000,875.14000000,-0.48442120,-0.43895632,-0.52966583,-3.00238209,1.52671756,1.89773433,-2.41634237,-0.16875945,872.96500000,0.24915088,-0.37560597,892.34880000,-1.92848357,-0.42180677,894.74955000,-2.19162446,-0.49124447,49.84293194,-0.15706806,1.72972439,18.25396825,18.65079365,80.95238095,11.50793651,31.34920635,2.38095238,82.14285714,57.14285714,38.49206349,13.09523810,2.77777778,27.38095238,26.98412698,25.00000000,39.68253968,64.68253968
2024-11-27,876.05000000,876.68000000,872.67000000,874.48000000,-0.07541650,0.40900469,-0.55947237,-2.09157494,1.85308129,2.36410124,-2.25342037,-0.55254576,872.62550000,0.21251957,-0.03663131,891.98580000,-1.96256487,-0.03408130,894.83140000,-2.27432788,-0.08270342,47.56827983,-2.43172017,-2.27465211,40.07936508,17.06349206,84.92063492,12.30158730,66.26984127,7.14285714,85.31746032,53.57142857,38.49206349,12.69841270,2.77777778,51.58730159,53.17460317,45.63492063,36.50793651,34.92063492
2024-11-28,882.24000000,882.24000000,875.16000000,876.58000000,0.24014271,0.31555922,0.16454510,0.69421093,1.20651634,2.16136951,-0.53218650,2.63878907,872.74550000,0.43936062,0.22684104,891.34900000,-1.65692675,0.30563813,894.93505000,-2.05099242,0.22333546,51.47746860,1.47746860,3.90918878,63.09523810,53.17460317,75.39682540,28.96825397,63.49206349,71.03174603,84.12698413,80.15873016,43.65079365,14.28571429,4.36507937,68.25396825,69.44444444,63.49206349,43.65079365,73.41269841
2024-11-29,874.81000000,882.71000000,874.56000000,881.73000000,0.58751055,0.34736784,0.82906413,1.38853650,0.21936804,-1.78642906,0.86366652,5.51868474,872.65100000,1.04039301,0.60103239,891.03260000,-1.04402465,0.61290210,895.10230000,-1.49394097,0.55705144,52.09093119,2.09093119,0.61346259,78.57142857,77.77777778,47.22222222,45.23809524,64.28571429,83.73015873,20.63492063,92.06349206,60.31746032,19.44444444,7.14285714,81.74603175,81.74603175,78.96825397,45.23809524,54.76190476
2024-12-02,880.54000000,887.65000000,880.43000000,887.65000000,0.67140735,0.08389679,1.26286249,1.09831739,0.93813964,-0.68313219,0.45607840,3.39231172,873.05800000,1.67136662,0.63097361,890.71620000,-0.34423984,0.69978481,895.30660000,-0.85519307,0.63874790,64.95737880,14.95737880,12.86644760,82.14285714,89.28571429,68.65079365,39.68253968,55.15873016,80.15873016,38.88888889,83.33333333,75.00000000,29.76190476,8.73015873,82.14285714,84.92063492,81.74603175,67.85714286,97.22222222
2024-12-03,891.12000000,893.76000000,887.26000000,889.92000000,0.25573143,-0.41567592,0.92885577,0.09979164,1.68887264,0.16215508,1.18361360,4.72601827,873.41600000,1.88959213,0.21822551,890.37140000,-0.05069794,0.29354189,895.46865000,-0.61963643,0.23555664,67.92653713,17.92653713,2.96915833,63.09523810,80.15873016,83.33333333,50.00000000,32.14285714,52.38095238,59.12698413,89.28571429,78.96825397,31.34920635,9.52380952,67.06349206,68.65079365,64.28571429,73.80952381,70.23809524
2024-12-04,891.19000000,894.50000000,890.37000000,891.63000000,0.19215210,-0.06357932,0.44837492,-0.81448757,1.96116549,0.10808421,1.00480312,4.29259741,874.22700000,1.99067290,0.10108077,890.08340000,0.17375900,0.22445694,895.65195000,-0.44905278,0.17058365,63.12165264,13.12165264,-4.80488449,60.71428571,64.68253968,86.50793651,46.82539683,46.42857143,26.58730159,56.34920635,87.30158730,80.95238095,32.53968254,9.92063492,61.90476190,65.47619048,61.90476190,63.49206349,23.41269841
2024-12-05,891.71000000,896.20000000,891.69000000,894.40000000,0.31066698,0.11851488,0.50341604,-0.42543973,2.03290059,0.82638425,2.16926926,5.99044945,875.02000000,2.21480652,0.22413362,889.73820000,0.52395188,0.35019288,895.85960000,-0.16292732,0.28612547,78.41111507,28.41111507,15.28946243,67.06349206,66.66666667,88.09523810,63.09523810,56.34920635,34.52380952,68.65079365,92.85714286,85.31746032,34.52380952,10.31746032,67.46031746,71.42857143,68.25396825,84.12698413,98.41269841
2024-12-06,894.70000000,895.11000000,890.68000000,891.67000000,-0.30523256,-0.61589954,0.00448617,-0.44388876,1.12732923,0.90796119,1.49452501,5.55052710,875.89450000,1.80107307,-0.41373344,889.22300000,0.27518407,-0.24876781,896.05305000,-0.48915073,-0.32622341,73.48214286,23.48214286,-4.92897221,27.38095238,44.04761905,73.01587302,55.55555556,25.79365079,34.52380952,70.63492063,92.06349206,77.38095238,33.73015873,9.92063492,25.79365079,34.92063492,31.34920635,77.77777778,23.01587302
2024-12-09,894.18000000,897.36000000,889.14000000,894.72000000,0.34205480,0.64728735,0.03577818,-0.46763786,0.79648510,-0.14165454,2.34963051,6.42503761,876.71600000,2.05357265,0.25249958,888.91500000,0.65304332,0.37785925,896.28935000,-0.17509413,0.31405660,79.41070787,29.41070787,5.92856501,68.25396825,45.63492063,65.07936508,65.87301587,71.82539683,33.73015873,50.79365079,94.44444444,82.53968254,35.71428571,10.71428571,68.65079365,72.22222222,69.04761905,85.71428571,81.34920635
2024-12-10,891.92000000,895.31000000,891.08000000,893.42000000,-0.14529685,-0.48735165,0.19626095,0.19177478,0.39329378,-1.29557886,1.72266563,5.83529064,878.12750000,1.74148970,-0.31208295,888.58080000,0.54459876,-0.10844456,896.51425000,-0.34514231,-0.17004819,82.53968254,32.53968254,3.12897467,34.92063492,55.15873016,53.96825397,57.14285714,29.76190476,55.15873016,27.38095238,91.66666667,76.98412698,35.31746032,10.71428571,29.36507937,46.03174603,40.07936508,89.68253968,71.03174603
2024-12-11,893.17000000,899.19000000,893.17000000,896.14000000,0.30444808,0.44974493,0.15870887,0.12293069,0.50581519,-1.45535030,3.57724893,9.80292986,879.78550000,1.85891902,0.11742932,888.16640000,0.89775970,0.35316094,896.72445000,-0.06517610,0.27996621,80.80476288,30.80476288,-1.73491966,66.26984127,53.17460317,57.93650794,80.95238095,67.85714286,53.17460317,24.60317460,96.82539683,78.96825397,39.28571429,11.90476190,63.49206349,71.42857143,68.25396825,87.69841270,38.09523810
2024-12-12,896.41000000,896.61000000,892.97000000,894.42000000,-0.19193430,-0.49638237,0.11192944,-0.08433151,0.00223614,-2.03066445,3.64318988,7.69468973,880.78250000,1.54833912,-0.31057990,887.84780000,0.74023949,-0.15752021,896.91380000,-0.27804233,-0.21286623,69.88574538,19.88574538,-10.91901751,33.73015873,50.00000000,39.68253968,81.34920635,29.76190476,46.42857143,16.66666667,94.44444444,73.80952381,38.09523810,11.11111111,30.15873016,41.66666667,38.09523810,76.58730159,5.15873016
2024-12-13,893.61000000,896.72000000,891.84000000,893.55000000,-0.09726974,0.09466456,-0.28901734,-0.44772621,0.21084033,-0.91648889,2.18072454,4.22611290,882.33500000,1.27105918,-0.27727994,887.48260000,0.68366411,-0.05657538,897.12575000,-0.39857846,-0.12053613,69.00349181,19.00349181,-0.88225357,39.68253968,29.76190476,47.22222222,64.28571429,55.15873016,34.12698413,34.92063492,84.12698413,65.87301587,37.30158730,10.71428571,31.74603175,51.98412698,44.04761905,75.39682540,44.04761905
2024-12-16,890.97000000,892.51000000,889.08000000,891.48000000,-0.23166023,-0.13439049,-0.32870464,-0.44063408,-0.36212446,-1.15860956,3.36000000,7.38056464,883.64050000,0.88718206,-0.38387712,887.05680000,0.49863774,-0.18502637,897.29805000,-0.64839659,-0.24981813,73.31621005,23.31621005,4.31271824,30.95238095,27.77777778,28.96825397,79.76190476,44.04761905,34.52380952,30.55555556,94.04761905,57.53968254,34.92063492,9.52380952,26.58730159,39.68253968,34.52380952,78.57142857,75.79365079
2024-12-17,888.41000000,892.66000000,886.50000000,889.66000000,-0.20415489,0.02750534,-0.43534217,-0.14632483,-0.42085469,-0.81414847,2.80689185,7.01760459,885.02450000,0.52377081,-0.36341125,886.64620000,0.33991010,-0.15872764,897.40265000,-0.86278439,-0.21438780,70.96685083,20.96685083,-2.34935922,33.33333333,22.22222222,27.77777778,72.22222222,51.98412698,44.44444444,37.30158730,93.65079365,44.44444444,34.52380952,8.73015873,28.17460317,41.66666667,38.09523810,78.17460317,34.92063492
2024-12-18,891.00000000,894.02000000,890.19000000,892.66000000,0.33720747,0.54136236,0.13236416,0.46106879,-0.38833218,-0.89414737,3.55924731,7.60564452,886.72900000,0.66886275,0.14509194,886.18580000,0.73056914,0.39065904,897.55615000,-0.54549791,0.31728649,71.67115903,21.67115903,0.70430820,69.04761905,51.19047619,28.17460317,82.14285714,69.44444444,65.47619048,35.31746032,94.04761905,49.60317460,39.28571429,10.71428571,64.68253968,73.01587302,70.63492063,78.57142857,54.36507937
2024-12-19,883.09000000,885.37000000,876.47000000,878.83000000,-1.54930209,-1.88650956,-1.21731898,-0.78197680,-1.74302900,-1.74526514,2.35973770,6.67601988,887.36400000,-0.96172484,-1.63058759,885.53600000,-0.75728147,-1.48785061,897.68870000,-2.10080621,-1.55530831,46.83267803,-3.16732197,-24.83848100,1.58730159,7.53968254,9.52380952,67.06349206,3.96825397,26.19047619,21.42857143,92.85714286,23.01587302,22.61904762,3.96825397,1.98412698,1.98412698,2.77777778,36.11111111,0.00000000
2024-12-20,874.72000000,876.09000000,866.70000000,875.44000000,-0.38574013,1.16356195,-1.92906594,-2.06143010,-2.02674724,-2.23758758,1.07489638,3.75363836,887.14600000,-1.31951223,-0.35778739,884.72560000,-1.04954576,-0.29226429,897.76105000,-2.48630190,-0.38549568,35.88439306,-14.11560694,-10.94828496,23.41269841,3.17460317,7.53968254,48.01587302,86.90476190,7.93650794,13.09523810,80.55555556,16.66666667,19.44444444,2.77777778,28.17460317,32.14285714,26.98412698,12.69841270,5.15873016
2024-12-23,870.21000000,874.25000000,867.05000000,872.22000000,-0.36781504,0.01792509,-0.75213636,0.46518261,-2.16045228,-1.79832782,-0.86155945,0.93551612,886.78700000,-1.64267180,-0.32315957,883.71740000,-1.30102678,-0.25148102,897.82050000,-2.85140515,-0.36510326,29.97737557,-20.02262443,-5.90701750,25.79365079,15.47619048,6.74603175,24.20634921,51.19047619,65.87301587,21.03174603,65.47619048,11.90476190,18.25396825,2.77777778,29.36507937,34.12698413,28.96825397,3.96825397,17.85714286
2024-12-24,876.15000000,878.34000000,875.83000000,876.26000000,0.46318589,0.83100094,0.09366718,2.02273312,-1.50619338,-1.08533868,-0.35706163,1.80354895,886.84300000,-1.19333411,0.44933770,883.25420000,-0.79186717,0.50915961,897.90805000,-2.41094286,0.44046230,33.48377391,-16.51622609,3.50639834,73.80952381,48.80952381,11.50793651,31.34920635,78.96825397,92.06349206,30.95238095,71.42857143,19.44444444,23.41269841,3.57142857,75.00000000,77.77777778,75.00000000,9.12698413,72.61904762
2024-12-27,874.97000000,880.84000000,873.67000000,879.70000000,0.39257755,-0.07060835,0.85758180,1.60971817,-1.45184057,-1.06350839,0.52105949,2.93740186,887.10400000,-0.83462593,0.35870818,882.99340000,-0.37298127,0.41888590,898.04765000,-2.04305974,0.36788312,34.42796610,-15.57203390,0.94419219,71.42857143,78.17460317,12.30158730,42.06349206,45.23809524,86.11111111,31.74603175,76.58730159,26.58730159,31.34920635,6.34920635,69.84126984,74.60317460,73.01587302,11.11111111,55.95238095
2024-12-30,876.95000000,878.58000000,869.76000000,871.80000000,-0.89803342,-1.29061097,-0.50898135,-0.60264854,-0.79992718,0.94310183,-0.30646784,1.94695253,886.86500000,-1.69868018,-0.86405425,882.45680000,-1.20762852,-0.83464725,898.13785000,-2.93249527,-0.88943553,31.02921520,-18.97078480,-3.39875090,8.33333333,20.63492063,21.82539683,32.53968254,11.90476190,30.55555556,71.03174603,73.01587302,11.90476190,19.04761905,2.77777778,8.33333333,10.71428571,11.50793651,5.95238095,29.36507937
2024-12-31,870.67000000,879.13000000,870.60000000,878.63000000,0.78343657,1.68146999,-0.12163237,-0.97921418,0.36438819,2.39113544,0.23386342,0.76604993,886.71000000,-0.91123366,0.78744652,881.96120000,-0.37770369,0.82992483,898.22755000,-2.18180237,0.75069290,35.67230632,-14.32769368,4.64309112,85.71428571,37.69841270,53.96825397,38.09523810,93.65079365,22.22222222,85.71428571,62.69841270,25.79365079,31.74603175,5.15873016,86.50793651,88.09523810,85.71428571,13.88888889,76.98412698
2025-01-02,878.75000000,887.17000000,875.98000000,887.17000000,0.97196772,0.18853115,1.76301904,2.27200039,1.71401711,3.87446939,0.61696891,-0.24669761,886.68600000,0.05458528,0.96581894,881.73800000,0.61605602,0.99375971,898.36070000,-1.24568005,0.93612232,45.07020035,-4.92979965,9.39789402,90.07936508,95.63492063,84.12698413,44.84126984,57.53968254,94.44444444,94.84126984,51.58730159,38.09523810,39.68253968,10.71428571,91.26984127,92.06349206,89.28571429,34.12698413,91.26984127
2025-01-03,887.31000000,888.84000000,883.01000000,884.59000000,-0.29081236,-1.26278008,0.67832876,0.79996114,0.95063109,2.45682447,-0.34473047,-0.80080887,886.41950000,-0.20639212,-0.26097740,881.48380000,0.35238311,-0.26367291,898.40655000,-1.53789507,-0.29221502,40.86956522,-9.13043478,-4.20063513,28.57142857,73.80952381,69.84126984,31.74603175,12.69841270,71.42857143,85.71428571,44.04761905,34.92063492,38.09523810,9.92063492,33.33333333,32.93650794,32.14285714,25.79365079,25.39682540
2025-01-06,888.00000000,892.95000000,886.63000000,891.56000000,0.78793565,1.07874801,0.49483188,-1.26818716,1.34818688,2.80002745,0.18428623,-0.99932738,886.41600000,0.58031443,0.78670655,881.51560000,1.13944665,0.78706355,898.48265000,-0.77048232,0.76741274,47.91240876,-2.08759124,7.04284354,85.31746032,66.26984127,77.77777778,38.09523810,84.92063492,19.84126984,86.90476190,42.06349206,46.82539683,48.41269841,13.49206349,85.71428571,87.30158730,85.31746032,38.88888889,85.71428571
2025-01-07,890.26000000,897.16000000,889.96000000,893.96000000,0.26919108,-0.51874457,1.05924779,0.38091903,2.54186740,3.34179458,0.26131916,-0.74348396,886.39400000,0.85357076,0.27325632,881.47680000,1.41616887,0.27672221,898.56670000,-0.51267201,0.25781031,50.29273169,0.29273169,2.38032293,62.30158730,85.31746032,93.65079365,38.49206349,29.36507937,59.92063492,90.87301587,46.42857143,56.74603175,52.77777778,15.07936508,66.66666667,64.28571429,64.28571429,42.85714286,66.26984127
2025-01-08,894.58000000,895.25000000,884.79000000,889.00000000,-0.55483467,-0.82402575,-0.28713715,-0.78196903,1.18024652,0.81585833,-0.60375671,-2.77302597,886.26050000,0.30910776,-0.54446300,881.28040000,0.87595276,-0.54021610,898.61970000,-1.07049734,-0.55782533,48.29950631,-1.70049369,-1.99322538,17.06349206,29.36507937,75.00000000,27.38095238,21.82539683,27.38095238,65.87301587,25.79365079,40.07936508,44.44444444,11.50793651,19.84126984,18.25396825,19.84126984,38.88888889,35.71428571
2025-01-09,888.80000000,896.10000000,887.90000000,895.83000000,0.76827897,1.32311363,0.20918162,-0.85006617,0.97613761,-0.73787950,0.46654031,-1.02798470,886.31600000,1.07343205,0.76432429,881.26080000,1.65322229,0.77726953,898.70335000,-0.31972174,0.75077560,53.95868087,3.95868087,5.65917456,84.92063492,55.95238095,69.44444444,42.06349206,88.49206349,25.00000000,39.68253968,40.87301587,63.09523810,56.74603175,17.46031746,85.31746032,86.90476190,85.31746032,49.20634921,78.96825397
2025-01-10,895.30000000,897.26000000,890.10000000,890.30000000,-0.61730462,-1.38558359,0.14623172,0.43336887,0.64549678,-0.30513431,-0.49400930,-2.84363981,886.16000000,0.46718426,-0.60624779,881.17400000,1.03566378,-0.61755851,898.74595000,-0.93974832,-0.62002658,48.53343276,-1.46656724,-5.42524811,16.26984127,50.79365079,59.92063492,29.76190476,10.71428571,62.69841270,49.60317460,25.00000000,43.65079365,46.03174603,12.69841270,16.26984127,15.87301587,17.85714286,38.88888889,19.04761905
2025-01-13,887.13000000,887.13000000,879.12000000,885.28000000,-0.56385488,0.05344974,-1.17767880,-1.38686042,-0.70438333,-2.05257021,-0.91110564,-2.63377127,885.61700000,-0.03805257,-0.50523682,881.25420000,0.45682619,-0.57883759,898.76525000,-1.50041960,-0.56067128,54.50104676,4.50104676,5.96761399,17.06349206,8.73015873,22.22222222,22.61904762,53.57142857,17.85714286,16.26984127,26.19047619,35.31746032,38.49206349,10.31746032,21.42857143,17.85714286,20.23809524,49.60317460,80.95238095
2025-01-14,887.22000000,891.87000000,883.55000000,884.98000000,-0.03388758,0.52996730,-0.59755139,-0.74378311,-1.00451922,-3.54638662,-1.24534113,-4.82259006,885.14500000,-0.01864101,0.01941155,881.47020000,0.39817568,-0.05865051,898.76990000,-1.53430817,-0.03388857,56.95740957,6.95740957,2.45636281,44.44444444,17.06349206,19.04761905,17.85714286,67.46031746,27.77777778,4.36507937,13.09523810,35.31746032,38.09523810,10.31746032,54.76190476,50.00000000,49.60317460,53.57142857,66.66666667
2025-01-15,886.96000000,896.81000000,886.46000000,893.94000000,1.01245226,1.04633984,0.97822158,2.15590038,0.55568054,-0.62456598,-0.05366606,-3.69685594,885.16450000,0.99139764,1.01003866,881.67660000,1.39091817,0.99274248,898.81875000,-0.54279575,0.99151242,64.61641992,14.61641992,7.65901035,92.06349206,82.53968254,58.33333333,34.12698413,83.33333333,93.25396825,43.65079365,20.23809524,59.92063492,52.38095238,16.66666667,92.06349206,91.66666667,91.26984127,68.25396825,88.88888889
2025-01-16,902.12000000,907.66000000,900.04000000,907.66000000,1.53477862,0.52232636,2.56276978,3.16032117,1.32056305,0.34442545,1.57909462,-0.60162992,885.97350000,2.44775944,1.45636180,882.23960000,2.88134879,1.49043062,898.95390000,0.96847013,1.51126588,68.69492736,18.69492736,4.07850744,96.82539683,98.41269841,76.98412698,57.93650794,67.06349206,98.41269841,61.50793651,48.80952381,88.88888889,69.44444444,23.01587302,97.22222222,96.82539683,97.22222222,75.00000000,73.41269841
2025-01-17,910.56000000,917.20000000,909.49000000,914.24000000,0.72494106,-0.80983756,2.27084592,1.29262434,2.68898124,2.04348446,2.55305784,-0.80694216,887.20250000,3.04750043,0.59974099,882.86920000,3.55327833,0.67192955,899.10080000,1.68381565,0.71534552,69.82323232,19.82323232,1.12830496,82.93650794,97.22222222,95.63492063,69.44444444,22.22222222,81.74603175,80.95238095,42.85714286,92.46031746,77.77777778,26.19047619,79.76190476,82.14285714,83.73015873,76.58730159,56.34920635
2025-01-20,915.56000000,920.76000000,915.04000000,917.51000000,0.35767413,-0.36726692,1.08520812,-1.47756166,3.64065606,4.34503939,3.13040937,0.32351752,888.44500000,3.27144618,0.22394575,883.71120000,3.82464316,0.27136483,899.28320000,2.02681424,0.34299859,77.70638865,27.70638865,7.88315633,68.25396825,85.71428571,97.61904762,76.58730159,35.31746032,15.87301587,96.42857143,58.33333333,94.04761905,78.96825397,27.77777778,64.68253968,63.09523810,69.84126984,84.52380952,89.68253968
2025-01-21,918.35000000,919.11000000,912.75000000,914.64000000,-0.31280313,-0.67047726,0.04375219,-2.22709373,3.35148817,4.35600739,2.46230368,-1.09694364,890.23550000,2.74135327,-0.53009291,884.43320000,3.41538513,-0.40925803,899.42305000,1.69185680,-0.33495745,72.92754361,22.92754361,-4.77884504,27.38095238,43.65079365,97.22222222,67.85714286,23.80952381,5.95238095,97.22222222,38.49206349,89.68253968,75.39682540,26.58730159,20.63492063,26.19047619,30.95238095,78.57142857,23.01587302
2025-01-22,915.09000000,919.70000000,913.07000000,914.45000000,-0.02077320,0.29202993,-0.33351135,-1.41871947,2.29433743,1.73865689,4.05311607,1.69337837,892.18600000,2.49544378,-0.24590950,885.23860000,3.29983351,-0.11555162,899.57635000,1.65340607,-0.03845072,69.43573668,19.43573668,-3.49180694,46.03174603,26.98412698,90.47619048,86.90476190,61.90476190,17.46031746,77.77777778,69.84126984,89.28571429,73.01587302,26.19047619,36.11111111,44.84126984,50.00000000,75.00000000,28.17460317
2025-01-23,908.53000000,909.77000000,907.18000000,909.11000000,-0.58395757,-0.56318437,-0.60460946,-0.64836165,0.15975145,-1.16081160,3.84606598,2.77116960,894.03050000,1.68668742,-0.80875635,885.85500000,2.62514746,-0.67468606,899.70465000,1.04538195,-0.60802412,66.80833562,16.80833562,-2.62740106,16.26984127,17.06349206,44.04761905,84.92063492,26.58730159,30.95238095,30.95238095,75.79365079,76.19047619,65.47619048,23.41269841,11.11111111,15.07936508,18.25396825,71.82539683,34.12698413
2025-01-24,908.59000000,909.74000000,899.85000000,901.33000000,-0.85578203,-0.27182446,-1.43474219,-1.10123084,-1.41210186,-4.10108310,3.33746073,4.19902018,895.28400000,0.67531644,-1.01137099,886.57780000,1.66394873,-0.96119873,899.79095000,0.17104529,-0.87433666,56.62372881,6.62372881,-10.18460680,8.73015873,6.74603175,13.49206349,79.76190476,40.87301587,21.42857143,2.38095238,82.14285714,49.20634921,55.95238095,21.03174603,7.53968254,8.73015873,11.90476190,51.98412698,6.74603175
2025-01-27,889.13000000,896.23000000,885.79000000,894.84000000,-0.72004704,0.13573499,-1.56966704,-0.96505757,-2.47081776,-6.11147382,2.12037523,2.47743686,896.04100000,-0.13403405,-0.80935048,887.21500000,0.85943092,-0.80451781,899.89180000,-0.56137860,-0.73242389,50.56526208,0.56526208,-6.05846674,13.49206349,6.34920635,5.15873016,62.30158730,56.34920635,23.01587302,0.00000000,73.80952381,32.14285714,44.04761905,16.26984127,11.50793651,12.30158730,16.26984127,42.06349206,16.26984127
2025-01-28,899.20000000,903.27000000,898.13000000,898.41000000,0.39895400,1.11900104,-0.32396570,1.11077650,-1.77446864,-5.12595681,2.12686143,1.60580194,897.37150000,0.11572688,0.24976092,887.69360000,1.20721835,0.34778743,900.05710000,-0.18299950,0.37837910,56.15434925,6.15434925,5.58908717,70.63492063,29.76190476,10.71428571,62.69841270,85.71428571,79.76190476,1.98412698,68.25396825,36.11111111,49.60317460,20.23809524,66.66666667,68.65079365,72.22222222,51.98412698,78.96825397
2025-01-29,910.44000000,910.73000000,904.94000000,904.94000000,0.72683964,0.32788564,1.12869340,2.69836043,-1.03996938,-3.33430681,3.80133058,4.10779842,898.68700000,0.69579286,0.58006599,888.54240000,1.84544936,0.63823101,900.25500000,0.52040811,0.70340761,55.98161523,5.98161523,-0.17273401,83.73015873,87.69841270,20.23809524,85.31746032,62.30158730,96.42857143,7.14285714,81.34920635,50.79365079,58.73015873,22.61904762,79.76190476,82.53968254,84.12698413,50.79365079,49.20634921
2025-01-30,908.70000000,920.08000000,908.70000000,919.00000000,1.55369417,0.82685453,2.29182667,2.61579237,1.08787715,0.92812571,4.59465304,4.36078962,900.27850000,2.07952317,1.38373031,889.61500000,3.30311427,1.45766491,900.54995000,2.04875365,1.52834555,66.94615021,16.94615021,10.96453498,97.22222222,98.01587302,73.01587302,90.47619048,77.77777778,95.63492063,70.63492063,83.73015873,86.90476190,75.39682540,30.95238095,96.03174603,96.82539683,97.61904762,73.80952381,95.63492063
2025-01-31,921.86000000,927.80000000,921.02000000,921.94000000,0.31991295,-1.23378122,1.87857759,0.74988419,2.28662088,3.69872274,3.91920376,3.30223485,902.14600000,2.19410162,0.11457845,890.81420000,3.49408440,0.19097013,900.82710000,2.34372390,0.29497024,72.19128329,22.19128329,5.24513308,65.47619048,96.03174603,91.26984127,87.69841270,13.49206349,71.03174603,94.44444444,78.17460317,88.49206349,79.36507937,31.74603175,61.50793651,61.50793651,66.66666667,81.34920635,78.17460317
2025-02-03,908.29000000,916.41000000,908.29000000,916.27000000,-0.61500748,-0.93492043,-0.29706202,-2.58888870,2.39484154,4.86565929,3.58132016,3.92605063,903.38150000,1.42669514,-0.76740648,891.96820000,2.72451417,-0.76957023,901.03450000,1.69088975,-0.65283415,67.78447198,17.78447198,-4.40681131,17.06349206,30.55555556,93.25396825,84.12698413,19.04761905,3.96825397,97.61904762,81.34920635,73.01587302,68.25396825,28.96825397,13.49206349,13.09523810,17.85714286,75.79365079,25.79365079
2025-02-04,916.38000000,920.17000000,910.59000000,919.47000000,0.34924204,0.96424952,-0.26791331,-2.14649090,2.34414132,4.11860996,3.13046794,2.94618172,904.65700000,1.63741617,0.21072103,893.03500000,2.96013034,0.23561617,901.26175000,2.02030653,0.32941678,65.52730811,15.52730811,-2.25716387,67.46031746,32.14285714,92.06349206,77.77777778,80.55555556,7.14285714,95.63492063,76.58730159,76.98412698,72.22222222,30.95238095,63.88888889,63.09523810,69.84126984,70.63492063,36.50793651
2025-02-05,915.30000000,919.45000000,914.78000000,919.45000000,-0.00217517,-0.35141720,0.34705927,0.64412130,1.60342122,2.64339060,2.85135800,2.59003885,906.17950000,1.46444496,-0.17297121,893.82800000,2.86654703,-0.09358331,901.50765000,1.99026043,-0.03004610,58.60458327,8.60458327,-6.92272484,48.01587302,65.07936508,80.95238095,74.60317460,35.31746032,69.04761905,85.71428571,74.60317460,75.00000000,71.03174603,30.55555556,40.47619048,47.22222222,51.58730159,57.93650794,14.28571429
2025-02-06,922.53000000,926.09000000,920.22000000,925.13000000,0.61776062,0.61993578,0.61557201,0.88348533,0.66702938,-0.42084777,4.06411699,4.66787369,907.64450000,1.92647011,0.46202515,894.74260000,3.39621697,0.52966994,901.72015000,2.59613251,0.60587209,58.05354238,8.05354238,-0.55104090,78.96825397,73.80952381,61.90476190,90.47619048,71.03174603,73.80952381,48.01587302,87.30158730,84.92063492,78.96825397,34.12698413,75.00000000,77.38095238,80.55555556,56.74603175,48.41269841
2025-02-07,925.42000000,927.41000000,921.89000000,924.10000000,-0.11133570,-0.72909632,0.50573713,0.15867785,0.23428857,-2.05233232,3.15573267,2.68919236,909.33450000,1.62376991,-0.30270020,895.72180000,3.16819352,-0.22802345,901.92930000,2.45814167,-0.13799084,55.04053847,5.04053847,-3.01300390,40.07936508,69.44444444,48.01587302,78.57142857,22.61904762,55.15873016,16.66666667,75.79365079,77.38095238,74.60317460,34.12698413,33.33333333,36.50793651,43.25396825,49.60317460,32.14285714
2025-02-10,926.38000000,933.35000000,925.87000000,931.73000000,0.82566822,0.93700392,0.71341325,0.09784124,1.68727558,-0.70756595,4.65348759,5.14749689,911.65700000,2.20181494,0.57804503,896.86680000,3.88722160,0.71902809,902.19380000,3.27381988,0.81567821,62.18451447,12.18451447,7.14397600,87.69841270,75.39682540,82.53968254,93.65079365,79.76190476,52.38095238,41.66666667,89.68253968,90.87301587,86.50793651,36.50793651,79.36507937,85.31746032,87.30158730,64.68253968,86.90476190
2025-02-11,933.38000000,940.06000000,932.85000000,938.92000000,0.77168278,-0.05398543,1.60372254,1.09798542,2.11534906,-0.22879226,6.05909995,6.97020558,914.35400000,2.68670559,0.48489065,898.11360000,4.54356776,0.65634616,902.49485000,4.03605073,0.76223085,65.86282899,15.86282899,3.67831452,86.11111111,92.46031746,89.28571429,97.61904762,46.03174603,78.57142857,52.77777778,94.84126984,94.84126984,93.65079365,44.04761905,75.00000000,82.93650794,86.50793651,73.80952381,71.03174603
2025-02-12,939.05000000,942.93000000,936.66000000,942.61000000,0.39300473,-0.37867805,1.16772026,0.45430701,2.51889717,0.91547595,6.51201157,7.75735270,916.78750000,2.81662872,0.12992313,899.33120000,4.81233165,0.26876389,902.77070000,4.41300321,0.37695248,72.19130896,22.19130896,6.32847997,70.23809524,87.69841270,94.84126984,98.41269841,34.12698413,64.28571429,69.84126984,96.82539683,96.42857143,95.23809524,47.22222222,61.50793651,63.09523810,71.82539683,84.52380952,84.52380952
2025-02-13,944.35000000,946.58000000,937.13000000,946.58000000,0.42117100,0.02816628,0.81583095,-0.78789159,2.31859306,1.65156368,5.88853838,5.94220444,918.73350000,3.03096600,0.21433728,900.50980000,5.11601317,0.30368152,903.04795000,4.82056905,0.40756584,81.56829915,31.56829915,9.37699019,72.61904762,76.98412698,92.06349206,97.22222222,51.19047619,27.38095238,78.17460317,92.46031746,97.61904762,96.82539683,48.41269841,63.88888889,65.87301587,73.01587302,93.25396825,92.46031746
2025-02-14,948.35000000,950.59000000,945.05000000,946.61000000,0.00316930,-0.41800170,0.42435366,-0.74336661,2.43588356,2.20159500,4.29125443,2.71215981,920.35200000,2.85303884,-0.17792716,901.64360000,4.98715901,-0.12885417,903.28070000,4.79688097,-0.02368808,89.69483208,39.69483208,8.12653293,48.80952381,66.26984127,94.44444444,91.66666667,31.74603175,28.96825397,82.93650794,76.19047619,96.82539683,96.03174603,48.41269841,38.88888889,44.04761905,51.98412698,99.60317460,89.68253968
2025-02-17,945.66000000,948.91000000,945.21000000,948.54000000,0.20388544,0.20071614,0.20706121,-0.60876974,1.80417074,0.11689515,3.75175009,1.19869225,921.90350000,2.88929373,0.03625489,902.78180000,5.06857803,0.08141903,903.52540000,4.98210676,0.18522579,89.42897593,39.42897593,-0.26585615,59.12698413,57.14285714,82.53968254,86.90476190,58.33333333,33.33333333,56.74603175,66.26984127,96.82539683,96.82539683,49.20634921,55.15873016,57.93650794,60.31746032,98.80952381,49.20634921
2025-02-18,950.26000000,952.45000000,947.06000000,947.06000000,-0.15602927,-0.35991471,0.04753806,-0.37681560,0.86695352,-1.24839554,3.22067334,0.09026397,923.52450000,2.54844349,-0.34085024,903.83500000,4.78239944,-0.28617859,903.73965000,4.79345462,-0.18865214,85.98769651,35.98769651,-3.44127942,35.31746032,45.23809524,65.47619048,79.36507937,34.52380952,39.68253968,27.38095238,56.34920635,94.04761905,94.44444444,48.41269841,28.96825397,31.34920635,38.88888889,96.42857143,29.76190476
2025-02-19,946.91000000,947.88000000,937.83000000,942.28000000,-0.50471987,-0.34869060,-0.65996163,-0.86702284,-0.03500918,-2.55390634,3.02195399,0.55965032,924.91600000,1.87735967,-0.67108382,904.84720000,4.13691947,-0.64547997,903.89810000,4.24626404,-0.54719058,73.63931763,23.63931763,-12.34837889,19.44444444,15.47619048,39.28571429,75.79365079,36.11111111,24.60317460,9.52380952,61.90476190,82.93650794,89.28571429,45.63492063,15.47619048,15.87301587,22.22222222,84.92063492,3.17460317
2025-02-20,939.25000000,942.29000000,936.75000000,938.58000000,-0.39266460,0.11205527,-0.89540261,-0.94294067,-0.84514780,-3.16374086,2.63874460,-1.41437147,926.38950000,1.31591517,-0.56144450,905.72440000,3.62754940,-0.50937008,904.03145000,3.82160930,-0.42465474,66.64000000,16.64000000,-6.99931763,24.20634921,13.09523810,22.61904762,72.22222222,55.95238095,23.41269841,6.34920635,35.71428571,70.23809524,83.73015873,43.25396825,19.44444444,20.63492063,26.98412698,74.60317460,14.28571429
2025-02-21,938.79000000,940.17000000,934.51000000,937.58000000,-0.10654393,0.28612067,-0.49879017,0.16117146,-0.95393034,-3.38981390,3.13163424,-0.71443174,928.20200000,1.01034042,-0.30557475,906.60760000,3.41629609,-0.21125330,904.16620000,3.69553739,-0.12607191,73.50540481,23.50540481,6.86540481,39.68253968,21.03174603,21.82539683,79.36507937,61.90476190,56.34920635,5.55555556,46.42857143,61.11111111,80.55555556,40.47619048,31.34920635,37.69841270,43.65079365,84.52380952,84.12698413
2025-02-24,932.94000000,934.64000000,928.58000000,934.42000000,-0.33703791,-0.23049398,-0.44322274,0.45217987,-1.48860354,-3.29277427,3.67124139,0.33378066,930.18100000,0.45571776,-0.55462266,907.37320000,2.98078012,-0.43551597,904.27135000,3.33402689,-0.36151050,66.50474718,16.50474718,-7.00065762,28.57142857,23.01587302,12.69841270,87.69841270,41.26984127,64.68253968,6.74603175,59.52380952,43.65079365,73.01587302,37.30158730,19.84126984,25.79365079,30.15873016,73.80952381,14.28571429
2025-02-25,926.43000000,932.68000000,926.43000000,929.78000000,-0.49656471,-0.15952681,-0.83192901,-0.33313884,-1.82459401,-2.69154753,3.90460865,1.78423341,931.74950000,-0.21137656,-0.66709431,908.08040000,2.38961220,-0.59116793,904.35245000,2.81168586,-0.52234103,60.34862753,10.34862753,-6.15611966,19.44444444,13.49206349,10.71428571,91.26984127,42.06349206,40.47619048,10.31746032,70.23809524,31.34920635,64.68253968,35.71428571,15.47619048,17.85714286,24.20634921,61.11111111,16.26984127
2025-02-26,931.98000000,932.89000000,927.23000000,932.09000000,0.24844587,0.74501058,-0.24935254,0.19387020,-1.08141954,-1.04641036,3.74884518,1.62198375,933.10700000,-0.10899072,0.10238584,908.85120000,2.55694221,0.16733002,904.44665000,3.05638260,0.24469673,57.47743876,7.47743876,-2.87118877,61.11111111,32.53968254,20.23809524,88.09523810,76.58730159,56.34920635,33.73015873,69.44444444,33.73015873,67.46031746,36.90476190,59.92063492,60.71428571,63.09523810,55.15873016,32.93650794
2025-02-27,926.09000000,927.50000000,921.67000000,925.91000000,-0.66302610,-0.91147197,-0.41622749,0.41570151,-1.34991157,-0.50476377,2.31728070,-1.48404988,933.45250000,-0.80802183,-0.69903112,909.53980000,1.79983328,-0.75710894,904.50145000,2.36688952,-0.68949308,51.75082221,1.75082221,-5.72661655,13.88888889,24.20634921,17.06349206,67.46031746,19.04761905,62.30158730,45.23809524,35.31746032,25.39682540,58.33333333,33.33333333,14.28571429,12.30158730,15.87301587,43.65079365,19.44444444
2025-02-28,915.95000000,923.29000000,914.80000000,921.92000000,-0.43092741,0.23209869,-1.09109635,-0.84174381,-1.67025747,-0.71632713,0.31773667,-4.27691637,933.45150000,-1.23536145,-0.42733962,910.18500000,1.28929833,-0.51053495,904.55350000,1.91989750,-0.44699202,39.79188345,-10.20811655,-11.95893875,22.22222222,9.92063492,12.30158730,37.69841270,60.71428571,25.00000000,41.66666667,15.07936508,18.25396825,50.79365079,30.55555556,25.79365079,21.03174603,27.38095238,19.44444444,3.57142857
2025-03-03,924.82000000,933.21000000,921.20000000,930.41000000,0.92090420,1.35183161,0.48600836,0.90223585,-0.42914321,1.05946033,0.91871488,-3.00048888,934.15850000,-0.40127023,0.83409122,910.94000000,2.13735262,0.84805430,904.65295000,2.84717471,0.92727721,41.37791287,-8.62208713,1.58602941,89.28571429,69.04761905,30.15873016,48.01587302,91.26984127,76.19047619,71.82539683,23.80952381,29.76190476,63.49206349,36.90476190,88.49206349,89.28571429,90.07936508,23.41269841,60.31746032
2025-03-04,921.64000000,923.00000000,913.00000000,914.05000000,-1.75836459,-2.67926879,-0.85365325,0.23744311,-1.69179806,0.13279595,-0.24228666,-3.82360682,933.88750000,-2.12418519,-1.72291496,911.64440000,0.26387482,-1.87347781,904.65185000,1.03886926,-1.80830545,26.97516930,-23.02483070,-14.40274357,1.58730159,13.88888889,11.90476190,31.74603175,1.58730159,56.74603175,58.73015873,19.04761905,7.14285714,35.31746032,25.00000000,1.19047619,1.58730159,1.58730159,0.79365079,2.38095238
2025-03-05,920.26000000,922.80000000,909.51000000,909.51000000,-0.49669055,1.26167404,-2.24632151,-2.73232987,-2.42251285,-1.34109331,-1.08323273,-4.21370068,933.39050000,-2.55846829,-0.43428310,912.32580000,-0.30863974,-0.57251456,904.62335000,0.54018614,-0.49868312,20.38664323,-29.61335677,-6.58852607,19.84126984,1.98412698,6.34920635,20.63492063,89.28571429,2.38095238,26.98412698,15.47619048,2.38095238,32.93650794,23.01587302,25.79365079,19.44444444,26.58730159,0.00000000,15.87301587
2025-03-06,916.04000000,916.37000000,903.34000000,910.72000000,0.13303867,0.62972922,-0.36431267,0.48934057,-1.64054822,-0.29063665,-0.94948067,-3.80083867,932.67000000,-2.35345835,0.20500994,913.09580000,-0.26019176,0.04844799,904.59675000,0.67690382,0.13671768,21.85980869,-28.14019131,1.47316545,56.74603175,26.98412698,13.49206349,21.03174603,72.22222222,67.46031746,52.38095238,19.44444444,5.15873016,33.73015873,23.80952381,63.88888889,56.74603175,60.31746032,0.39682540,59.12698413
2025-03-07,909.34000000,915.47000000,907.11000000,911.34000000,0.06807800,-0.06496066,0.20120724,2.44752876,-1.14760500,0.52265247,-1.49060132,-5.55471831,932.03200000,-2.22009545,0.13336290,913.79740000,-0.26892175,-0.00873000,904.59230000,0.74593825,0.06903443,20.22094140,-29.77905860,-1.63886728,52.38095238,58.33333333,22.22222222,16.26984127,44.44444444,95.63492063,62.69841270,9.52380952,6.74603175,33.73015873,24.20634921,62.30158730,53.17460317,57.53968254,0.00000000,40.87301587
2025-03-10,914.40000000,914.78000000,900.69000000,902.54000000,-0.96561108,-1.03368908,-0.89819044,-0.53387777,-2.99545362,-2.56631041,-2.33308084,-5.48881351,930.57250000,-3.01239291,-0.79229746,914.25420000,-1.28128479,-1.01236303,904.57585000,-0.22506128,-0.97099953,18.09974205,-31.90025795,-2.12119936,6.74603175,13.49206349,3.17460317,11.90476190,16.66666667,34.12698413,11.11111111,9.92063492,1.19047619,18.65079365,20.23809524,11.11111111,7.53968254,8.33333333,0.00000000,37.30158730
2025-03-11,903.70000000,903.93000000,887.38000000,889.69000000,-1.42375961,-0.45814853,-2.37562271,-2.57682995,-2.66506209,-0.97326403,-4.51203675,-9.16552434,928.11100000,-4.13969881,-1.12730590,914.61200000,-2.72487131,-1.44358652,904.49640000,-1.63697722,-1.41191594,16.22350674,-33.77649326,-1.87623530,3.57142857,1.58730159,3.96825397,4.36507937,29.76190476,3.17460317,35.71428571,1.19047619,1.19047619,7.93650794,9.12698413,6.34920635,2.77777778,5.15873016,0.00000000,38.88888889
2025-03-12,894.36000000,902.74000000,891.49000000,899.24000000,1.07340759,2.49716720,-0.36563476,0.53255568,-1.12917945,1.29333340,-4.22613215,-10.28523210,925.94250000,-2.88381838,1.25588043,915.02420000,-1.72500356,0.99986775,904.47455000,-0.57873934,1.05823788,26.49940263,-23.50059737,10.27589588,94.44444444,27.38095238,23.01587302,5.15873016,99.20634921,69.04761905,74.60317460,0.39682540,2.38095238,14.68253968,16.66666667,95.23809524,93.25396825,94.84126984,2.38095238,94.84126984
2025-03-13,895.63000000,903.59000000,895.23000000,897.97000000,-0.14123037,-1.21463796,0.93066124,3.30628395,-1.39999122,0.24055700,-4.73578680,-11.24779838,923.51200000,-2.76574641,0.11807197,915.24020000,-1.88695820,-0.16195464,904.43890000,-0.71523903,-0.13649969,26.41419555,-23.58580445,-0.08520708,36.90476190,82.93650794,17.85714286,3.57142857,12.69841270,98.80952381,60.71428571,0.00000000,3.17460317,14.28571429,15.87301587,61.50793651,40.87301587,42.85714286,2.38095238,52.38095238
2025-03-14,898.01000000,907.23000000,897.40000000,905.63000000,0.85303518,0.99426555,0.71060006,1.07623483,-0.62654992,0.52105508,-4.32610028,-10.21463866,921.46300000,-1.71824588,1.04750054,915.66100000,-1.09549276,0.79146544,904.45865000,0.12950841,0.84474744,33.72894767,-16.27105233,7.31475212,88.49206349,76.58730159,29.76190476,5.15873016,82.53968254,80.15873016,62.69841270,0.79365079,15.07936508,21.82539683,23.41269841,93.65079365,88.09523810,88.88888889,11.11111111,86.50793651
2025-03-17,905.03000000,914.59000000,904.40000000,913.95000000,0.91869748,0.06566230,1.77956947,0.84890823,1.26420990,4.25966351,-3.45020653,-7.74146096,919.73350000,-0.62882346,1.08942242,916.10880000,-0.23564887,0.85984390,904.43505000,1.05203243,0.92252402,41.41074335,-8.58925665,7.68179569,89.28571429,95.63492063,76.19047619,9.92063492,53.17460317,74.20634921,96.03174603,3.96825397,32.14285714,36.50793651,28.96825397,94.44444444,89.68253968,89.68253968,27.38095238,88.88888889
2025-03-18,916.79000000,919.42000000,912.05000000,913.97000000,0.00218830,-0.91650918,0.92090589,0.21030583,2.72904045,5.39410254,-3.64454846,-7.39629855,918.07900000,-0.44756497,0.18125849,916.50900000,-0.27702947,-0.04138060,904.38810000,1.05948984,0.00745741,39.91764968,-10.08235032,-1.49309368,49.20634921,82.14285714,97.61904762,9.52380952,18.65079365,55.55555556,98.80952381,4.76190476,33.33333333,35.31746032,29.36507937,63.09523810,51.58730159,53.57142857,23.80952381,41.26984127
2025-03-19,913.65000000,923.50000000,913.38000000,922.75000000,0.96064422,0.95845592,0.96285355,-0.81671593,2.61442996,3.74360941,-2.56689122,-5.78756457,917.10250000,0.61579813,1.06336309,917.18400000,0.60685751,0.88388698,904.38330000,2.03085351,0.97136367,48.29115293,-1.70884707,8.37350325,91.26984127,83.73015873,96.03174603,13.49206349,80.95238095,25.00000000,92.85714286,8.33333333,50.39682540,44.84126984,36.90476190,94.04761905,90.07936508,92.46031746,41.26984127,90.47619048
2025-03-20,922.15000000,926.18000000,917.73000000,919.26000000,-0.37821729,-1.33886151,0.57879361,-0.34211227,2.37090326,3.77089448,-2.44301057,-5.46496456,916.13650000,0.34094264,-0.27485548,917.65260000,0.17516433,-0.43169318,904.35610000,1.64801233,-0.38284118,48.55371901,-1.44628099,0.26256608,27.38095238,73.80952381,92.85714286,14.28571429,9.92063492,40.47619048,93.25396825,10.71428571,44.84126984,39.28571429,32.53968254,35.31746032,26.98412698,30.15873016,42.85714286,53.17460317
2025-03-21,917.40000000,917.40000000,910.06000000,914.83000000,-0.48190936,-0.10369208,-0.85830398,-1.82115753,1.01586741,1.64241732,-2.53041829,-5.16916289,914.99900000,-0.01846997,-0.35941261,918.14320000,-0.36085874,-0.53602307,904.32400000,1.16175176,-0.48626056,41.13765643,-8.86234357,-7.41606258,21.03174603,14.28571429,70.63492063,13.88888889,43.65079365,11.50793651,77.38095238,11.90476190,40.47619048,34.52380952,30.15873016,29.36507937,20.63492063,26.98412698,27.38095238,13.49206349
2025-03-24,920.95000000,921.57000000,913.53000000,915.67000000,0.09182034,0.57372970,-0.39053151,-0.96932513,0.18819410,-1.07601579,-2.33686725,-5.46850149,914.06150000,0.17597284,0.19444281,918.75100000,-0.33534657,0.02551217,904.24340000,1.26366419,0.10191242,51.11909367,1.11909367,9.98143724,55.15873016,26.58730159,48.80952381,15.47619048,70.63492063,20.63492063,32.53968254,10.71428571,42.85714286,35.31746032,30.95238095,63.49206349,55.15873016,58.73015873,48.41269841,94.44444444
2025-03-25,916.97000000,925.68000000,916.93000000,921.00000000,0.58208743,0.49026710,0.67444225,1.53274623,0.76917185,-1.95986860,-1.43618501,-5.10742640,913.62250000,0.80749982,0.63152697,919.47140000,0.16624769,0.50159427,904.22535000,1.85514042,0.59147624,57.85157852,7.85157852,6.73248484,78.17460317,76.19047619,65.07936508,21.03174603,67.85714286,86.90476190,18.65079365,12.69841270,57.93650794,39.68253968,36.11111111,82.14285714,76.98412698,79.76190476,59.92063492,82.14285714
2025-03-26,923.58000000,924.12000000,916.82000000,917.09000000,-0.42453855,-1.00662598,0.15507770,0.54560922,-0.61338391,-3.22781387,-1.36483899,-5.26944764,912.87250000,0.46200318,-0.34549663,919.93440000,-0.30919596,-0.47544365,904.21720000,1.42364025,-0.43150018,54.19797021,4.19797021,-3.65360830,24.20634921,55.95238095,30.15873016,21.82539683,17.06349206,69.44444444,6.74603175,12.30158730,48.80952381,35.71428571,32.14285714,30.55555556,26.19047619,28.17460317,51.98412698,28.96825397
2025-03-27,914.91000000,917.19000000,911.48000000,914.68000000,-0.26278773,0.16175081,-0.68621064,-1.36065289,-0.49822683,-2.86913009,-1.86784538,-5.61669056,912.31100000,0.25967022,-0.20233296,920.07480000,-0.58634363,-0.27714767,904.17500000,1.16183261,-0.26180764,52.15039918,2.15039918,-2.04757104,33.33333333,17.46031746,32.53968254,19.04761905,56.74603175,17.06349206,8.73015873,9.52380952,44.44444444,28.96825397,30.55555556,38.88888889,33.33333333,36.90476190,50.79365079,37.30158730
2025-03-28,909.26000000,915.59000000,905.05000000,907.46000000,-0.78934709,-0.52655936,-1.05006052,-1.20513822,-0.80561416,-1.82148157,-1.99263427,-4.30991498,911.58800000,-0.45283615,-0.71250637,919.93920000,-1.35652443,-0.77018080,904.07135000,0.37482108,-0.78701153,53.23343849,3.23343849,1.08303931,11.11111111,11.50793651,27.38095238,18.65079365,27.38095238,19.44444444,22.22222222,17.06349206,33.33333333,19.44444444,24.60317460,13.88888889,11.50793651,13.88888889,51.98412698,56.74603175
2025-03-31,899.80000000,901.34000000,894.35000000,898.80000000,-0.95431204,-0.16496494,-1.73612630,-1.04991565,-1.84236679,-2.03056089,-2.50780979,-2.82554646,910.00750000,-1.23158326,-0.77874711,919.56500000,-2.25813292,-0.90160849,903.94145000,-0.56878131,-0.94360239,56.33606899,6.33606899,3.10263051,7.53968254,6.34920635,11.90476190,14.28571429,41.66666667,20.63492063,18.25396825,27.38095238,22.22222222,11.11111111,17.46031746,11.90476190,9.12698413,9.52380952,57.93650794,67.85714286
2025-04-01,904.16000000,907.72000000,898.50000000,905.24000000,0.71651090,1.67082294,-0.24463888,0.80542164,-1.71118350,-2.48035535,-2.70525897,-3.62397386,909.56700000,-0.47572086,0.75586239,919.37700000,-1.53767171,0.72046122,903.79845000,0.15949906,0.72828036,54.36173306,4.36173306,-1.97433593,83.33333333,36.11111111,13.49206349,12.30158730,94.84126984,73.01587302,12.69841270,24.20634921,33.73015873,17.06349206,24.20634921,85.71428571,85.31746032,85.31746032,53.17460317,38.09523810
2025-04-02,901.85000000,905.20000000,897.66000000,901.52000000,-0.41094074,-1.12745165,0.30262572,2.03875202,-1.69776140,-1.08437749,-1.37082217,-1.12853550,909.16750000,-0.84115413,-0.36543327,919.11840000,-1.91470435,-0.37703265,903.67990000,-0.23901162,-0.39851068,52.49192756,2.49192756,-1.86980550,25.79365079,63.49206349,13.88888889,23.41269841,14.68253968,92.06349206,32.53968254,40.87301587,29.36507937,14.68253968,21.82539683,29.36507937,30.15873016,29.76190476,51.58730159,38.88888889
2025-04-03,884.17000000,889.84000000,875.01000000,877.42000000,-2.67326293,-2.26232219,-3.07321815,-2.82857927,-4.07355578,-3.57532894,-3.52827347,-2.44504073,907.50250000,-3.31486690,-2.47371277,918.48460000,-4.47090784,-2.55620349,903.43500000,-2.87956521,-2.64055359,33.91125813,-16.08874187,-18.58066943,0.39682540,1.19047619,1.19047619,10.31746032,2.38095238,1.98412698,3.96825397,31.34920635,1.58730159,0.79365079,3.17460317,0.79365079,0.79365079,0.79365079,11.50793651,0.79365079
2025-04-04,871.73000000,874.60000000,832.53000000,841.29000000,-4.11775433,-1.44449139,-6.68093886,-6.98356458,-7.29178146,-6.48616730,-7.62363844,-6.67415777,904.00000000,-6.93694690,-3.62208000,917.28380000,-8.28465520,-3.81374736,903.00825000,-6.83473822,-3.95517301,18.54000693,-31.45999307,-15.37125120,0.00000000,0.00000000,0.00000000,0.39682540,8.33333333,0.00000000,0.00000000,6.34920635,0.00000000,0.00000000,0.00000000,0.00000000,0.00000000,0.00000000,0.79365079,2.77777778
2025-04-07,792.54000000,840.20000000,784.66000000,801.26000000,-4.75816900,-0.64041468,-8.67999362,-5.60677547,-10.85224744,-9.00988065,-12.07891676,-10.58831544,898.93600000,-10.86573460,-3.92878770,915.41220000,-12.47003263,-4.18537743,902.39890000,-11.20778184,-4.37304361,13.75651167,-36.24348833,-4.78349525,0.00000000,0.00000000,0.00000000,0.00000000,24.20634921,0.79365079,0.00000000,0.39682540,0.00000000,0.00000000,0.00000000,0.00000000,0.00000000,0.00000000,0.00000000,25.00000000
2025-04-08,813.25000000,832.51000000,809.97000000,823.89000000,2.82430172,7.58247073,-2.06825233,4.61268653,-8.98656710,-7.27538360,-8.71429521,-6.38121438,895.64600000,-8.01164746,2.85408714,913.92180000,-9.85114919,2.61888344,901.89280000,-8.64878841,2.55899342,20.81020432,-29.18979568,7.05369265,100.00000000,4.76190476,0.39682540,0.39682540,100.00000000,99.60317460,0.39682540,7.53968254,0.39682540,0.39682540,0.39682540,100.00000000,100.00000000,100.00000000,2.38095238,85.31746032
2025-04-09,797.62000000,810.08000000,789.23000000,796.45000000,-3.33054170,-6.15484342,-0.60030452,8.07968910,-11.65476085,-9.95699945,-10.48005485,-5.96801810,890.50650000,-10.56213514,-2.55048769,911.75200000,-12.64620204,-2.79505285,901.25580000,-11.62886275,-2.98007433,18.23167262,-31.76832738,-2.57853171,0.79365079,21.82539683,0.00000000,0.39682540,0.00000000,99.60317460,0.00000000,8.73015873,0.39682540,0.00000000,0.00000000,1.19047619,1.19047619,1.19047619,1.19047619,34.92063492
2025-04-10,849.12000000,856.53000000,819.24000000,819.24000000,2.86144767,6.19198937,-0.56439573,1.50385659,-6.63080395,-2.55724817,-8.89640141,-4.67026925,886.57000000,-7.59443699,2.96769816,909.75680000,-9.94956015,2.69664189,900.73675000,-9.04778782,2.58107492,27.41790692,-22.58209308,9.18623431,100.00000000,22.22222222,1.58730159,0.79365079,99.60317460,85.31746032,13.88888889,16.66666667,1.19047619,0.79365079,0.79365079,100.00000000,100.00000000,100.00000000,5.55555556,92.46031746
2025-04-11,826.24000000,827.79000000,810.94000000,819.56000000,0.03906059,-2.82238708,2.90162597,3.50193049,-2.58293811,4.70884335,-8.73191755,-3.99613074,882.26650000,-7.10743296,0.48700403,907.70920000,-9.71117182,0.23838833,900.21150000,-8.95917237,0.08861545,27.23914176,-22.76085824,-0.17876516,53.17460317,99.60317460,7.53968254,1.19047619,1.58730159,98.41269841,96.82539683,22.61904762,1.58730159,1.58730159,1.19047619,74.20634921,62.69841270,57.93650794,5.55555556,49.60317460
2025-04-14,837.16000000,844.06000000,834.31000000,839.29000000,2.40738933,2.36832874,2.44739026,3.01178600,4.74627462,15.59852206,-7.32528737,-2.99918709,878.53350000,-4.46693268,2.64050028,906.16960000,-7.38047271,2.33069911,899.75250000,-6.71990353,2.23926884,31.88489336,-18.11510664,4.64575160,99.20634921,98.41269841,100.00000000,2.77777778,97.61904762,96.03174603,100.00000000,29.36507937,3.17460317,2.38095238,2.38095238,99.20634921,99.20634921,99.20634921,10.71428571,73.80952381
2025-04-15,847.27000000,857.57000000,846.63000000,857.12000000,2.12441468,-0.28297465,4.58294695,1.68132098,4.03330542,13.01987252,-6.21806445,-2.76785792,875.69100000,-2.12072523,2.34620745,904.92260000,-5.28250703,2.09796567,899.36400000,-4.69709706,2.02280647,37.47755272,-12.52244728,5.59265936,98.41269841,100.00000000,99.60317460,4.36507937,39.68253968,85.71428571,99.60317460,30.95238095,13.49206349,3.57142857,2.77777778,98.41269841,98.41269841,98.41269841,21.42857143,76.19047619
2025-04-16,844.84000000,854.19000000,843.53000000,853.56000000,-0.41534441,-2.53975909,1.70024664,-0.74714363,7.17056940,18.82533025,-6.60962614,-2.96507767,872.23150000,-2.14065876,-0.01993353,903.60480000,-5.53835039,-0.25584336,898.96300000,-5.05059719,-0.35350013,37.29842062,-12.70157938,-0.17913211,25.79365079,92.46031746,100.00000000,3.57142857,2.77777778,29.76190476,100.00000000,29.76190476,12.30158730,3.57142857,2.77777778,50.39682540,35.31746032,33.73015873,20.63492063,48.80952381
2025-04-17,851.16000000,854.05000000,847.22000000,852.20000000,-0.15933268,0.25601173,-0.57401531,-5.15696225,4.02324105,10.65404500,-7.64562449,-5.07873327,868.87850000,-1.91954341,0.22111535,902.14620000,-5.53637537,0.00197503,898.55975000,-5.15933971,-0.10874252,38.22953054,-11.77046946,0.93110993,38.49206349,21.03174603,98.80952381,2.38095238,61.11111111,1.19047619,98.80952381,15.47619048,15.87301587,3.96825397,2.77777778,64.28571429,53.17460317,47.61904762,22.61904762,55.15873016
2025-04-22,849.90000000,857.38000000,847.81000000,857.21000000,0.58789017,0.74722284,0.42762079,-1.27262585,4.59392845,7.17686656,-6.74999456,-4.30698399,865.99750000,-1.01472579,0.90481762,900.80840000,-4.83991934,0.69645602,898.19230000,-4.56275343,0.59658628,41.00134147,-8.99865853,2.77181092,77.77777778,66.66666667,99.20634921,3.96825397,76.58730159,19.84126984,98.01587302,19.84126984,29.76190476,4.76190476,3.96825397,87.30158730,82.53968254,78.96825397,29.76190476,66.26984127
2025-04-23,869.70000000,876.92000000,868.08000000,869.67000000,1.45355281,0.86566264,2.04998827,2.62400357,3.61972620,-1.12654842,-4.93643628,-2.40601799,863.69750000,0.69150368,1.70622947,899.56720000,-3.32350935,1.51640999,897.84255000,-3.13780518,1.42494826,42.49926195,-7.50073805,1.49792048,95.63492063,96.03174603,97.61904762,7.53968254,78.57142857,94.84126984,32.93650794,35.31746032,58.73015873,9.52380952,7.14285714,96.82539683,96.42857143,95.23809524,33.73015873,57.93650794
2025-04-24,866.16000000,872.48000000,864.37000000,871.99000000,0.26676785,-1.18678495,1.72419827,1.29657748,1.73487960,-2.29842582,-4.77027750,-2.43341025,861.24700000,1.24737735,0.55587367,898.22860000,-2.92114947,0.40235988,897.52220000,-2.84474300,0.29306217,43.73594671,-6.26405329,1.23668477,62.30158730,92.85714286,81.34920635,8.33333333,15.47619048,82.53968254,15.87301587,34.92063492,71.42857143,11.90476190,8.73015873,76.98412698,71.03174603,65.87301587,36.50793651,56.34920635
2025-04-25,874.60000000,875.74000000,868.67000000,872.84000000,0.09747818,-0.16928967,0.36450608,-1.68548219,2.25877501,-4.91179439,-5.22909881,-3.79291379,859.03450000,1.60709494,0.35971759,896.83320000,-2.67532469,0.24582478,897.16185000,-2.71097684,0.13376616,48.92215005,-1.07784995,5.18620334,54.36507937,65.47619048,88.09523810,7.14285714,42.06349206,13.88888889,4.36507937,25.39682540,81.34920635,14.28571429,9.12698413,67.46031746,61.90476190,58.73015873,45.63492063,75.79365079
2025-04-28,876.22000000,877.35000000,872.64000000,872.69000000,-0.01718528,-0.11466346,0.08027615,-1.64392212,2.40436517,-1.61887588,-4.84140052,-3.47656152,856.93500000,1.83852918,0.23143423,895.35540000,-2.53144170,0.14388298,896.83795000,-2.69256559,0.01841126,58.89619220,8.89619220,9.97404215,48.01587302,49.60317460,91.66666667,8.33333333,44.44444444,14.28571429,26.58730159,28.17460317,85.31746032,14.68253968,9.52380952,64.28571429,57.93650794,53.57142857,65.87301587,94.44444444
2025-04-29,874.98000000,876.59000000,871.16000000,874.74000000,0.23490587,0.25209115,0.21768022,-0.14682586,2.04500647,-2.54892197,-4.36655442,-2.49870904,855.29900000,2.27300628,0.43447711,893.91800000,-2.14538694,0.38605477,896.54430000,-2.43203822,0.26052737,76.52707581,26.52707581,17.63088361,60.31746032,59.52380952,84.92063492,11.11111111,60.31746032,46.42857143,14.28571429,33.33333333,90.87301587,18.65079365,10.31746032,71.03174603,69.44444444,63.88888889,88.49206349,99.20634921
2025-04-30,877.19000000,878.63000000,868.20000000,877.89000000,0.36010700,0.12520114,0.59585878,0.51558263,0.94518611,-2.67454009,-3.25854583,-1.26591156,854.25350000,2.76691872,0.49391244,892.50500000,-1.63752584,0.50786110,896.35105000,-2.05957811,0.37246011,72.68526298,22.68526298,-3.84181283,68.65079365,73.41269841,66.26984127,17.85714286,56.34920635,65.87301587,13.09523810,42.46031746,95.23809524,23.41269841,13.49206349,74.60317460,75.79365079,71.42857143,85.71428571,26.19047619
2025-05-02,887.75000000,899.16000000,887.12000000,897.63000000,2.24857328,1.88846628,2.61677756,2.39909734,2.94040069,1.20552110,-0.13017356,2.37763622,853.87300000,5.12453257,2.35761385,891.51640000,0.68575295,2.32327879,896.25900000,0.15296918,2.21254728,95.44556234,45.44556234,22.76029936,98.80952381,98.80952381,96.82539683,46.03174603,96.42857143,92.46031746,72.61904762,75.00000000,100.00000000,56.34920635,31.74603175,98.41269841,98.80952381,98.80952381,100.00000000,99.60317460
2025-05-05,896.32000000,897.53000000,893.94000000,896.44000000,-0.13257133,-2.38114461,2.11302099,1.51716221,2.70381742,0.44504241,-0.97211789,1.73314108,853.61900000,5.01640662,-0.10812595,890.59960000,0.65578291,-0.02997004,896.20465000,0.02626074,-0.12670843,93.02273741,43.02273741,-2.42282494,40.07936508,96.03174603,95.23809524,35.71428571,3.57142857,84.52380952,61.90476190,70.63492063,99.60317460,55.15873016,31.34920635,45.23809524,49.60317460,45.23809524,99.60317460,34.12698413
2025-05-06,898.94000000,899.12000000,890.92000000,895.58000000,-0.09593503,0.03663629,-0.22837918,-2.84515673,2.62292452,0.21855935,-0.65888721,0.71193495,854.52700000,4.80417822,-0.21222840,889.73960000,0.65641678,0.00063386,896.09780000,-0.05778387,-0.08404461,92.11167738,42.11167738,-0.91106003,44.44444444,36.11111111,94.44444444,40.87301587,51.58730159,3.17460317,59.92063492,63.49206349,99.20634921,55.55555556,31.34920635,38.49206349,51.19047619,47.22222222,99.20634921,44.84126984
2025-05-07,894.31000000,898.55000000,892.93000000,896.02000000,0.04913017,0.14506520,-0.04685199,-2.15987299,2.43272287,0.38771639,2.11985138,5.64812485,857.26350000,4.52095534,-0.28322288,888.90840000,0.80003744,0.14362066,896.00305000,0.00189173,0.05967561,89.96759194,39.96759194,-2.14408544,52.38095238,44.44444444,91.26984127,70.63492063,57.53968254,7.53968254,62.30158730,92.46031746,98.80952381,59.12698413,31.74603175,34.52380952,57.93650794,55.15873016,98.80952381,35.71428571
2025-05-08,903.36000000,907.95000000,899.53000000,901.90000000,0.65623535,0.60710518,0.70568793,0.93406711,2.73496680,1.78978069,7.20441227,14.82805071,862.29550000,4.59291507,0.07195973,888.25800000,1.53581504,0.73577761,895.99525000,0.65901577,0.65712404,87.93629278,37.93629278,-2.03129916,80.15873016,76.98412698,96.03174603,100.00000000,71.03174603,75.79365079,78.96825397,100.00000000,98.80952381,68.25396825,36.11111111,55.15873016,84.92063492,82.93650794,97.22222222,37.30158730
2025-05-09,905.76000000,907.69000000,903.02000000,905.74000000,0.42576782,-0.23046753,1.08479721,1.13164921,0.90349030,-2.03691039,13.03946285,25.11837961,866.38800000,4.54207584,-0.05083924,887.77720000,2.02334550,0.48753045,896.03110000,1.08354498,0.42452921,93.99662732,43.99662732,6.06033454,73.01587302,86.11111111,65.07936508,100.00000000,40.07936508,80.55555556,21.03174603,100.00000000,98.41269841,76.19047619,40.47619048,48.01587302,75.00000000,73.80952381,99.60317460,81.34920635
2025-05-12,917.67000000,924.07000000,916.73000000,922.08000000,1.80404973,1.37828190,2.23749861,1.53181068,2.86020258,0.15638516,11.91785311,20.63214832,872.66950000,5.66199460,1.11991877,887.57700000,3.88732471,1.86397921,896.10830000,2.89827692,1.81473194,97.03823371,47.03823371,3.04160639,97.22222222,96.03174603,96.03174603,99.60317460,90.47619048,84.52380952,59.52380952,99.60317460,100.00000000,96.03174603,55.95238095,92.85714286,97.61904762,97.22222222,100.00000000,66.66666667
2025-05-13,922.42000000,928.08000000,919.15000000,927.46000000,0.58346347,-1.22058625,2.39803917,1.31324196,3.55970433,0.93677980,16.44924352,26.92929837,878.08050000,5.62357324,-0.03842137,887.60800000,4.48981983,0.60249513,896.22500000,3.48517392,0.58689701,97.05291360,47.05291360,0.01467989,76.98412698,96.82539683,97.22222222,100.00000000,14.68253968,82.53968254,70.23809524,100.00000000,99.60317460,97.61904762,59.92063492,48.01587302,78.17460317,78.17460317,100.00000000,51.98412698
2025-05-14,928.05000000,931.70000000,925.15000000,929.24000000,0.19192202,-0.39154145,0.77650529,-1.46099332,3.70750653,1.27478366,13.42707876,22.32348016,883.56450000,5.16945848,-0.45411475,887.75440000,4.67309427,0.18327444,896.33125000,3.67149422,0.18632029,96.56088792,46.56088792,-0.49202568,58.33333333,78.17460317,98.01587302,99.60317460,33.33333333,16.66666667,74.60317460,99.20634921,99.20634921,98.01587302,61.50793651,23.80952381,58.33333333,60.31746032,99.20634921,47.61904762
2025-05-15,922.21000000,929.06000000,921.18000000,929.00000000,-0.02582756,-0.21774958,0.16604490,-2.23199428,3.00476771,0.26980092,13.35350676,22.08542431,888.05000000,4.61122685,-0.55823164,887.72620000,4.64938401,-0.02371026,896.37315000,3.63987364,-0.03162058,96.05752141,46.05752141,-0.50336651,46.82539683,56.74603175,96.03174603,99.20634921,40.87301587,6.74603175,60.71428571,98.80952381,97.61904762,97.61904762,61.50793651,21.03174603,48.41269841,49.60317460,98.80952381,47.22222222
2025-05-16,929.91000000,934.55000000,928.33000000,930.90000000,0.20452099,0.23034855,0.17864061,-0.59786468,2.77783911,1.87434881,10.91517831,18.24046567,891.73900000,4.39153160,-0.21969524,888.06320000,4.82362066,0.17423665,896.49195000,3.83807685,0.19820321,96.12329202,46.12329202,0.06577062,59.12698413,56.74603175,94.44444444,98.01587302,59.92063492,35.71428571,79.36507937,98.01587302,96.03174603,98.80952381,66.26984127,38.09523810,57.93650794,60.31746032,98.80952381,52.77777778
2025-05-19,927.56000000,929.52000000,922.64000000,929.52000000,-0.14824364,-0.35276463,0.05597417,-0.11007073,0.80687142,-2.05333116,8.44689192,14.66495636,895.53700000,3.79470642,-0.59682519,888.46340000,4.62107950,-0.20254117,896.74500000,3.65488517,-0.18319168,94.28081658,44.28081658,-1.84247544,38.09523810,48.01587302,62.30158730,97.61904762,34.92063492,46.82539683,19.84126984,97.22222222,95.63492063,96.82539683,61.90476190,18.65079365,38.09523810,41.66666667,97.61904762,38.88888889
2025-05-20,931.73000000,933.46000000,928.92000000,931.05000000,0.16460108,0.31284472,0.01611344,-0.16252717,0.38707869,-3.17262564,9.07844791,15.68807405,899.47950000,3.50986320,-0.28484321,888.87000000,4.74535084,0.12427134,897.09805000,3.78464205,0.12975688,94.23409269,44.23409269,-0.04672389,56.74603175,45.23809524,54.76190476,97.61904762,63.09523810,45.23809524,9.52380952,97.61904762,95.23809524,97.61904762,65.07936508,34.12698413,55.95238095,57.14285714,97.22222222,51.98412698
2025-05-21,928.92000000,933.36000000,927.16000000,933.32000000,0.24381075,0.07920967,0.40881315,0.35283899,0.43906849,-3.26843804,9.51889228,17.16451677,903.28500000,3.32508566,-0.18477754,889.30960000,4.94882772,0.20347688,897.43115000,3.99906444,0.21442239,94.15325793,44.15325793,-0.08083477,61.11111111,65.47619048,55.15873016,97.61904762,54.36507937,57.53968254,9.12698413,97.61904762,94.84126984,98.80952381,68.25396825,40.07936508,59.12698413,60.71428571,96.82539683,51.58730159
2025-05-22,926.99000000,928.49000000,920.52000000,926.91000000,-0.68679553,-0.93060628,-0.44465926,-0.46077269,-0.22497309,-3.22974080,8.13102974,14.88102430,906.14700000,2.29135008,-1.03373558,889.79700000,4.17095135,-0.77787637,897.63530000,3.26131336,-0.73775108,79.61165049,29.61165049,-14.54160744,15.47619048,25.39682540,40.07936508,96.42857143,20.23809524,38.09523810,9.52380952,96.82539683,89.28571429,94.84126984,57.14285714,7.93650794,12.69841270,15.87301587,90.47619048,2.77777778
2025-05-23,927.38000000,928.83000000,908.12000000,917.39000000,-1.02706843,-0.34027291,-1.70681010,-2.11562325,-1.45128370,-4.22912282,5.48713880,10.42357508,908.41700000,0.98776223,-1.30358785,890.35100000,3.03689219,-1.13405916,897.79980000,2.18202321,-1.07929016,68.13224857,18.13224857,-11.47940191,7.93650794,8.33333333,19.04761905,94.04761905,37.30158730,8.73015873,4.76190476,94.44444444,65.47619048,86.90476190,51.58730159,5.55555556,7.53968254,8.73015873,80.15873016,4.76190476
2025-05-26,926.31000000,928.61000000,924.54000000,924.88000000,0.81644666,1.84351509,-0.21900724,0.22565202,-0.49918237,-1.30605379,6.06543653,10.83571403,911.01900000,1.52148309,0.53372086,890.86380000,3.81833901,0.78144682,898.00735000,2.99247551,0.81045230,72.74844720,22.74844720,4.61619863,86.11111111,36.90476190,35.31746032,95.23809524,95.23809524,54.36507937,32.53968254,95.23809524,77.77777778,92.46031746,57.14285714,76.58730159,85.71428571,86.11111111,85.31746032,73.80952381
2025-05-27,925.89000000,933.96000000,925.89000000,930.06000000,0.56007266,-0.25637400,1.38109201,3.08790211,-0.10633156,-0.49341025,6.55561157,11.78471037,913.88750000,1.76963795,0.24815486,891.50560000,4.32463913,0.50630012,898.22940000,3.54370498,0.55122948,74.61671970,24.61671970,1.86827249,75.79365079,88.88888889,44.84126984,95.63492063,38.88888889,96.03174603,47.61904762,95.23809524,81.74603175,94.84126984,61.90476190,64.28571429,74.20634921,76.19047619,87.30158730,61.90476190
2025-05-28,928.96000000,930.58000000,923.31000000,924.41000000,-0.60748769,-1.16756035,-0.05081740,0.16818984,-0.95465650,-1.39372498,5.92650311,10.76790363,916.37100000,0.87726478,-0.89237317,891.88120000,3.64721221,-0.67742692,898.40690000,2.89435667,-0.64934832,66.33289798,16.33289798,-8.28382172,17.85714286,43.65079365,28.57142857,94.04761905,16.66666667,52.38095238,30.15873016,94.44444444,62.69841270,91.66666667,56.34920635,9.52380952,16.66666667,18.65079365,75.39682540,8.73015873
2025-05-29,933.19000000,934.56000000,921.87000000,924.22000000,-0.02055365,0.58693404,-0.62791648,-2.00900849,-0.29021156,-0.06523847,5.65653794,10.02309237,918.68750000,0.60221784,-0.27504694,892.08660000,3.60204940,-0.04516281,898.57680000,2.85375719,-0.04059948,64.15874962,14.15874962,-2.17414837,47.22222222,19.44444444,39.28571429,93.25396825,69.84126984,11.50793651,53.57142857,92.85714286,52.77777778,90.87301587,55.95238095,36.11111111,46.03174603,48.01587302,71.03174603,34.12698413
2025-05-30,923.78000000,928.79000000,922.51000000,922.93000000,-0.13957716,-0.11902351,-0.16010212,-0.10928472,0.60388711,2.05517082,5.13048332,8.38902915,919.95250000,0.32365801,-0.27855982,892.26580000,3.43666652,-0.16538288,898.66215000,2.70044198,-0.15331520,50.84644493,0.84644493,-13.31230469,39.28571429,38.88888889,58.33333333,92.06349206,44.44444444,47.22222222,81.34920635,92.06349206,46.82539683,89.28571429,54.36507937,35.31746032,39.28571429,42.06349206,48.01587302,3.57142857
2025-06-02,917.28000000,920.86000000,913.19000000,918.36000000,-0.49516215,-0.35558499,-0.63404817,-0.00613169,-0.70495632,-0.20577394,2.30941479,2.43958836,921.04850000,-0.29189560,-0.61555361,892.17800000,2.93461619,-0.50205033,898.72560000,2.18469353,-0.51574846,40.78947368,-9.21052632,-10.05697125,22.61904762,19.44444444,30.55555556,74.20634921,34.92063492,48.80952381,51.98412698,72.22222222,38.09523810,82.93650794,51.98412698,18.25396825,23.41269841,25.00000000,27.77777778,7.53968254
2025-06-03,919.05000000,921.17000000,912.91000000,920.30000000,0.21124613,0.70640828,-0.28496202,-0.12485990,-1.04939466,-0.94306310,2.66163937,3.63375726,922.28450000,-0.21517222,0.07672338,892.19880000,3.14965678,0.21504059,898.78285000,2.39403211,0.20933858,40.98062954,-9.01937046,0.19115586,58.73015873,34.12698413,25.79365079,78.96825397,73.80952381,46.82539683,39.28571429,78.17460317,38.49206349,85.31746032,53.96825397,55.55555556,59.12698413,59.92063492,28.96825397,53.17460317
2025-06-04,923.13000000,927.29000000,920.93000000,924.01000000,0.40312941,0.19188328,0.61522714,1.24927531,-0.04327084,0.91138565,3.17447911,3.83336632,923.68400000,0.03529346,0.25046567,892.38240000,3.54417568,0.39451890,898.88770000,2.79482075,0.40078865,45.29511597,-4.70488403,4.31448643,71.03174603,73.80952381,45.63492063,82.14285714,59.12698413,81.34920635,68.65079365,78.96825397,43.25396825,89.68253968,56.34920635,65.47619048,69.84126984,71.82539683,38.49206349,73.80952381
2025-06-05,924.19000000,928.26000000,919.62000000,925.53000000,0.16450038,-0.23862903,0.56829295,0.85325497,0.14174114,0.43195271,3.29345327,1.17360189,924.86550000,0.07184828,0.03655483,892.57960000,3.69159232,0.14741664,898.97710000,2.95367924,0.15885849,44.90028490,-5.09971510,-0.39483107,55.95238095,71.03174603,48.80952381,82.93650794,39.28571429,71.82539683,61.90476190,63.49206349,44.04761905,91.66666667,59.52380952,52.38095238,55.95238095,57.53968254,37.30158730,47.22222222
2025-06-06,924.40000000,930.22000000,923.58000000,929.93000000,0.47540328,0.31090290,0.64068571,0.02545856,0.75845405,0.15456694,3.10788336,-4.09652891,926.07500000,0.41627298,0.34442470,892.75820000,4.16370300,0.47211068,899.08495000,3.43071586,0.47703662,50.36824142,0.36824142,5.46795652,73.41269841,75.00000000,62.30158730,79.76190476,63.09523810,49.60317460,57.93650794,22.61904762,50.39682540,94.04761905,63.88888889,67.46031746,73.01587302,75.39682540,48.41269841,77.38095238
2025-06-09,927.74000000,932.86000000,926.39000000,932.11000000,0.23442625,-0.24097704,0.71094400,0.14265105,1.49723420,2.20219052,2.91143154,-10.12803131,926.57650000,0.59719840,0.18092542,893.05860000,4.37277016,0.20906716,899.20270000,3.65960867,0.22889281,50.94105114,0.94105114,0.57280971,59.12698413,76.58730159,76.19047619,78.57142857,38.88888889,51.98412698,84.12698413,1.58730159,54.36507937,94.84126984,67.06349206,59.12698413,58.33333333,60.31746032,50.00000000,54.76190476
2025-06-10,931.68000000,939.85000000,931.14000000,938.63000000,0.69948826,0.46506201,0.93555429,0.29486858,1.99174182,3.04113649,1.79485511,-10.12299800,927.13500000,1.23984102,0.64264262,893.53760000,5.04650280,0.67373264,899.35840000,4.36662403,0.70701536,54.38335810,4.38335810,3.44230696,81.74603175,82.53968254,82.53968254,67.46031746,67.46031746,57.14285714,88.09523810,1.98412698,70.63492063,99.20634921,76.98412698,82.14285714,81.74603175,84.12698413,55.55555556,70.23809524
2025-06-11,938.93000000,940.40000000,935.50000000,935.50000000,-0.33346473,-1.03295299,0.36369098,-0.34725302,1.24349304,1.28676388,0.86688375,-15.58235977,927.44800000,0.86818884,-0.37165218,894.09840000,4.63054178,-0.41596102,899.49620000,4.00266282,-0.36396120,57.49694537,7.49694537,3.11358727,30.55555556,64.28571429,73.80952381,58.33333333,18.65079365,40.87301587,75.00000000,0.00000000,64.28571429,95.63492063,73.80952381,28.57142857,26.98412698,30.95238095,62.69841270,68.25396825
2025-06-12,933.65000000,934.72000000,928.35000000,930.48000000,-0.53661144,-0.20314671,-0.86828676,-1.80384105,0.53482869,0.39308755,0.13344238,-13.29363637,927.52200000,0.31891427,-0.54927457,894.73200000,3.99538633,-0.63515546,899.59490000,3.43322311,-0.56943971,62.39818147,12.39818147,4.90123611,20.23809524,15.07936508,57.93650794,49.60317460,41.26984127,13.88888889,61.11111111,0.39682540,48.01587302,92.06349206,64.28571429,21.82539683,17.06349206,20.23809524,69.04761905,75.79365079
2025-06-13,922.72000000,927.06000000,920.27000000,922.62000000,-0.84472530,-0.30811387,-1.37680385,-1.74049483,-0.78608067,-1.54453473,-0.68675996,-14.04026672,927.10800000,-0.48408600,-0.80300026,895.07960000,3.07686601,-0.91852032,899.58910000,2.56015774,-0.87306537,47.87434161,-2.12565839,-14.52383986,11.11111111,10.31746032,30.15873016,40.47619048,36.50793651,14.68253968,27.38095238,0.39682540,35.71428571,83.33333333,54.76190476,12.30158730,9.92063492,12.30158730,42.46031746,2.77777778
2025-06-16,924.02000000,926.11000000,921.57000000,924.93000000,0.25037394,1.09509924,-0.59646634,0.27182042,-0.77029535,-2.26752955,-0.64131486,-11.55649316,926.87850000,-0.21022173,0.27386427,895.54780000,3.28091923,0.20405322,899.62045000,2.81335868,0.25320093,44.89958242,-5.10041758,-2.97475919,61.50793651,21.82539683,30.55555556,41.66666667,85.31746032,57.53968254,18.65079365,1.19047619,39.68253968,84.52380952,57.53968254,66.66666667,58.33333333,62.69841270,37.30158730,29.36507937
2025-06-17,919.01000000,922.39000000,916.63000000,920.63000000,-0.46490005,-0.71527398,-0.21569010,1.16111375,-1.91768855,-3.90943037,-0.95640761,-9.40329953,926.35750000,-0.61828182,-0.40806009,896.41200000,2.70165950,-0.57925973,899.62015000,2.33541345,-0.47794523,46.13812832,-3.86187168,1.23854590,24.60317460,37.69841270,12.69841270,36.11111111,24.20634921,80.15873016,5.55555556,3.96825397,35.71428571,79.76190476,52.38095238,27.38095238,19.84126984,26.19047619,41.26984127,58.33333333
2025-06-18,920.71000000,921.70000000,915.77000000,917.10000000,-0.38343308,0.08146696,-0.84655055,-0.25008421,-1.96686264,-3.21035568,-1.49830836,-10.57675627,925.54650000,-0.91259596,-0.29431414,897.92820000,2.13511503,-0.56654447,899.66140000,1.93835147,-0.39706198,43.19051262,-6.80948738,-2.94761570,28.96825397,16.66666667,12.30158730,29.36507937,54.36507937,42.46031746,11.11111111,2.38095238,31.74603175,75.00000000,48.80952381,34.12698413,21.03174603,28.96825397,34.52380952,29.36507937
2025-06-19,913.02000000,914.89000000,909.30000000,909.30000000,-0.85050703,-0.46707395,-1.23067899,-1.01498889,-2.27624452,-2.81107321,-2.57360819,-12.09250047,924.66600000,-1.66178923,-0.74919327,900.08900000,1.02334325,-1.11177179,899.72300000,1.06443872,-0.87391275,38.40789250,-11.59210750,-4.78262013,10.71428571,10.71428571,9.92063492,20.63492063,28.96825397,23.80952381,13.88888889,1.19047619,19.84126984,61.11111111,40.47619048,14.68253968,7.93650794,11.90476190,22.22222222,22.22222222
2025-06-20,912.62000000,917.54000000,906.58000000,908.52000000,-0.08578027,0.76472676,-0.93555774,-0.08900719,-1.52825649,-0.74217581,-1.98401139,-10.11504113,924.22250000,-1.69899564,-0.03720641,901.78160000,0.74723192,-0.27611132,899.80630000,0.96839731,-0.09604141,41.05454545,-8.94545455,2.64665296,45.23809524,14.68253968,18.25396825,27.38095238,77.38095238,46.82539683,42.46031746,4.76190476,19.44444444,58.33333333,38.49206349,48.80952381,32.93650794,46.03174603,30.15873016,66.66666667
2025-06-23,907.50000000,918.41000000,907.50000000,916.79000000,0.91027165,0.99605192,0.82371055,2.05438954,-0.88006660,-0.10977125,-0.06540294,-5.55254174,923.81800000,-0.76075591,0.93823974,904.18840000,1.39369185,0.64645992,899.99380000,1.86625730,0.89785999,47.13843144,-2.86156856,6.08388598,88.88888889,78.96825397,30.55555556,49.60317460,83.73015873,90.47619048,53.57142857,15.87301587,34.92063492,67.85714286,49.20634921,88.49206349,80.95238095,88.88888889,43.65079365,82.93650794
2025-06-24,927.43000000,927.70000000,922.49000000,924.62000000,0.85406691,-0.05620474,1.77211289,2.70767062,0.43339887,2.35108741,-0.02811176,-6.09354829,923.54600000,0.11629090,0.87704681,906.29600000,2.02185599,0.62816415,900.17535000,2.71554314,0.84928584,50.46600458,0.46600458,3.32757315,87.69841270,92.85714286,55.95238095,50.79365079,47.22222222,94.84126984,84.12698413,12.30158730,47.61904762,75.00000000,57.93650794,87.30158730,79.76190476,88.09523810,51.19047619,69.84126984
2025-06-25,926.89000000,929.91000000,917.45000000,917.86000000,-0.73111116,-1.58517807,0.11671157,-0.70699898,0.08286992,2.04973256,-1.31174333,-7.86735490,923.21850000,-0.58041515,-0.69670605,908.26200000,1.05674354,-0.96511246,900.35545000,1.94418216,-0.77136099,44.57490451,-5.42509549,-5.89110007,14.28571429,52.77777778,47.61904762,32.53968254,7.53968254,31.34920635,81.34920635,7.93650794,37.69841270,62.69841270,50.39682540,16.66666667,9.12698413,15.47619048,38.49206349,16.26984127
2025-06-26,918.14000000,918.54000000,909.17000000,910.69000000,-0.78116488,-0.05005372,-1.50656486,-3.27867775,0.15286484,2.42910936,-1.48418992,-7.41069303,922.54200000,-1.28471116,-0.70429601,909.69000000,0.10992756,-0.94681598,900.48640000,1.13312094,-0.81106121,36.90443779,-13.09556221,-7.67046672,13.88888889,9.12698413,49.20634921,30.95238095,48.41269841,2.77777778,84.92063492,9.52380952,25.00000000,48.80952381,41.66666667,16.26984127,9.92063492,14.28571429,18.65079365,10.71428571
2025-06-27,916.69000000,920.29000000,915.14000000,920.14000000,1.03767473,1.81883961,0.24840390,0.13169233,1.27900321,2.80725970,-0.44145333,-6.09799128,922.40250000,-0.24528338,1.03942778,910.95040000,1.00879258,0.89886502,900.62085000,2.16729937,1.03417842,42.58639911,-7.41360089,5.68196132,92.46031746,59.12698413,74.20634921,47.22222222,95.23809524,51.98412698,86.90476190,13.09523810,41.66666667,61.90476190,53.96825397,91.26984127,90.47619048,93.25396825,34.52380952,79.36507937
2025-06-30,921.05000000,921.09000000,913.28000000,913.28000000,-0.74553872,-1.78321345,0.28439974,1.79096460,-0.38285758,0.49720902,-1.04558309,-6.17606641,922.14850000,-0.96172146,-0.71643808,912.14480000,0.12445392,-0.88433865,900.68925000,1.39790166,-0.76939771,34.36536327,-15.63463673,-8.22103584,14.28571429,60.71428571,38.49206349,37.69841270,5.55555556,86.50793651,61.90476190,13.09523810,32.14285714,49.20634921,44.44444444,15.87301587,11.90476190,16.26984127,14.68253968,9.92063492
2025-07-01,914.80000000,914.80000000,905.40000000,909.19000000,-0.44783637,0.29770235,-1.19003630,-1.43844019,-1.66879367,-2.10219253,-0.99851910,-3.30793389,921.59300000,-1.34582185,-0.38410040,913.28460000,-0.44833779,-0.57279172,900.75645000,0.93627417,-0.46162749,33.96318420,-16.03681580,-0.40217907,26.19047619,12.30158730,17.85714286,38.09523810,63.09523810,19.44444444,21.82539683,32.53968254,24.20634921,41.26984127,38.09523810,28.96825397,21.82539683,27.38095238,13.88888889,46.42857143
2025-07-02,912.55000000,912.89000000,902.19000000,910.52000000,0.14628406,0.59412043,-0.30220743,-0.58660717,-0.79968623,-0.88255614,-1.06269695,-3.72433632,920.91850000,-1.12914444,0.21667742,914.35080000,-0.41896393,0.02937387,900.80745000,1.07820489,0.14193072,37.26065867,-12.73934133,3.29747447,55.15873016,34.52380952,32.14285714,37.69841270,70.23809524,36.11111111,40.87301587,30.15873016,29.36507937,42.46031746,41.66666667,61.90476190,51.58730159,56.74603175,20.23809524,69.44444444
2025-07-03,913.14000000,915.29000000,907.93000000,915.29000000,0.52387647,0.37759241,0.67092687,1.86096317,0.50511151,0.35224667,-0.94371273,-4.11819184,920.40650000,-0.55589568,0.57324875,915.26320000,0.00292812,0.42189204,900.92075000,1.59495161,0.51674672,45.12956811,-4.87043189,7.86890944,75.00000000,75.00000000,58.73015873,40.47619048,65.47619048,87.69841270,61.11111111,27.38095238,39.68253968,49.60317460,47.61904762,77.38095238,70.63492063,75.39682540,42.06349206,91.26984127
2025-07-04,911.70000000,911.70000000,907.00000000,908.44000000,-0.74839668,-1.27227315,-0.22844089,0.07376654,-1.27154563,-2.55054885,-1.84650957,-5.13996284,919.33200000,-1.18477329,-0.62887761,915.99220000,-0.82448300,-0.82741112,900.92085000,0.83460717,-0.76034444,39.66662489,-10.33337511,-5.46294322,14.28571429,38.09523810,25.79365079,28.57142857,13.09523810,50.39682540,17.06349206,21.42857143,28.17460317,33.73015873,37.30158730,19.04761905,12.69841270,16.66666667,26.58730159,18.65079365
2025-07-07,907.21000000,915.15000000,904.74000000,913.98000000,0.60983664,1.35823333,-0.14312404,-0.81405091,0.07664681,0.45950439,-1.71518286,-4.82306622,918.42550000,-0.48403491,0.70073839,916.81500000,-0.30922269,0.51526031,901.00300000,1.44028377,0.60567660,45.89658151,-4.10341849,6.22995662,77.77777778,40.87301587,48.01587302,29.36507937,90.07936508,28.96825397,63.49206349,22.61904762,40.87301587,45.63492063,46.82539683,82.53968254,75.00000000,79.36507937,44.44444444,83.33333333
2025-07-08,914.00000000,917.57000000,909.61000000,916.76000000,0.30416420,-0.30567244,0.91585575,1.14429664,0.83260925,2.50140291,-1.64680134,-4.55823288,917.33200000,-0.06235474,0.42168016,917.69640000,-0.10203810,0.20718459,901.06945000,1.74132527,0.30104149,49.78824116,-0.21175884,3.89165964,63.09523810,81.34920635,65.47619048,30.15873016,36.90476190,78.17460317,85.71428571,24.60317460,47.61904762,49.20634921,50.79365079,69.84126984,58.33333333,65.87301587,51.58730159,71.03174603
2025-07-09,917.50000000,920.37000000,915.04000000,918.77000000,0.21925040,-0.08491380,0.52408149,0.66720553,0.90607565,1.70576188,-2.11584970,-3.91070481,916.49550000,0.24817361,0.31052836,918.57700000,0.02101076,0.12304886,901.12750000,1.95782506,0.21649979,56.35655793,6.35655793,6.56831677,57.93650794,69.84126984,67.06349206,26.19047619,45.23809524,67.85714286,76.98412698,29.76190476,51.98412698,51.19047619,53.96825397,66.26984127,53.17460317,59.12698413,63.88888889,84.92063492
2025-07-10,922.03000000,927.70000000,922.03000000,927.32000000,0.93059199,0.71134158,1.15188272,0.23602696,1.31433753,0.80922602,-0.87439872,-1.74128246,916.33750000,1.19852129,0.95034767,919.56560000,0.84326773,0.82225698,901.23395000,2.89448151,0.93665645,61.42718211,11.42718211,5.07062418,90.07936508,86.50793651,74.20634921,44.04761905,74.20634921,55.55555556,65.87301587,43.65079365,71.82539683,63.49206349,66.26984127,88.09523810,88.09523810,90.87301587,70.23809524,76.58730159
2025-07-11,926.11000000,926.17000000,920.11000000,921.49000000,-0.62869344,-1.55928543,0.29604798,-0.22803351,1.43652855,2.70807419,-0.96616800,-1.09961038,916.28100000,0.56849373,-0.63002756,920.04280000,0.15729703,-0.68597070,901.28310000,2.24201475,-0.65246676,52.94412428,2.94412428,-8.48305783,17.85714286,61.90476190,75.00000000,40.87301587,7.93650794,43.25396825,86.11111111,48.01587302,58.33333333,52.38095238,58.33333333,18.65079365,17.46031746,19.44444444,58.73015873,8.73015873
2025-07-14,918.08000000,920.50000000,916.24000000,920.50000000,-0.10743470,0.52125874,-0.73545270,-1.88733542,0.71336353,0.63671672,-0.22978041,0.45697955,916.05950000,0.48473926,-0.08375447,920.52400000,-0.00260721,-0.15990424,901.29845000,2.13043193,-0.11158281,47.17730885,-2.82269115,-5.76681543,42.85714286,19.84126984,61.90476190,53.96825397,67.85714286,12.30158730,63.88888889,61.11111111,57.53968254,50.79365079,56.74603175,46.03174603,39.68253968,44.04761905,47.22222222,17.85714286
2025-07-15,924.95000000,927.29000000,922.44000000,923.29000000,0.30309614,0.41053084,0.19533581,-0.10071216,0.71229111,-0.12031813,-0.17731072,0.46400414,916.19250000,0.77467344,0.28993419,921.07820000,0.24013162,0.24273883,901.36430000,2.43250149,0.30206955,53.93421243,3.93421243,6.75690358,62.69841270,56.74603175,61.50793651,54.36507937,65.87301587,46.42857143,51.98412698,61.11111111,63.49206349,53.96825397,61.50793651,65.47619048,60.71428571,66.26984127,59.52380952,85.31746032
2025-07-16,916.00000000,916.00000000,902.11000000,902.11000000,-2.29397048,-2.59706662,-1.99782727,-1.26237457,-1.81329386,-2.71936951,-2.01166592,-1.05525832,915.44300000,-1.45645332,-2.23112677,921.20000000,-2.07229700,-2.31242862,901.32420000,0.08718284,-2.34531865,44.83257046,-5.16742954,-9.10164197,2.38095238,4.36507937,14.28571429,26.98412698,2.77777778,21.82539683,14.28571429,48.01587302,22.61904762,19.04761905,32.53968254,2.38095238,2.38095238,2.38095238,40.07936508,7.53968254
2025-07-17,912.16000000,915.13000000,908.11000000,914.47000000,1.37012116,3.66409164,-0.95527949,-1.15061530,-1.38571367,-2.70005120,-0.28677353,1.21153484,915.70150000,-0.13448706,1.32196627,921.45140000,-0.75765255,1.31464446,901.31225000,1.45984369,1.37266085,46.70080298,-3.29919702,1.86823251,94.04761905,14.28571429,23.41269841,52.77777778,99.20634921,22.61904762,14.28571429,64.68253968,45.63492063,35.31746032,47.61904762,94.04761905,93.65079365,94.04761905,45.63492063,60.71428571
2025-07-18,916.79000000,918.96000000,911.50000000,911.85000000,-0.28650475,-1.65662591,1.07969095,3.07751821,-1.04613181,-2.48266036,0.28043550,2.85404369,915.86800000,-0.43870951,-0.30422245,921.57360000,-1.05510835,-0.29745580,901.31975000,1.16831457,-0.29152911,49.12473987,-0.87526013,2.42393689,33.33333333,84.92063492,27.77777778,59.92063492,7.14285714,95.63492063,17.85714286,74.20634921,41.26984127,30.95238095,44.84126984,34.12698413,31.34920635,35.31746032,50.79365079,63.88888889
2025-07-21,912.39000000,912.39000000,905.96000000,908.42000000,-0.37615836,-0.08965361,-0.66158540,0.29369409,-1.31233026,-2.02569379,-0.01100691,1.97300448,915.44950000,-0.76787414,-0.32916463,921.30040000,-1.39806734,-0.34295899,901.30280000,0.78965693,-0.37865765,49.52486733,-0.47513267,0.40012746,30.95238095,20.63492063,24.60317460,55.95238095,44.84126984,58.33333333,24.20634921,69.44444444,35.31746032,27.38095238,37.69841270,32.53968254,30.55555556,30.95238095,50.79365079,52.77777778
2025-07-22,903.69000000,905.61000000,900.89000000,901.19000000,-0.79588736,-0.41972901,-1.16905193,-2.24874287,-2.39361414,-3.10590525,-1.70158924,-1.63618630,914.27800000,-1.43151208,-0.66363794,920.77500000,-2.12701257,-0.72894523,901.24490000,-0.00609157,-0.79574850,44.63361325,-5.36638675,-4.89125408,12.30158730,11.90476190,9.12698413,29.76190476,30.15873016,5.95238095,11.50793651,42.46031746,22.61904762,19.04761905,31.74603175,17.85714286,16.26984127,13.88888889,38.88888889,21.03174603
2025-07-23,908.66000000,912.70000000,907.07000000,908.15000000,0.77231217,1.56819953,-0.02972193,0.63186346,0.66954141,2.48283527,-1.78127231,-1.75316055,913.79250000,-0.61748154,0.81403054,920.35320000,-1.32592574,0.80108683,901.23470000,0.76731400,0.77340557,45.99416517,-4.00583483,1.36055192,85.31746032,46.03174603,61.11111111,28.96825397,92.46031746,67.85714286,84.92063492,40.87301587,38.09523810,28.17460317,38.09523810,86.11111111,87.69841270,86.11111111,43.65079365,57.53968254
2025-07-24,913.17000000,915.86000000,910.46000000,913.35000000,0.57259263,-0.19971953,1.34932700,2.51837893,-0.12247531,1.26323836,-0.49136034,0.82038299,913.92550000,-0.06297012,0.55451142,920.04020000,-0.72716388,0.59876186,901.22305000,1.34561028,0.57829628,52.80667657,2.80667657,6.81251140,75.79365079,88.88888889,44.84126984,49.20634921,41.26984127,92.85714286,72.22222222,61.90476190,46.82539683,36.50793651,47.22222222,76.58730159,76.98412698,76.98412698,58.33333333,85.71428571
2025-07-25,910.69000000,910.95000000,903.64000000,905.37000000,-0.87370668,-1.44629932,-0.30611683,-0.27639490,-0.71064320,0.33548861,-0.58417244,0.90001748,913.18700000,-0.85601306,-0.79304294,919.52960000,-1.53987430,-0.81271042,901.19330000,0.46346328,-0.88214700,45.21187855,-4.78812145,-7.59479803,9.12698413,33.33333333,32.93650794,46.82539683,10.31746032,42.06349206,59.12698413,62.30158730,32.53968254,23.80952381,35.71428571,11.50793651,11.90476190,10.31746032,40.47619048,11.11111111
2025-07-28,913.95000000,915.30000000,906.04000000,908.04000000,0.29490705,1.16861374,-0.58137625,-1.93070325,-0.04183087,1.27049938,-1.31501728,-0.87356395,912.92500000,-0.53509324,0.32091982,919.10000000,-1.20335110,0.33652320,901.15370000,0.76416487,0.30070159,45.14476615,-4.85523385,-0.06711240,61.90476190,23.41269841,45.63492063,33.33333333,87.69841270,11.50793651,72.22222222,47.61904762,38.49206349,29.36507937,38.49206349,66.26984127,63.88888889,65.07936508,40.07936508,48.80952381
2025-07-29,911.01000000,914.80000000,909.44000000,909.99000000,0.21474825,-0.08015881,0.51028861,0.81640544,0.97648665,3.37010079,-0.36024001,0.68534307,912.96500000,-0.32586134,0.20923190,918.67880000,-0.94579302,0.25755808,901.09050000,0.98763665,0.22347178,45.10809004,-4.89190996,-0.03667611,57.14285714,69.44444444,69.44444444,50.39682540,46.03174603,71.03174603,90.07936508,59.92063492,41.66666667,33.73015873,42.46031746,59.12698413,61.11111111,59.12698413,39.28571429,49.60317460
2025-07-30,910.89000000,912.59000000,908.46000000,909.41000000,-0.06373696,-0.27848521,0.15087441,0.73225066,0.13874360,-0.53079781,0.02419736,1.02271646,912.90950000,-0.38333482,-0.05747348,918.20060000,-0.95737250,-0.01157947,901.14045000,0.91767604,-0.06996061,39.04855081,-10.95144919,-6.05953922,44.44444444,54.76190476,48.80952381,55.95238095,36.50793651,69.44444444,45.23809524,62.69841270,41.26984127,33.33333333,40.87301587,46.03174603,46.42857143,45.63492063,23.01587302,15.47619048
2025-07-31,913.15000000,916.46000000,901.95000000,902.06000000,-0.80821632,-0.74447935,-0.87143815,-1.38172676,-1.23610883,-1.11363352,-0.92913939,0.13355755,912.24800000,-1.11680157,-0.73346675,917.70360000,-1.70464625,-0.74727375,901.18705000,0.09686668,-0.82080936,38.33593469,-11.66406531,-0.71261613,11.11111111,15.47619048,24.20634921,40.87301587,22.22222222,19.84126984,35.31746032,55.95238095,26.58730159,22.22222222,33.33333333,13.88888889,15.47619048,12.30158730,21.03174603,42.46031746
2025-08-01,896.17000000,897.11000000,882.59000000,884.87000000,-1.90563821,-1.09742189,-2.69845284,-2.84932725,-2.26426765,-1.55362445,-3.32353680,-2.37982407,911.06950000,-2.87568621,-1.75888464,917.05320000,-3.50941472,-1.80476847,901.11825000,-1.80312073,-1.89998742,32.09367776,-17.90632224,-6.24225693,2.38095238,1.58730159,9.12698413,16.66666667,16.66666667,2.77777778,28.17460317,36.50793651,5.15873016,7.93650794,15.47619048,2.38095238,2.77777778,2.38095238,8.73015873,14.68253968
2025-08-04,888.05000000,890.45000000,884.91000000,888.75000000,0.43848249,2.34412069,-1.47551161,-0.60407346,-2.12435576,-2.08252488,-2.16745190,-0.32094233,909.80800000,-2.31455428,0.56113193,916.33060000,-3.00989621,0.49951851,901.04495000,-1.36452127,0.43859946,32.82958839,-17.17041161,0.73591063,72.61904762,8.33333333,9.52380952,23.01587302,97.22222222,34.92063492,21.03174603,51.58730159,9.12698413,10.71428571,19.44444444,77.77777778,73.80952381,73.41269841,9.12698413,54.36507937
2025-08-05,891.79000000,891.80000000,885.98000000,887.07000000,-0.18902954,-0.62751202,0.24862409,2.94707693,-2.51870900,-3.49519564,-2.94426574,-1.22908288,908.32350000,-2.33986019,-0.02530591,915.47080000,-3.10231632,-0.09242011,900.98865000,-1.54481968,-0.18029841,40.72520967,-9.27479033,7.89562128,36.90476190,59.92063492,5.55555556,17.46031746,25.39682540,95.63492063,6.34920635,41.66666667,8.33333333,9.92063492,17.85714286,48.41269841,42.85714286,39.68253968,26.58730159,92.46031746
2025-08-06,890.13000000,890.65000000,882.42000000,883.93000000,-0.35397432,-0.16494478,-0.54233474,0.93317687,-2.80181656,-2.94056016,-3.58108993,-1.93428858,906.58150000,-2.49856191,-0.15870171,914.66120000,-3.35984515,-0.25752884,900.92180000,-1.88604605,-0.34122637,28.75034790,-21.24965210,-11.97486177,31.34920635,25.79365079,4.36507937,14.28571429,42.85714286,76.19047619,11.11111111,36.90476190,6.74603175,7.53968254,14.68253968,42.46031746,34.12698413,32.53968254,5.95238095,4.36507937
2025-08-07,885.58000000,895.89000000,885.27000000,892.51000000,0.97066510,1.32463942,0.61325487,0.36463078,-1.05868789,0.17742094,-2.85816907,-0.74231938,904.84100000,-1.36278086,1.13578104,914.02700000,-2.35408801,1.00575715,900.93450000,-0.93508463,0.95096142,37.57388846,-12.42611154,8.82354056,91.26984127,73.41269841,26.58730159,17.85714286,90.07936508,59.92063492,57.53968254,48.41269841,20.23809524,15.87301587,23.01587302,93.65079365,92.85714286,91.66666667,19.84126984,93.25396825
2025-08-08,892.39000000,893.59000000,888.80000000,891.36000000,-0.12885010,-1.09951519,0.84056430,1.38289904,0.73344107,2.99770872,-3.87784152,-3.00344280,903.33450000,-1.32558869,0.03719217,913.39560000,-2.41249246,-0.05840445,900.91180000,-1.06023697,-0.12515235,38.70796929,-11.29203071,1.13408083,40.47619048,79.76190476,62.69841270,12.69841270,16.26984127,83.33333333,88.88888889,29.76190476,21.03174603,15.07936508,21.82539683,52.77777778,44.04761905,42.46031746,23.01587302,57.14285714
2025-08-11,894.98000000,895.66000000,891.76000000,894.13000000,0.31076108,0.43961118,0.18151057,-0.43174430,0.60534459,2.72970034,-2.96910439,-2.00293639,902.01600000,-0.87426387,0.45132482,912.91100000,-2.05726517,0.35522730,900.88835000,-0.75018730,0.31004967,45.03376477,-4.96623523,6.32579548,65.07936508,56.74603175,60.71428571,16.66666667,67.46031746,38.88888889,87.69841270,36.11111111,31.34920635,18.65079365,25.39682540,72.61904762,66.66666667,66.66666667,38.49206349,83.73015873
2025-08-12,895.69000000,896.34000000,890.98000000,895.11000000,0.10960375,-0.20115734,0.42070544,-0.41985886,0.90635463,3.42506362,-2.75828354,-2.52850313,900.60700000,-0.61036612,0.26389775,912.40720000,-1.89577636,0.16148881,900.87985000,-0.64046832,0.10971899,39.98463902,-10.01536098,-5.04912576,53.17460317,66.26984127,67.85714286,17.85714286,41.66666667,39.68253968,91.66666667,32.53968254,36.90476190,21.03174603,26.58730159,65.07936508,55.15873016,53.17460317,26.19047619,21.03174603
2025-08-13,898.27000000,901.89000000,897.44000000,900.11000000,0.55859056,0.44898682,0.66880655,0.48729598,1.83046169,4.63227825,-2.51058714,-2.33327642,900.50700000,-0.04408628,0.56627984,911.92920000,-1.29606553,0.59971083,900.90720000,-0.08848858,0.55197973,39.79969183,-10.20030817,-0.18494718,76.19047619,75.00000000,82.14285714,20.23809524,68.25396825,64.68253968,96.03174603,34.92063492,47.61904762,27.77777778,34.12698413,78.57142857,78.57142857,76.98412698,25.39682540,47.22222222
2025-08-14,900.45000000,900.88000000,890.88000000,898.34000000,-0.19664263,-0.75523320,0.36084950,-0.05985593,0.65321397,1.71190186,-0.41790912,1.59375680,899.70050000,-0.15121699,-0.10713071,911.38540000,-1.43138128,-0.13531575,900.99255000,-0.29440310,-0.20591452,44.01090475,-5.98909525,4.21121292,36.90476190,65.07936508,61.11111111,49.60317460,22.22222222,48.01587302,77.77777778,65.07936508,45.63492063,25.79365079,31.74603175,44.84126984,40.47619048,37.69841270,36.90476190,73.41269841
2025-08-15,899.75000000,900.11000000,892.34000000,895.77000000,-0.28608322,-0.08944059,-0.48216329,-1.15096984,0.49474960,-0.23869147,-2.04490032,-1.75812680,898.89650000,-0.34781535,-0.19659836,910.70220000,-1.63963588,-0.20825460,901.10050000,-0.59155444,-0.29715134,39.52892985,-10.47107015,-4.48197490,34.12698413,27.38095238,57.53968254,25.00000000,46.82539683,21.42857143,50.79365079,37.69841270,41.66666667,23.01587302,27.38095238,40.87301587,36.90476190,34.52380952,24.60317460,24.20634921
2025-08-18,896.41000000,896.95000000,891.77000000,896.95000000,0.13173024,0.41781346,-0.15472984,-0.51557934,0.31539038,-0.28995421,-1.63404069,-1.91447619,898.32300000,-0.15284035,0.19497500,909.99900000,-1.43395762,0.20567826,901.16715000,-0.46796535,0.12358909,38.72362504,-11.27637496,-0.80530481,53.57142857,41.26984127,53.57142857,30.15873016,67.06349206,36.11111111,50.00000000,37.30158730,46.03174603,26.19047619,30.55555556,59.12698413,57.93650794,53.57142857,23.41269841,42.85714286
2025-08-19,898.86000000,903.50000000,896.90000000,901.95000000,0.55744467,0.42571443,0.68990924,1.17207253,0.76415189,-0.14220274,-0.71222562,-0.70121871,898.36100000,0.39950532,0.55234567,909.26540000,-0.80453958,0.62941804,901.27935000,0.07441089,0.54237624,44.00706941,-5.99293059,5.28344437,75.79365079,76.58730159,65.47619048,42.85714286,67.46031746,81.34920635,51.98412698,50.39682540,56.34920635,35.71428571,37.69841270,76.98412698,80.95238095,75.79365079,37.30158730,78.17460317
2025-08-20,900.76000000,910.46000000,900.23000000,908.79000000,0.75835689,0.20091222,1.32002899,1.47475882,0.96432658,-0.86613511,0.84332938,2.54491862,898.39300000,1.15728863,0.75778330,908.73120000,0.00647056,0.81101014,901.40950000,0.81877327,0.74436237,55.45115827,5.45115827,11.44408886,85.31746032,90.47619048,71.03174603,65.47619048,59.92063492,84.12698413,40.47619048,72.22222222,72.61904762,50.79365079,45.23809524,86.11111111,88.88888889,85.31746032,62.69841270,98.01587302
2025-08-21,908.86000000,909.08000000,905.13000000,907.53000000,-0.13864589,-0.89700279,0.61865957,-0.07124967,1.02299797,0.36978400,-0.06827066,1.71300165,898.10200000,1.04976940,-0.10751922,908.27220000,-0.08171559,-0.08818615,901.57010000,0.66105786,-0.15771541,74.73799127,24.73799127,19.28683300,40.47619048,73.80952381,72.22222222,54.36507937,20.23809524,47.61904762,61.11111111,67.06349206,71.82539683,49.20634921,43.25396825,44.84126984,43.65079365,40.47619048,87.69841270,99.60317460
2025-08-22,906.43000000,916.29000000,906.14000000,912.92000000,0.59391976,0.73256565,0.45445042,-0.86557856,1.91455396,1.41980436,-0.04707943,0.44428091,898.47950000,1.60721530,0.55744590,908.07820000,0.53319197,0.61490756,901.74200000,1.23960068,0.57854283,75.54428239,25.54428239,0.80629113,78.17460317,67.06349206,83.73015873,55.55555556,76.19047619,26.58730159,74.60317460,57.93650794,79.36507937,57.53968254,54.76190476,77.38095238,78.57142857,77.77777778,88.09523810,55.15873016
2025-08-25,912.54000000,913.42000000,910.46000000,911.11000000,-0.19826491,-0.79218467,0.39447732,-0.22418225,1.57868332,1.26329294,0.63399494,1.21816738,898.63300000,1.38844222,-0.21877308,907.80180000,0.36441875,-0.16877321,901.92665000,1.01819255,-0.22140813,75.33726813,25.33726813,-0.20701426,36.90476190,64.68253968,78.96825397,64.68253968,22.22222222,43.65079365,72.61904762,64.68253968,76.58730159,55.55555556,49.60317460,39.28571429,38.49206349,36.50793651,88.09523810,46.42857143
2025-08-26,908.13000000,910.39000000,904.91000000,904.91000000,-0.68048863,-0.48222373,-0.87740437,-1.33185480,0.32817784,-0.43597406,-0.34469847,0.97031881,898.37900000,0.72697603,-0.66146619,907.48740000,-0.28401496,-0.64843372,902.05975000,0.31597131,-0.70222125,70.77227723,20.77227723,-4.56499090,16.66666667,15.47619048,53.57142857,51.58730159,29.36507937,19.04761905,46.03174603,63.09523810,65.47619048,45.23809524,40.87301587,18.25396825,18.25396825,16.66666667,82.93650794,23.41269841
2025-08-27,906.66000000,909.05000000,903.51000000,907.70000000,0.30831795,0.98880659,-0.37426875,-0.76874607,-0.11993970,-1.08426628,-0.25165112,0.10858890,898.29350000,1.04715218,0.32017615,907.29940000,0.04415301,0.32816797,902.27230000,0.60155898,0.28558767,66.98725117,16.98725117,-3.78502605,64.28571429,32.14285714,44.84126984,52.77777778,84.52380952,30.95238095,34.92063492,56.34920635,71.82539683,50.79365079,43.25396825,67.06349206,64.28571429,63.09523810,79.36507937,25.39682540
2025-08-28,908.92000000,908.93000000,901.07000000,903.46000000,-0.46711469,-0.77543264,-0.16023693,0.71716744,-0.44847002,-1.47146800,-0.65427035,-0.67846771,898.36350000,0.56730934,-0.47984285,907.18260000,-0.41034738,-0.45450039,902.47470000,0.10917758,-0.49238140,62.65690377,12.65690377,-4.33034741,24.60317460,41.26984127,37.69841270,45.23809524,22.22222222,70.23809524,27.77777778,51.19047619,59.92063492,41.66666667,38.88888889,25.00000000,26.19047619,24.60317460,72.61904762,24.20634921
2025-08-29,902.17000000,903.85000000,896.62000000,896.62000000,-0.75708941,-0.28997473,-1.22066762,-0.84639887,-1.78547956,-3.70003352,-0.60306410,0.32607530,898.95100000,-0.25930223,-0.82661157,906.94460000,-1.13839368,-0.72804630,902.58540000,-0.66092361,-0.77010118,52.40023135,2.40023135,-10.25667242,13.49206349,9.92063492,13.09523810,46.42857143,37.30158730,27.38095238,5.55555556,57.93650794,43.65079365,31.34920635,26.19047619,9.12698413,16.66666667,15.07936508,57.93650794,6.74603175
2025-09-01,896.49000000,898.50000000,894.82000000,896.26000000,-0.04015079,0.71693862,-0.79693622,-0.63669929,-1.62988004,-3.20856335,1.28719473,4.61073153,899.32650000,-0.34097739,-0.08167516,906.53400000,-1.13332760,0.00506608,902.75420000,-0.71937633,-0.05845272,51.12195122,1.12195122,-1.27828013,46.82539683,18.25396825,17.06349206,69.84126984,76.19047619,33.33333333,9.92063492,83.33333333,42.06349206,31.74603175,25.79365079,46.82539683,50.00000000,47.22222222,56.34920635,40.47619048
2025-09-02,894.41000000,894.41000000,883.89000000,883.89000000,-1.38017986,-1.34002907,-1.41977649,-0.19910887,-2.32288294,-2.65106078,-0.54683544,1.62061645,899.16750000,-1.69907164,-1.35809425,905.71940000,-2.41017251,-1.27684491,902.84680000,-2.09966962,-1.38029330,36.16513135,-13.83486865,-14.95681987,5.15873016,8.73015873,8.33333333,48.41269841,9.92063492,44.44444444,15.07936508,68.25396825,16.66666667,14.68253968,13.09523810,3.96825397,5.55555556,5.15873016,17.06349206,1.58730159
2025-09-03,889.57000000,892.16000000,886.60000000,888.27000000,0.49553677,1.87571663,-0.89148238,-0.09454616,-2.14057508,-2.02063538,0.13527681,3.07954255,899.38450000,-1.23578959,0.46328205,905.12760000,-1.86245564,0.54771687,902.97825000,-1.62885983,0.47080979,41.77690675,-8.22309325,5.61177539,73.41269841,15.07936508,9.52380952,61.11111111,96.03174603,47.22222222,23.80952381,77.77777778,22.61904762,21.82539683,18.25396825,72.61904762,75.79365079,74.20634921,33.33333333,79.76190476
2025-09-04,889.85000000,901.12000000,889.85000000,900.19000000,1.34193432,0.84639755,1.84412087,3.26389737,-0.36194187,0.08652816,1.83951218,5.42060210,899.76850000,0.04684538,1.28263497,904.91760000,-0.52243431,1.34002133,903.18635000,-0.33175324,1.29710659,53.13119864,3.13119864,11.35429189,95.23809524,94.84126984,40.87301587,72.22222222,80.15873016,98.01587302,54.76190476,86.50793651,51.19047619,40.47619048,33.73015873,95.23809524,95.63492063,95.23809524,59.52380952,97.61904762
2025-09-05,905.20000000,905.64000000,896.27000000,898.68000000,-0.16774237,-1.50967669,1.17194096,2.06342335,0.22975173,2.01523129,0.69130878,3.54947785,900.13450000,-0.16158696,-0.20843235,904.48840000,-0.64217518,-0.11974087,903.34910000,-0.51686552,-0.18511228,51.21985616,1.21985616,-1.91134248,38.09523810,88.09523810,52.77777778,66.26984127,7.53968254,90.07936508,79.76190476,79.76190476,45.63492063,38.49206349,31.34920635,40.07936508,41.66666667,38.88888889,55.95238095,36.11111111
2025-09-08,901.88000000,905.68000000,899.78000000,904.68000000,0.66764588,0.83538825,0.49878359,-1.34533728,0.93945953,2.56933957,1.49434572,5.37218724,900.66200000,0.44611630,0.60770326,904.31640000,0.04020717,0.68238235,903.47350000,0.13354016,0.65040568,51.89820609,1.89820609,0.67834994,82.14285714,68.65079365,69.84126984,70.23809524,80.15873016,17.85714286,86.50793651,86.90476190,58.33333333,51.19047619,42.06349206,80.95238095,83.73015873,82.53968254,56.74603175,54.36507937
2025-09-09,906.28000000,909.62000000,904.75000000,907.69000000,0.33271433,-0.33493155,1.00258156,-0.16935940,2.69264275,5.01552569,1.51655799,4.48566238,901.29100000,0.70998157,0.26386527,904.28640000,0.37638518,0.33617801,903.61495000,0.45097195,0.31743179,49.19212691,-0.80787309,-2.70607918,65.07936508,84.12698413,93.25396825,70.63492063,36.11111111,44.84126984,96.82539683,84.52380952,65.87301587,56.74603175,44.84126984,64.28571429,63.88888889,66.26984127,50.39682540,29.36507937
2025-09-10,910.19000000,911.77000000,900.78000000,901.51000000,-0.68084919,-1.01356352,-0.35040014,-0.84918373,1.49053779,3.63111287,0.71499592,3.47327946,901.36100000,0.01653056,-0.69345101,904.10620000,-0.28715653,-0.66354171,903.74680000,-0.24750295,-0.69847491,45.87671233,-4.12328767,-3.31541458,15.87301587,32.53968254,77.38095238,65.47619048,17.85714286,26.98412698,91.66666667,79.36507937,49.60317460,45.23809524,35.71428571,15.87301587,17.85714286,16.26984127,42.06349206,27.38095238
2025-09-11,902.69000000,907.25000000,900.97000000,905.73000000,0.46810352,1.14895270,-0.21593275,-1.21851432,0.61542563,0.97736750,0.62436813,3.13495527,901.73050000,0.44353607,0.42700551,903.91500000,0.20079322,0.48794975,903.90305000,0.20211792,0.44962087,44.99512738,-5.00487262,-0.88158494,72.61904762,39.28571429,59.92063492,63.88888889,87.30158730,20.23809524,70.23809524,77.77777778,57.53968254,53.57142857,44.04761905,70.63492063,73.01587302,73.80952381,38.49206349,42.46031746
2025-09-12,907.83000000,913.63000000,906.64000000,908.89000000,0.34888985,-0.11921367,0.81862653,1.16902667,1.13611074,0.90635901,1.17438832,1.59229744,902.38650000,0.72070005,0.27716399,903.92400000,0.54938247,0.34858925,904.06460000,0.53374504,0.33162713,48.48319213,-1.51680787,3.48806474,66.66666667,79.36507937,73.41269841,68.25396825,45.23809524,81.34920635,67.06349206,66.66666667,65.87301587,59.12698413,46.82539683,65.87301587,65.47619048,67.85714286,48.41269841,71.03174603
2025-09-15,911.37000000,919.78000000,910.46000000,919.13000000,1.12664899,0.77775914,1.47946960,1.69540235,1.59724986,0.65779032,2.60781227,4.65271260,903.49550000,1.73044581,1.00974575,904.02700000,1.67063594,1.12125347,904.25160000,1.64538277,1.11163772,59.20745921,9.20745921,10.72426708,94.44444444,91.66666667,79.76190476,78.17460317,78.57142857,87.30158730,65.07936508,85.31746032,82.53968254,75.39682540,64.68253968,90.87301587,94.44444444,94.44444444,69.84126984,96.03174603
2025-09-16,922.66000000,922.66000000,911.52000000,911.52000000,-0.82795687,-1.95460586,0.28936395,-0.52926258,0.42195023,-2.27069252,1.62439378,3.25843447,903.97400000,0.83475852,-0.89568729,903.92220000,0.84053694,-0.83009900,904.37095000,0.79049974,-0.85488303,52.32813262,2.32813262,-6.87932659,9.52380952,60.71428571,55.55555556,70.63492063,4.36507937,36.11111111,17.85714286,77.77777778,67.46031746,64.28571429,51.19047619,7.14285714,9.92063492,10.31746032,57.14285714,12.30158730
2025-09-17,913.75000000,916.07000000,910.93000000,914.81000000,0.36093558,1.18889245,-0.47000968,-1.94947928,1.47530255,-0.01523524,1.42579966,2.13802528,904.27500000,1.16502170,0.33026318,903.84300000,1.21337445,0.37283751,904.49540000,1.14037064,0.34987090,56.99839684,6.99839684,4.67026422,68.65079365,28.57142857,77.77777778,68.25396825,88.49206349,9.12698413,53.96825397,71.03174603,74.20634921,70.23809524,59.12698413,67.85714286,67.46031746,68.65079365,66.26984127,76.58730159
2025-09-18,919.36000000,934.99000000,919.36000000,933.30000000,2.02118473,1.66024915,2.38941548,2.10005153,3.04395350,2.42852786,2.69699270,1.85366333,905.56350000,3.06289951,1.89787781,903.96260000,3.24542188,2.03204743,904.70375000,3.16084133,2.02047068,69.77571706,19.77571706,12.77732022,98.01587302,97.22222222,96.03174603,78.96825397,93.65079365,90.87301587,84.52380952,69.44444444,94.04761905,84.52380952,83.73015873,98.01587302,98.01587302,98.01587302,82.93650794,98.01587302
2025-09-19,930.16000000,934.06000000,927.40000000,929.94000000,-0.36001286,-2.38119758,1.65389534,2.12390503,2.31601184,1.17990110,2.46933986,2.53761052,906.41450000,2.59544612,-0.46745339,904.13160000,2.85449596,-0.39092592,904.88145000,2.76926331,-0.39157801,67.58930437,17.58930437,-2.18641269,29.76190476,92.06349206,87.69841270,76.19047619,2.77777778,91.26984127,72.61904762,72.61904762,90.47619048,80.55555556,79.36507937,24.20634921,27.77777778,26.98412698,80.15873016,32.53968254
2025-09-22,932.68000000,934.92000000,929.27000000,930.62000000,0.07312300,0.43313585,-0.28715311,-2.67656859,1.25009520,-0.34715466,1.93883363,1.98591307,907.39000000,2.56008993,-0.03535619,904.33400000,2.90666944,0.05217348,905.07620000,2.82228170,0.05301839,77.79892921,27.79892921,10.20962484,51.19047619,35.71428571,74.20634921,71.03174603,67.06349206,3.96825397,46.82539683,70.23809524,90.07936508,81.34920635,80.95238095,48.80952381,51.19047619,50.39682540,90.87301587,94.84126984
2025-09-23,928.30000000,938.94000000,927.60000000,934.66000000,0.43411919,0.36099619,0.50755963,-1.14633572,2.53861682,2.11666659,2.58475925,1.95076431,908.87750000,2.83674092,0.27665100,904.56140000,3.32742476,0.42075532,905.27590000,3.24587234,0.42359063,77.70875642,27.70875642,-0.09017279,71.82539683,69.44444444,90.87301587,77.38095238,64.68253968,21.82539683,81.34920635,69.44444444,92.06349206,85.71428571,84.92063492,65.87301587,70.63492063,71.42857143,90.47619048,49.20634921
2025-09-24,933.79000000,937.16000000,931.69000000,935.40000000,0.07917318,-0.35494601,0.51363607,0.80078918,2.25074059,0.77543804,3.36939585,3.71409432,910.26250000,2.76156603,-0.07517489,905.22720000,3.33317426,0.00574950,905.48580000,3.30366307,0.05779074,74.27271474,24.27271474,-3.43604168,51.19047619,69.84126984,85.71428571,84.92063492,33.73015873,71.82539683,64.68253968,80.15873016,90.87301587,85.71428571,86.11111111,46.03174603,49.20634921,50.39682540,87.69841270,26.58730159
2025-09-25,934.15000000,937.93000000,931.33000000,934.36000000,-0.11118238,-0.19035556,-0.03209723,-0.53965686,0.11357548,-2.93037801,2.93709375,3.18874487,911.80750000,2.47338391,-0.28818212,905.62500000,3.17294686,-0.16022740,905.67690000,3.16703451,-0.13662856,74.75714682,24.75714682,0.48443208,42.46031746,46.42857143,48.41269841,79.76190476,42.46031746,36.11111111,10.71428571,76.58730159,88.09523810,83.33333333,84.92063492,34.12698413,38.88888889,40.87301587,88.49206349,54.76190476
2025-09-26,936.86000000,939.04000000,933.33000000,938.35000000,0.42703027,0.53821265,0.31537310,-0.19826297,0.90435942,-1.41165242,3.86182011,4.51609046,913.89400000,2.67602151,0.20263760,906.15500000,3.55292417,0.37997731,905.89655000,3.58246756,0.41543304,74.03283369,24.03283369,-0.72431313,72.22222222,61.90476190,66.26984127,89.28571429,71.03174603,45.23809524,28.57142857,84.52380952,89.68253968,88.09523810,89.68253968,58.73015873,68.65079365,71.82539683,86.90476190,43.65079365
2025-09-29,940.46000000,943.40000000,938.56000000,941.73000000,0.36020675,-0.06682352,0.78877520,0.82087244,1.19382777,-0.05626743,5.03111686,5.63418096,916.16750000,2.79015573,0.11413422,906.82120000,3.84957917,0.29665500,906.13745000,3.92794162,0.34547406,74.16927009,24.16927009,0.13643640,68.65079365,78.57142857,72.61904762,92.06349206,48.41269841,73.41269841,53.17460317,88.09523810,91.26984127,90.87301587,95.23809524,54.36507937,62.69841270,68.65079365,86.90476190,52.38095238
2025-09-30,939.28000000,943.45000000,937.07000000,942.78000000,0.11149693,-0.24870982,0.47210529,0.15673219,0.86876511,-1.66985170,5.19045813,3.90326340,919.11200000,2.57509422,-0.21506151,907.65300000,3.87009132,0.02051216,906.39395000,4.01437476,0.08643315,81.60514627,31.60514627,7.43587618,52.77777778,66.66666667,65.47619048,92.46031746,38.88888889,54.76190476,26.19047619,80.15873016,88.49206349,90.87301587,96.42857143,38.88888889,49.60317460,51.19047619,92.85714286,89.68253968
2025-10-01,939.20000000,949.11000000,936.80000000,948.18000000,0.57277414,0.46127721,0.68490969,-0.10386552,1.36626042,-0.88448017,7.27352951,7.82036495,922.10750000,2.82749029,0.25239607,908.45360000,4.37296963,0.50287830,906.68655000,4.57638310,0.56200833,81.93169851,31.93169851,0.32655224,78.17460317,75.79365079,76.19047619,96.03174603,69.44444444,48.01587302,39.28571429,92.85714286,91.66666667,94.04761905,98.41269841,64.68253968,75.39682540,78.57142857,92.85714286,53.57142857
2025-10-02,955.37000000,963.46000000,955.37000000,958.94000000,1.13480563,0.56203149,1.71407964,1.24197435,2.63067768,2.51710220,7.95591431,7.82063750,925.04500000,3.66414607,0.83665578,909.36540000,5.45155996,1.07859033,907.01795000,5.72447877,1.14809568,83.78560821,33.78560821,1.85390970,94.44444444,92.46031746,92.06349206,96.03174603,72.61904762,80.55555556,86.90476190,92.85714286,95.23809524,100.00000000,100.00000000,88.49206349,93.65079365,94.44444444,93.25396825,62.69841270
2025-10-03,960.35000000,961.92000000,958.75000000,961.51000000,0.26800425,-0.86680137,1.40585121,0.72094152,2.46816220,1.56380278,6.81189527,4.97238309,928.18650000,3.59017288,-0.07397319,910.48820000,5.60378487,0.15222491,907.43135000,5.95953071,0.23505194,81.91265060,31.91265060,-1.87295761,60.31746032,90.07936508,89.68253968,94.84126984,19.44444444,70.63492063,75.39682540,84.92063492,94.84126984,100.00000000,100.00000000,46.42857143,53.57142857,58.33333333,92.06349206,36.90476190
2025-10-06,963.45000000,968.73000000,961.67000000,966.94000000,0.56473672,0.29673246,0.83425449,-0.87982515,2.67698810,1.48316033,7.59558464,6.90427585,931.29950000,3.82696437,0.23679149,911.66620000,6.06294277,0.45915790,907.88885000,6.50422681,0.54469610,93.14855185,43.14855185,11.23590125,76.98412698,79.36507937,92.06349206,95.63492063,62.30158730,25.39682540,75.00000000,89.68253968,95.63492063,100.00000000,100.00000000,62.69841270,72.22222222,76.19047619,96.03174603,96.82539683
2025-10-07,967.40000000,968.62000000,959.92000000,960.71000000,-0.64430058,-1.20903729,-0.08320246,-1.48905367,1.90182227,1.03305716,6.19335013,4.69900442,933.95050000,2.86519468,-0.96176969,912.68060000,5.26245436,-0.80048842,908.33130000,5.76647529,-0.73775152,84.17212627,34.17212627,-8.97642559,15.87301587,42.85714286,81.34920635,93.25396825,12.69841270,14.28571429,69.84126984,83.73015873,91.26984127,98.80952381,99.20634921,6.74603175,11.50793651,13.88888889,92.85714286,7.53968254
2025-10-08,954.33000000,961.53000000,954.33000000,960.62000000,-0.00936807,0.63493251,-0.65360829,-1.48786278,1.31198718,-0.05427325,5.83128601,4.31472802,936.90600000,2.53109704,-0.33409764,913.70480000,5.13461240,-0.12784195,908.75310000,5.70747984,-0.05899545,78.01476620,28.01476620,-6.15736006,47.22222222,21.03174603,73.01587302,91.26984127,75.39682540,14.68253968,51.98412698,80.95238095,85.31746032,98.41269841,98.41269841,29.76190476,40.47619048,44.84126984,88.49206349,13.49206349
2025-10-09,960.92000000,964.49000000,957.46000000,958.40000000,-0.23110075,-0.22173268,-0.24044717,-0.15724471,-0.05631218,-2.68698986,6.31052346,5.59552753,939.53950000,2.00741959,-0.52367744,914.83160000,4.76245027,-0.37216213,909.14660000,5.41754212,-0.28993772,79.88240235,29.88240235,1.86763615,34.12698413,37.69841270,44.04761905,93.25396825,40.47619048,46.42857143,13.09523810,86.50793651,80.95238095,94.84126984,98.01587302,22.61904762,28.17460317,33.33333333,89.68253968,63.09523810
2025-10-10,956.55000000,958.66000000,940.14000000,940.46000000,-1.87186978,-1.64076904,-2.09864463,-1.44503634,-2.18926480,-4.65742700,3.83447606,3.21010793,941.11800000,-0.06991684,-2.07733644,915.94340000,2.67665011,-2.08580016,909.48990000,3.40521648,-2.01232564,57.58323058,7.58323058,-22.29917177,2.77777778,3.17460317,7.93650794,84.92063492,5.95238095,16.26984127,2.77777778,74.20634921,45.23809524,73.80952381,87.30158730,2.38095238,2.38095238,2.38095238,65.47619048,0.39682540
2025-10-13,947.60000000,952.46000000,946.05000000,951.83000000,1.20898284,3.08085262,-0.68551753,-0.44507036,-1.56266159,-4.23964969,4.72444410,3.55005579,942.75300000,0.96281847,1.03273531,917.20500000,3.77505574,1.09840563,909.85590000,4.61326898,1.20805250,61.88893505,11.88893505,4.30570447,94.44444444,19.84126984,17.06349206,88.49206349,98.80952381,38.88888889,3.17460317,76.19047619,66.66666667,86.50793651,96.03174603,91.66666667,93.65079365,94.44444444,68.25396825,74.20634921
2025-10-14,945.88000000,949.69000000,941.76000000,949.42000000,-0.25319647,-1.46217931,0.95272526,3.05136989,-1.17517253,-3.07699480,3.29550771,0.68769544,944.64800000,0.50516171,-0.45765676,918.45200000,3.37176031,-0.40329543,910.16715000,4.31270784,-0.30056114,59.48835950,9.48835950,-2.40057555,32.93650794,82.53968254,24.20634921,79.76190476,7.93650794,96.03174603,11.11111111,55.55555556,57.14285714,81.34920635,94.44444444,23.80952381,26.19047619,31.34920635,67.06349206,31.34920635
2025-10-15,956.82000000,957.67000000,951.61000000,955.21000000,0.60984601,0.86304249,0.35510543,1.04062296,-0.56317795,-1.87516512,4.79309286,3.16869908,946.66800000,0.90232267,0.39716096,919.87760000,3.84098928,0.46922897,910.52025000,4.90815553,0.59544769,63.25829836,13.25829836,3.76993886,80.95238095,60.71428571,34.52380952,88.49206349,82.53968254,76.19047619,24.60317460,73.01587302,66.26984127,87.30158730,97.22222222,71.42857143,73.01587302,80.15873016,69.84126984,71.42857143
2025-10-16,956.87000000,960.99000000,953.63000000,959.00000000,0.39677139,-0.21307462,1.00903710,0.05631183,0.06260434,0.11891652,4.83051125,3.40471160,947.95300000,1.16535313,0.26303046,921.20740000,4.10250721,0.26151793,910.85745000,5.28540992,0.37725439,63.16460538,13.16460538,-0.09369298,70.63492063,84.52380952,46.03174603,88.49206349,41.66666667,53.17460317,54.36507937,75.00000000,70.23809524,89.28571429,97.61904762,65.87301587,61.11111111,70.63492063,69.44444444,48.01587302
2025-10-17,945.29000000,959.72000000,941.88000000,955.86000000,-0.32742440,-0.72419579,0.06804786,-0.28705756,1.63749654,3.82676135,2.41722919,-0.27976352,949.24900000,0.69644530,-0.46890784,922.49740000,3.61655220,-0.48595501,911.16695000,4.90503414,-0.38037577,59.03568231,9.03568231,-4.12892307,29.76190476,48.80952381,78.17460317,70.23809524,23.41269841,43.25396825,94.04761905,49.60317460,61.50793651,84.12698413,96.42857143,23.01587302,23.01587302,27.38095238,65.47619048,23.41269841
2025-10-20,960.76000000,967.41000000,959.09000000,966.42000000,1.10476430,1.43218870,0.77372263,-0.23531447,1.53283675,3.09549834,3.92283373,1.45349387,951.03900000,1.61728383,0.92083854,923.94320000,4.59733888,0.98078669,911.55405000,6.01894644,1.11391229,63.47776511,13.47776511,4.44208280,93.25396825,76.58730159,76.19047619,85.31746032,92.46031746,44.04761905,90.47619048,59.92063492,75.00000000,92.46031746,99.60317460,88.88888889,91.26984127,93.65079365,69.84126984,75.39682540
2025-10-21,966.02000000,967.87000000,963.77000000,966.58000000,0.01655595,-1.08820835,1.12150315,1.05345529,1.80741927,2.98259180,3.86409061,1.92525697,952.63500000,1.46383452,-0.15344931,925.37260000,4.45306031,-0.14427857,911.90780000,5.99536488,-0.02358155,61.15692457,11.15692457,-2.32084054,48.41269841,86.50793651,80.15873016,84.12698413,15.87301587,76.98412698,88.88888889,64.28571429,72.61904762,91.26984127,99.20634921,43.25396825,39.28571429,47.61904762,66.26984127,31.74603175
2025-10-22,963.73000000,971.24000000,962.05000000,966.00000000,-0.06000538,-0.07656133,-0.04345937,-0.81718199,1.12959454,1.69277249,3.35309096,0.76833171,954.16500000,1.24035151,-0.22348301,926.69040000,4.24193452,-0.21112579,912.28630000,5.88781175,-0.10755313,54.88378528,4.88378528,-6.27313929,44.04761905,44.04761905,68.25396825,78.57142857,48.80952381,27.77777778,75.79365079,55.55555556,70.23809524,89.68253968,98.41269841,37.69841270,34.52380952,42.46031746,57.93650794,12.69841270
2025-10-23,971.21000000,974.97000000,967.50000000,973.92000000,0.81987578,0.87988116,0.75937843,-0.36212472,1.55578728,1.49318294,4.11802437,0.74862852,956.14300000,1.85924072,0.61888921,928.20200000,4.92543649,0.68350197,912.72950000,6.70412209,0.81631033,57.99304393,7.99304393,3.10925865,86.90476190,76.19047619,75.79365079,86.11111111,82.93650794,41.66666667,73.80952381,54.76190476,78.96825397,96.03174603,100.00000000,82.53968254,83.73015873,87.30158730,63.09523810,67.85714286
2025-10-24,976.58000000,979.11000000,975.24000000,978.97000000,0.51852308,-0.30135269,1.34265010,1.38610947,2.41771808,0.78022153,4.77439103,1.83729727,958.17400000,2.17037824,0.31113752,929.86600000,5.28076088,0.35532439,913.19945000,7.20221086,0.49808878,57.78640777,7.78640777,-0.20663616,75.00000000,88.88888889,88.09523810,87.69841270,36.11111111,83.33333333,64.28571429,63.49206349,81.74603175,98.80952381,100.00000000,69.04761905,67.06349206,75.00000000,62.30158730,46.42857143
2025-10-27,984.04000000,985.97000000,980.38000000,982.00000000,0.30950897,-0.20901411,0.82963693,0.07025850,1.61213551,0.07929876,4.65178238,0.78996227,960.18750000,2.27169173,0.10131349,931.56700000,5.41378130,0.13302041,913.63975000,7.48218869,0.27997782,64.37542201,14.37542201,6.58901425,62.69841270,78.57142857,76.58730159,86.50793651,41.66666667,53.57142857,52.38095238,55.15873016,82.93650794,98.80952381,100.00000000,53.17460317,51.98412698,60.71428571,70.23809524,84.92063492
2025-10-28,979.43000000,980.17000000,973.06000000,974.60000000,-0.75356415,-1.06307313,-0.44638753,-1.78903763,0.82972956,-0.97768970,3.49038472,-1.54073214,961.77850000,1.33310320,-0.93858852,933.02000000,4.45649611,-0.95728519,913.97445000,6.63317777,-0.84901092,58.59144543,8.59144543,-5.78397658,11.50793651,27.38095238,59.52380952,78.17460317,15.87301587,11.11111111,36.50793651,37.30158730,70.23809524,90.07936508,98.80952381,6.74603175,7.14285714,9.12698413,63.09523810,16.66666667
2025-10-29,973.78000000,982.72000000,973.77000000,975.35000000,0.07695465,0.83051880,-0.67718941,-1.50682634,0.96790890,-0.16168564,3.45467659,-1.73578153,963.13700000,1.26804390,-0.06505930,934.35120000,4.38794321,-0.06855290,914.28000000,6.67957300,0.04639523,60.60833646,10.60833646,2.01689103,49.60317460,18.65079365,64.28571429,77.77777778,80.15873016,12.69841270,48.80952381,36.50793651,69.04761905,89.28571429,98.80952381,46.42857143,42.46031746,48.01587302,65.47619048,63.09523810
2025-10-30,977.70000000,981.97000000,973.89000000,981.61000000,0.64182088,0.56486624,0.71926944,1.16565697,0.78959257,-0.76619470,3.52570187,-3.74782764,964.27050000,1.79819874,0.53015484,935.83280000,4.89160029,0.50365709,914.60050000,7.32664152,0.64706853,80.16419880,30.16419880,19.55586234,81.34920635,75.00000000,57.93650794,78.17460317,73.01587302,80.15873016,39.68253968,24.60317460,76.58730159,94.84126984,99.60317460,77.38095238,75.79365079,81.74603175,89.68253968,99.60317460
2025-10-31,979.02000000,979.57000000,970.87000000,971.46000000,-1.03401555,-1.67583643,-0.39883119,0.27835822,-0.76713280,-3.18485088,1.30560828,-6.65030603,964.76800000,0.69363826,-1.10456048,937.00360000,3.67729644,-1.21430386,914.88460000,6.18388374,-1.14275778,64.65144051,14.65144051,-15.51275828,5.15873016,29.36507937,29.76190476,58.73015873,5.15873016,61.11111111,9.52380952,9.92063492,57.14285714,81.34920635,97.22222222,5.55555556,5.15873016,5.15873016,70.23809524,1.19047619
2025-11-03,971.89000000,976.64000000,970.06000000,970.97000000,-0.05043954,0.98357600,-1.08393354,-1.80320298,-1.12321792,-2.73535343,0.98386912,-5.82802614,964.96950000,0.62183313,-0.07180514,938.20080000,3.49277042,-0.18452602,915.16720000,6.09755245,-0.08633129,66.55909021,16.55909021,1.90764970,43.25396825,10.31746032,22.61904762,56.34920635,84.92063492,10.71428571,13.09523810,12.30158730,55.15873016,77.77777778,96.82539683,46.42857143,35.31746032,42.06349206,72.22222222,63.49206349
2025-11-04,962.75000000,970.28000000,955.23000000,969.20000000,-0.18229193,-0.13185239,-0.23263953,0.16619166,-0.55407347,-1.38380303,0.23372702,-7.36185762,965.39400000,0.39424318,-0.22758995,939.48660000,3.16272739,-0.33004303,915.46765000,5.86938818,-0.22816427,61.45782146,11.45782146,-5.10126875,34.92063492,37.30158730,32.53968254,49.60317460,45.23809524,57.14285714,29.76190476,8.33333333,47.61904762,72.22222222,94.84126984,36.90476190,28.17460317,32.93650794,65.07936508,18.25396825
2025-11-05,961.82000000,973.58000000,961.19000000,970.89000000,0.17437061,0.35666255,-0.00823918,1.07569435,-0.45727175,-1.42518065,1.05963298,-5.13371716,965.90750000,0.51583614,0.12159296,940.75040000,3.20378285,0.04105547,915.81545000,6.01371706,0.14432889,60.08481764,10.08481764,-1.37300382,54.36507937,45.23809524,34.52380952,56.74603175,65.47619048,77.38095238,28.96825397,16.26984127,51.58730159,73.01587302,96.03174603,55.95238095,50.39682540,53.96825397,63.09523810,39.68253968
2025-11-06,968.77000000,970.41000000,959.42000000,961.06000000,-1.01247309,-1.18684371,-0.83986793,-0.60722840,-2.09349945,-2.88309203,0.04580375,-5.78548226,966.04050000,-0.51555810,-1.03139424,941.90240000,2.03392623,-1.16985662,916.14655000,4.90243073,-1.11128633,53.96099939,3.96099939,-6.12381825,5.95238095,16.26984127,8.33333333,47.61904762,13.09523810,33.33333333,12.30158730,12.30158730,28.17460317,64.28571429,90.87301587,6.34920635,5.55555556,5.55555556,51.98412698,14.28571429
2025-11-07,963.81000000,963.81000000,950.65000000,950.77000000,-1.07069278,-0.05821969,-2.07232539,-2.06408621,-2.12978404,-1.36265123,-0.79611853,-7.10664199,966.55600000,-1.63322146,-1.11766336,942.98540000,0.82552710,-1.20839914,916.40835000,3.74960027,-1.15283046,38.02967722,-11.97032278,-15.93132217,5.15873016,2.77777778,7.93650794,34.52380952,50.79365079,7.93650794,30.95238095,8.33333333,13.88888889,54.36507937,83.73015873,5.55555556,5.55555556,5.15873016,15.47619048,1.19047619
2025-11-10,964.38000000,966.05000000,959.26000000,961.08000000,1.08438424,2.15507701,0.00208104,0.84194897,-1.01856906,0.10464886,2.19254407,-1.64193198,967.01850000,-0.61410407,1.01911738,944.28180000,1.77893930,0.95341220,916.68905000,4.84253085,1.09293057,46.35858051,-3.64141949,8.32890329,92.85714286,45.23809524,25.39682540,64.68253968,97.22222222,73.41269841,54.36507937,36.50793651,26.19047619,62.30158730,90.47619048,91.26984127,91.26984127,92.85714286,34.52380952,91.26984127
2025-11-11,965.01000000,971.82000000,963.06000000,970.59000000,0.98951180,-0.09487244,2.08462615,4.15695154,0.14341725,0.69749072,1.97094019,-2.75350391,968.07700000,0.25958679,0.87369086,946.01580000,2.59765217,0.81871288,916.94700000,5.85017455,1.00764370,52.71758437,2.71758437,6.35900386,91.26984127,95.23809524,44.44444444,62.30158730,46.82539683,99.20634921,64.28571429,30.15873016,44.84126984,65.87301587,94.04761905,87.69841270,88.09523810,91.66666667,49.20634921,83.73015873
2025-11-12,971.24000000,972.46000000,967.62000000,968.51000000,-0.21430264,-1.20381444,0.77308861,0.77100757,-0.24513591,0.21213584,2.01070127,-1.28480644,968.74200000,-0.02394858,-0.28353537,947.62060000,2.20440543,-0.39324674,917.17985000,5.59651959,-0.25365495,46.55896196,-3.44103804,-6.15862241,32.53968254,75.39682540,38.09523810,62.30158730,12.69841270,71.03174603,57.14285714,38.49206349,39.28571429,64.68253968,92.46031746,34.12698413,26.19047619,32.14285714,34.12698413,13.88888889
2025-11-13,969.59000000,974.29000000,960.47000000,961.51000000,-0.72275970,-0.50845706,-0.93551345,-3.02013960,0.04682330,2.14032275,0.65954083,-4.13355202,968.86750000,-0.75939176,-0.73544318,948.84700000,1.33456711,-0.86983832,917.40605000,4.80746230,-0.78905729,39.16335650,-10.83664350,-7.39560546,12.69841270,12.30158730,41.66666667,51.98412698,26.58730159,1.58730159,81.34920635,20.23809524,23.80952381,58.33333333,88.88888889,12.30158730,9.52380952,10.71428571,17.06349206,11.11111111
2025-11-14,952.35000000,952.58000000,939.96000000,951.92000000,-0.99738952,-0.27462982,-1.71294050,-2.48602910,0.12095459,2.25073863,-0.73826903,-5.56878028,968.67050000,-1.72922578,-0.96983401,949.91180000,0.21140910,-1.12315801,917.56830000,3.74377580,-1.06368650,32.73645546,-17.26354454,-6.42690104,5.95238095,4.76190476,43.25396825,32.93650794,37.30158730,5.15873016,82.53968254,12.69841270,9.92063492,42.46031746,81.74603175,6.74603175,5.95238095,5.95238095,7.53968254,13.49206349
2025-11-17,952.18000000,952.84000000,943.04000000,945.37000000,-0.68808303,0.30930649,-1.67860969,-0.74309624,-1.63461939,-0.61605033,-1.09744105,-3.51467023,967.61800000,-2.29925446,-0.57002868,950.72560000,-0.56331711,-0.77472621,917.69790000,3.01538230,-0.72839351,33.05900081,-16.94099919,0.32254535,13.88888889,5.55555556,15.07936508,26.98412698,64.28571429,31.74603175,43.25396825,25.79365079,7.14285714,28.57142857,73.80952381,19.44444444,13.09523810,14.68253968,8.33333333,53.57142857
2025-11-18,935.16000000,935.93000000,927.09000000,930.88000000,-1.53273322,-0.84465018,-2.21026977,-0.49732927,-4.09132589,-4.23474315,-3.67749012,-7.60032385,965.83300000,-3.61894862,-1.31969416,951.18940000,-2.13515836,-1.57184125,917.72665000,1.43325357,-1.58212872,27.76722328,-22.23277672,-5.29177753,3.57142857,2.38095238,1.98412698,8.33333333,19.84126984,37.30158730,3.57142857,6.74603175,3.17460317,10.71428571,54.36507937,3.96825397,3.17460317,3.17460317,5.55555556,19.84126984
2025-11-19,931.12000000,939.77000000,928.00000000,933.34000000,0.26426607,1.79699929,-1.27251764,0.40609205,-3.63135125,-3.38621534,-3.43892901,-7.30301961,964.20000000,-3.20058079,0.41836783,951.82600000,-1.94216170,0.19299666,917.77285000,1.69618768,0.26293411,24.91425008,-25.08574992,-2.85297320,60.71428571,8.73015873,2.77777778,10.31746032,95.23809524,63.49206349,7.14285714,8.33333333,3.96825397,12.30158730,57.93650794,73.41269841,57.14285714,61.50793651,3.57142857,30.55555556
2025-11-20,944.34000000,945.45000000,934.93000000,934.93000000,0.17035593,-0.09391014,0.43507219,2.64534196,-2.76440183,-2.81122513,-3.21635611,-6.56944707,962.25050000,-2.83922949,0.36135130,952.41000000,-1.83534402,0.10681768,917.78885000,1.86765725,0.17146957,29.16143754,-20.83856246,4.24718746,54.76190476,62.69841270,3.96825397,11.50793651,48.01587302,94.44444444,13.88888889,9.92063492,5.55555556,14.68253968,59.12698413,73.01587302,52.38095238,55.55555556,6.74603175,73.80952381
2025-11-21,919.19000000,927.95000000,916.79000000,926.69000000,-0.88134941,-1.05170533,-0.71249491,0.56002273,-2.65043281,-2.77138740,-4.84947429,-8.96749866,959.63650000,-3.43322706,-0.59399757,952.76600000,-2.73687348,-0.90152946,917.72770000,0.97657508,-0.89108217,26.79245283,-23.20754717,-2.36898471,7.93650794,19.44444444,4.76190476,5.15873016,15.47619048,68.25396825,14.68253968,5.95238095,3.57142857,7.14285714,45.63492063,19.84126984,9.92063492,7.53968254,4.76190476,32.93650794
2025-11-24,932.02000000,932.33000000,923.56000000,926.92000000,0.02481952,0.90616892,-0.85674863,-1.29182082,-1.95161683,-0.31699744,-5.31681257,-10.09120360,956.88250000,-3.13126220,0.30196486,952.92180000,-2.72863943,0.00823405,917.64925000,1.01027163,0.03369655,27.47709354,-22.52290646,0.68464071,48.41269841,16.66666667,11.50793651,4.36507937,84.52380952,18.25396825,47.61904762,5.15873016,4.76190476,7.53968254,46.03174603,69.44444444,49.20634921,48.41269841,6.34920635,56.74603175
2025-11-25,930.17000000,934.37000000,924.20000000,932.76000000,0.63004359,0.60522407,0.65501948,1.36751439,0.20195944,4.29328533,-5.01425662,-9.66603900,954.79050000,-2.30736481,0.82389739,953.34660000,-2.15940352,0.56923592,917.58015000,1.65433505,0.64406342,30.54790328,-19.45209672,3.07080973,81.34920635,71.03174603,47.22222222,5.15873016,75.79365079,83.73015873,95.23809524,5.55555556,9.12698413,10.71428571,55.95238095,87.69841270,78.96825397,81.74603175,8.33333333,67.46031746
2025-11-26,936.69000000,943.98000000,932.51000000,943.68000000,1.17071916,0.54067557,1.80813878,2.66488742,1.10784923,4.73920048,-3.17258362,-6.66296834,953.20700000,-0.99946811,1.30789670,953.92400000,-1.07388010,1.08552342,917.56550000,2.84606385,1.19172880,41.23107972,-8.76892028,10.68317644,94.84126984,94.04761905,68.25396825,13.09523810,73.01587302,94.44444444,96.82539683,10.71428571,21.03174603,23.01587302,70.63492063,96.03174603,94.44444444,94.84126984,25.00000000,95.23809524
2025-11-27,940.28000000,941.81000000,937.33000000,939.83000000,-0.40797728,-1.57869644,0.75796561,0.10294613,0.52410341,3.28850524,-3.64176962,-7.09644622,951.11800000,-1.18681383,-0.18734572,954.05460000,-1.49096289,-0.41708279,917.52195000,2.43133693,-0.41472692,44.09669760,-5.90330240,2.86561789,25.00000000,75.39682540,53.17460317,10.31746032,5.95238095,54.76190476,90.07936508,10.31746032,19.44444444,17.85714286,65.87301587,42.06349206,26.19047619,24.60317460,28.96825397,66.26984127
2025-11-28,941.06000000,945.09000000,938.68000000,943.37000000,0.37666386,0.78464115,-0.03285012,-1.84098890,1.79995468,4.45038749,-3.89564083,-7.42134271,949.71350000,-0.66793828,0.51887556,954.32320000,-1.14774533,0.34321755,917.50350000,2.81922630,0.38788937,39.69030155,-10.30969845,-4.40639606,69.44444444,44.04761905,79.76190476,9.12698413,80.95238095,9.92063492,95.63492063,8.33333333,26.58730159,22.22222222,69.84126984,77.77777778,66.66666667,71.03174603,20.63492063,24.60317460
2025-12-01,940.67000000,948.56000000,940.61000000,947.64000000,0.45263258,0.07596872,0.83100135,0.07303574,2.23536012,4.18697694,-2.45197949,-3.75758777,948.54700000,-0.09561993,0.57231835,954.66360000,-0.73571465,0.41203068,917.53030000,3.28160280,0.46237650,35.77185369,-14.22814631,-3.91844786,73.41269841,79.76190476,83.73015873,18.25396825,55.55555556,53.96825397,93.65079365,27.38095238,40.07936508,27.77777778,76.19047619,80.95238095,71.82539683,74.20634921,13.88888889,26.19047619
2025-12-02,947.66000000,949.47000000,944.84000000,944.84000000,-0.29547085,-0.74810344,0.15582433,0.18867445,1.29508126,1.09312183,-2.69112331,-3.67499243,947.32900000,-0.26273871,-0.16711878,954.86720000,-1.05011461,-0.31439996,917.56160000,2.97292302,-0.30867978,35.45532752,-14.54467248,-0.31652617,30.55555556,51.98412698,71.82539683,16.26984127,22.61904762,58.33333333,70.23809524,28.96825397,35.31746032,24.60317460,72.61904762,43.65079365,30.15873016,30.55555556,13.49206349,46.42857143
2025-12-03,950.02000000,953.32000000,944.30000000,949.64000000,0.50802252,0.80349338,0.21105061,-0.61995074,0.63157002,-0.47627921,-2.01815931,-2.25188632,946.26650000,0.35650633,0.61924504,955.15200000,-0.57708093,0.47303369,917.62190000,3.48924759,0.51632457,42.50347354,-7.49652646,7.04814602,75.00000000,55.95238095,55.55555556,21.42857143,80.95238095,32.93650794,45.63492063,37.69841270,50.00000000,29.76190476,78.57142857,83.33333333,74.20634921,75.39682540,28.17460317,87.69841270
2025-12-04,953.04000000,953.74000000,947.77000000,947.77000000,-0.19691673,-0.70493925,0.31010541,0.15428108,0.84483364,0.32073023,-2.38132023,-3.44095321,945.60200000,0.22927193,-0.12723440,955.42020000,-0.80071575,-0.22363482,917.68865000,3.27794726,-0.21130032,47.09587124,-2.90412876,4.59239770,34.52380952,58.73015873,61.90476190,19.44444444,24.60317460,55.95238095,58.73015873,30.55555556,47.22222222,26.98412698,75.39682540,44.44444444,34.52380952,35.31746032,39.28571429,75.39682540
2025-12-05,948.78000000,951.60000000,947.05000000,947.50000000,-0.02848792,0.16842880,-0.22534855,-0.43639916,0.43779217,-1.36216251,-1.41094208,-1.45674584,945.43850000,0.21804697,-0.01122496,955.60320000,-0.84796702,-0.04725127,917.77725000,3.23855816,-0.03938911,51.63418751,1.63418751,4.53831627,45.23809524,39.28571429,51.58730159,27.77777778,59.12698413,39.28571429,32.53968254,42.85714286,47.22222222,26.19047619,73.80952381,51.19047619,45.63492063,45.63492063,48.80952381,75.39682540
2025-12-08,948.02000000,950.45000000,943.94000000,945.12000000,-0.25118734,-0.22269941,-0.27960370,-0.58970912,-0.26592377,-2.50128389,-0.59425518,0.20186335,944.64050000,0.05076005,-0.16728692,955.67100000,-1.10404104,-0.25607401,917.84240000,2.97192634,-0.26663182,63.41877120,13.41877120,11.78458369,32.53968254,36.50793651,38.49206349,39.28571429,40.07936508,35.31746032,19.84126984,53.17460317,45.23809524,23.41269841,71.03174603,42.85714286,33.33333333,32.53968254,70.23809524,98.01587302
2025-12-09,945.41000000,949.55000000,943.28000000,947.08000000,0.20738107,0.45856841,-0.04432718,0.18102138,0.23707718,-1.05800409,-1.45669455,-3.64923863,943.46500000,0.38316207,0.33240202,955.75700000,-0.90786675,0.19617429,917.94825000,3.17357215,0.20164581,63.07077626,13.07077626,-0.34799495,57.53968254,44.44444444,49.20634921,27.38095238,69.44444444,58.33333333,37.69841270,29.36507937,51.58730159,26.58730159,73.41269841,70.23809524,58.73015873,57.53968254,69.44444444,45.63492063
2025-12-10,947.14000000,948.87000000,942.37000000,943.74000000,-0.35266292,-0.56004400,-0.14601320,0.13359050,-0.62128807,-1.25285809,-2.76635861,-4.73729880,942.22650000,0.16063017,-0.22253190,955.66820000,-1.24815286,-0.34028611,918.05735000,2.79749952,-0.37607262,58.11084515,8.11084515,-4.95993111,28.57142857,42.46031746,32.93650794,15.47619048,26.58730159,55.15873016,33.33333333,21.82539683,47.22222222,21.42857143,65.87301587,38.09523810,29.76190476,27.77777778,63.09523810,20.63492063
2025-12-11,941.50000000,949.17000000,937.30000000,947.02000000,0.34755335,0.70021627,-0.00633526,0.03799191,-0.07913312,-0.92396676,-2.21887229,-4.22957356,941.50200000,0.58608479,0.42545462,955.42980000,-0.88021119,0.36794167,918.14040000,3.14544486,0.34794533,70.59777102,20.59777102,12.48692588,65.87301587,46.82539683,41.26984127,21.03174603,76.98412698,51.98412698,39.68253968,24.20634921,58.33333333,27.38095238,72.22222222,73.01587302,68.65079365,67.46031746,79.76190476,98.01587302
2025-12-12,949.93000000,951.02000000,939.25000000,939.59000000,-0.78456632,-1.13211968,-0.43973976,-0.29372655,-0.83482850,-1.27262067,-2.27974748,-2.93928831,940.88550000,-0.13768944,-0.72377423,954.99140000,-1.61272656,-0.73251538,918.26810000,2.32196893,-0.82347593,61.20247569,11.20247569,-9.39529534,11.50793651,29.36507937,28.96825397,21.03174603,13.88888889,42.06349206,33.33333333,34.12698413,39.28571429,17.06349206,59.92063492,13.88888889,15.87301587,10.71428571,67.46031746,7.53968254
2025-12-15,942.29000000,946.93000000,942.13000000,945.77000000,0.65773369,1.44230002,-0.13199299,-0.12565773,0.06877434,0.33469810,-0.64606269,0.09220634,940.90550000,0.51700197,0.65469142,954.56800000,-0.92167347,0.69105310,918.44940000,2.97464400,0.65267507,61.43434699,11.43434699,0.23187130,82.14285714,42.46031746,43.65079365,39.68253968,93.25396825,47.22222222,58.73015873,53.96825397,57.14285714,27.38095238,70.63492063,84.12698413,84.52380952,82.14285714,68.25396825,53.17460317
2025-12-16,942.45000000,944.15000000,933.14000000,935.14000000,-1.12395191,-1.78168560,-0.47361083,-0.03387107,-1.26071715,-1.49779433,-1.08211600,0.01532505,941.11850000,-0.63525475,-1.15225673,954.05660000,-1.98275448,-1.06108101,918.57150000,1.80372459,-1.17091942,42.45583039,-7.54416961,-18.97851660,4.76190476,27.77777778,22.61904762,32.53968254,4.36507937,51.19047619,29.76190476,53.57142857,26.98412698,13.09523810,52.38095238,4.76190476,7.14285714,4.76190476,27.77777778,0.79365079
2025-12-17,940.22000000,942.70000000,929.60000000,929.60000000,-0.59242466,0.53152725,-1.70971801,-1.57772502,-1.49829402,-0.87700595,-0.13750430,3.53998582,940.93150000,-1.20428533,-0.56903058,953.43620000,-2.50003094,-0.51727646,918.66280000,1.19055653,-0.61316805,41.22490993,-8.77509007,-1.23092046,19.04761905,5.55555556,18.65079365,48.41269841,71.42857143,13.09523810,40.87301587,80.95238095,19.04761905,9.12698413,44.84126984,21.03174603,23.41269841,19.04761905,26.19047619,41.26984127
2025-12-18,932.02000000,940.05000000,930.32000000,940.05000000,1.12413941,1.71656408,0.52505507,0.99866590,-0.73599290,-0.65685978,0.71892344,4.15785244,941.18750000,-0.12085796,1.08342737,953.06920000,-1.36602883,1.13400212,918.85035000,2.30719290,1.11663636,47.45398773,-2.54601227,6.22907780,93.65079365,67.46031746,31.74603175,58.73015873,94.84126984,76.58730159,43.25396825,84.52380952,40.47619048,20.63492063,59.12698413,93.65079365,95.23809524,94.04761905,40.47619048,82.14285714
2025-12-19,939.46000000,946.08000000,937.48000000,944.59000000,0.48295303,-0.64118638,1.61252151,3.32223952,0.53214700,1.36697550,1.03323243,4.24958854,942.08250000,0.26616565,0.38702361,953.15180000,-0.89826196,0.46776687,919.12485000,2.77058661,0.46339371,47.67068887,-2.32931113,0.21670114,73.41269841,90.87301587,53.57142857,60.31746032,25.79365079,98.41269841,73.41269841,84.92063492,50.39682540,28.57142857,64.28571429,70.63492063,72.22222222,73.01587302,40.47619048,52.77777778
2025-12-22,944.44000000,946.67000000,941.44000000,942.70000000,-0.20008681,-0.68303984,0.28189990,-0.24315517,-0.32460323,-0.39337757,1.72765434,6.57712863,942.87150000,-0.01818912,-0.28435477,952.96920000,-1.07760041,-0.17933845,919.34215000,2.54071349,-0.22987312,48.34262701,-1.65737299,0.67193815,34.12698413,55.95238095,37.30158730,63.88888889,25.39682540,43.25396825,46.03174603,91.26984127,44.04761905,25.79365079,61.90476190,33.33333333,37.69841270,34.12698413,42.06349206,55.95238095
2025-12-23,941.59000000,944.54000000,939.98000000,942.26000000,-0.04667445,0.15341236,-0.24666787,-1.85918938,0.76138332,2.02210047,1.65494325,6.97175582,943.34650000,-0.11517507,-0.09698595,952.82600000,-1.10891181,-0.03131140,919.56360000,2.46817077,-0.07254272,43.87043189,-6.12956811,-4.47219512,43.65079365,36.50793651,59.12698413,63.49206349,57.93650794,9.52380952,78.57142857,92.06349206,39.68253968,25.00000000,61.50793651,45.23809524,46.03174603,43.25396825,28.96825397,23.01587302
2025-12-24,941.92000000,943.66000000,940.53000000,941.37000000,-0.09445376,-0.04777931,-0.14108412,-0.42298402,1.26613597,2.76442999,0.92306703,5.93732365,943.23100000,-0.19730056,-0.08212548,952.54920000,-1.17360867,-0.06469686,919.74230000,2.35149563,-0.11667514,44.59642013,-5.40357987,0.72598823,41.66666667,42.06349206,71.42857143,58.73015873,53.17460317,39.28571429,86.50793651,90.07936508,36.50793651,23.41269841,59.12698413,45.63492063,43.65079365,40.47619048,30.55555556,57.14285714
2025-12-29,945.02000000,948.43000000,941.95000000,946.16000000,0.50883287,0.60328663,0.41389850,0.66056637,0.64996543,1.38595833,0.26280095,3.43538457,943.54750000,0.27688060,0.47418116,952.29240000,-0.64396188,0.52964679,919.90335000,2.85428355,0.50278792,48.94885472,-1.05114528,4.35243459,74.60317460,61.50793651,55.55555556,53.17460317,75.00000000,69.44444444,73.01587302,78.57142857,50.39682540,32.93650794,67.85714286,75.00000000,77.77777778,74.60317460,43.65079365,73.80952381
2025-12-30,946.15000000,952.99000000,946.01000000,951.27000000,0.54007779,0.03124492,1.05165875,1.19274287,0.70718513,0.17503813,1.21724142,4.85901104,943.94250000,0.77626550,0.49938490,952.20060000,-0.09773151,0.54623037,920.08985000,3.38881578,0.53453223,54.62614713,4.62614713,5.67729241,75.79365079,84.52380952,57.14285714,60.31746032,53.96825397,82.14285714,55.55555556,86.90476190,64.28571429,41.26984127,76.58730159,76.58730159,78.57142857,75.79365079,56.34920635,80.55555556
2025-12-31,949.77000000,951.29000000,946.48000000,951.29000000,0.00210245,-0.53797534,0.54219160,0.12829310,0.91121247,1.23581571,0.83954334,4.73518417,944.12500000,0.75890375,-0.01736176,951.89800000,-0.06387239,0.03385912,920.23255000,3.37495669,-0.01385909,53.26204866,3.26204866,-1.36409847,47.22222222,67.85714286,64.68253968,56.74603175,27.38095238,55.15873016,70.63492063,86.50793651,63.49206349,42.06349206,76.19047619,50.39682540,50.79365079,47.61904762,53.17460317,39.68253968
2026-01-02,953.36000000,969.90000000,952.72000000,967.59000000,1.71346277,1.71136032,1.71560125,0.66394250,2.68821769,1.92683437,2.10522983,4.55720933,945.26250000,2.36204229,1.60313854,951.91820000,1.64633894,1.71021133,920.47420000,5.11864428,1.74368759,65.38908246,15.38908246,12.12703380,97.22222222,92.46031746,92.06349206,65.87301587,94.44444444,69.84126984,78.96825397,84.52380952,83.73015873,59.92063492,91.26984127,97.22222222,97.22222222,97.22222222,74.20634921,97.61904762
2026-01-05,977.64000000,985.77000000,973.62000000,985.12000000,1.81171777,0.09825500,3.55622365,3.01403206,4.64748186,3.38134589,4.26315567,6.95427898,947.03650000,4.02133392,1.65929163,952.30060000,3.44632777,1.79998883,920.82565000,6.98225011,1.86360583,70.76520602,20.76520602,5.37612355,97.61904762,99.60317460,99.20634921,85.31746032,56.34920635,95.63492063,90.47619048,91.26984127,95.63492063,77.38095238,98.80952381,97.22222222,97.22222222,97.61904762,80.95238095,78.17460317
2026-01-06,987.22000000,992.77000000,981.96000000,991.67000000,0.66489362,-1.14682416,2.48865739,0.77305614,4.80996872,4.16000329,4.42588770,6.44404701,949.23150000,4.47082719,0.44949327,952.65560000,4.09533099,0.64900322,921.20565000,7.64914436,0.66689424,78.65947612,28.65947612,7.89427010,82.14285714,98.01587302,99.60317460,85.71428571,13.09523810,71.82539683,93.25396825,90.07936508,96.03174603,85.31746032,100.00000000,73.01587302,82.14285714,82.53968254,89.28571429,90.07936508
2026-01-07,986.26000000,987.26000000,978.41000000,979.15000000,-1.26251676,-1.92741038,-0.60601754,-4.16224120,2.93081880,2.22363367,3.31092987,5.69225010,950.81400000,2.98018330,-1.49064389,952.65920000,2.78072158,-1.31460940,921.49640000,6.25651929,-1.39262507,67.17078189,17.17078189,-11.48869422,4.36507937,22.61904762,94.04761905,76.19047619,3.57142857,1.19047619,82.14285714,88.88888889,90.87301587,66.66666667,96.42857143,3.17460317,3.96825397,3.96825397,76.98412698,5.55555556
2026-01-08,973.37000000,975.36000000,964.57000000,965.03000000,-1.44206710,-0.17955033,-2.68637752,-5.17503491,1.44435451,0.53314203,1.85013193,3.26107401,951.80950000,1.38898593,-1.59119737,952.31980000,1.33465670,-1.44606489,921.73610000,4.69699516,-1.55952413,64.84258616,14.84258616,-2.32819574,3.57142857,1.58730159,73.80952381,63.09523810,44.04761905,0.79365079,62.69841270,75.00000000,72.22222222,57.53968254,86.11111111,3.17460317,3.57142857,3.57142857,72.61904762,32.53968254
2026-01-09,970.99000000,989.26000000,970.96000000,988.17000000,2.39785292,3.83992002,0.92120717,1.52722471,2.12693393,-0.56128376,4.55497715,5.14923233,953.86400000,3.59652948,2.20754356,952.59120000,3.73494947,2.40029277,922.10355000,7.16475389,2.46775873,74.75695325,24.75695325,9.91436709,98.80952381,80.55555556,82.14285714,85.71428571,99.20634921,86.11111111,42.46031746,86.50793651,93.65079365,81.34920635,98.41269841,98.01587302,99.20634921,99.20634921,85.71428571,92.85714286
2026-01-12,991.08000000,993.56000000,985.26000000,993.54000000,0.54342876,-1.85442415,2.95431230,5.64068983,0.85471821,-3.79276365,4.90560460,6.36229915,956.35400000,3.88830914,0.29177966,952.95500000,4.25885797,0.52390850,922.53395000,7.69684953,0.53209564,73.62423814,23.62423814,-1.13271511,75.00000000,99.20634921,61.11111111,88.49206349,3.96825397,99.60317460,5.15873016,89.68253968,94.84126984,87.30158730,100.00000000,65.87301587,76.58730159,74.60317460,82.93650794,40.87301587
2026-01-13,995.65000000,999.45000000,993.97000000,997.17000000,0.36536023,-0.17806854,0.91077446,-0.01043271,0.55461998,-4.25534873,5.66151694,8.42787555,958.86150000,3.99520682,0.10689767,953.26620000,4.60561803,0.34676006,923.02580000,8.03273321,0.33588368,73.41050757,23.41050757,-0.21373057,67.06349206,79.36507937,52.38095238,90.47619048,44.84126984,50.39682540,3.17460317,93.65079365,94.84126984,90.87301587,100.00000000,53.57142857,65.87301587,65.07936508,82.14285714,46.42857143
2026-01-14,996.78000000,997.74000000,993.11000000,996.75000000,-0.04211920,-0.40747942,0.32308714,-2.63122516,1.79747740,-1.13334140,5.25120906,7.47008134,961.71950000,3.64248619,-0.35272062,953.77200000,4.50610838,-0.09950965,923.48335000,7.93372723,-0.09900598,74.38419201,24.38419201,0.97368444,43.25396825,57.53968254,78.17460317,89.28571429,30.95238095,4.76190476,34.12698413,91.66666667,92.85714286,89.68253968,99.60317460,28.57142857,41.26984127,41.26984127,84.52380952,59.52380952
2026-01-15,1007.68000000,1012.65000000,1003.93000000,1011.01000000,1.43064961,1.47276881,1.38792784,0.47715337,4.76461872,3.32026421,7.60118775,9.88093523,964.98150000,4.76988419,1.12739800,954.57280000,5.91229920,1.40619082,924.03080000,9.41301957,1.47929234,77.57721621,27.57721621,3.19302420,95.23809524,88.88888889,99.20634921,95.63492063,92.46031746,65.47619048,89.28571429,93.65079365,97.61904762,99.60317460,100.00000000,93.65079365,95.23809524,95.63492063,87.30158730,69.04761905
2026-01-16,1010.63000000,1013.79000000,1007.17000000,1010.21000000,-0.07912879,-1.50977840,1.35038876,1.02730162,2.23038546,0.10345153,6.81349588,7.45955858,968.73500000,4.28135661,-0.48852757,955.39300000,5.73763886,-0.17466034,924.69475000,9.24794371,-0.16507585,77.63326911,27.63326911,0.05605290,41.66666667,88.09523810,82.53968254,94.04761905,7.53968254,76.98412698,52.77777778,90.87301587,94.84126984,99.20634921,99.60317460,23.80952381,36.90476190,36.50793651,87.69841270,52.38095238
2026-01-19,997.70000000,1002.94000000,992.40000000,992.73000000,-1.73033330,-1.65120451,-1.80809290,-3.19602073,-0.08152666,-0.93624487,6.15843617,7.24055217,971.89150000,2.14411794,-2.13723868,955.82980000,3.86054086,-1.87709799,925.45195000,7.26975074,-1.97819297,66.96539162,16.96539162,-10.66787749,3.17460317,4.76190476,38.88888889,91.66666667,5.95238095,2.38095238,38.49206349,90.47619048,78.96825397,81.34920635,96.82539683,1.98412698,2.38095238,2.38095238,75.39682540,6.34920635
2026-01-20,989.55000000,991.88000000,982.50000000,991.17000000,-0.15714243,1.57319087,-1.88475663,-3.23514540,-0.60170282,-1.15632280,6.62327883,6.76078313,974.44750000,1.71610066,-0.42801728,956.43200000,3.63204075,-0.22850011,926.40150000,6.99140707,-0.27834367,64.92146597,14.92146597,-2.04392565,36.11111111,4.76190476,32.14285714,93.25396825,92.85714286,2.38095238,34.12698413,88.49206349,75.39682540,77.77777778,95.63492063,26.58730159,33.73015873,31.74603175,71.82539683,35.31746032
2026-01-21,991.44000000,996.09000000,984.21000000,993.94000000,0.27946770,0.43661013,0.12188611,1.92997901,-0.28191623,-2.07939363,5.73267379,5.01375036,976.91500000,1.74273094,0.02663028,957.29540000,3.82793023,0.19588948,927.25175000,7.19203280,0.20062573,65.62843532,15.62843532,0.70696936,61.50793651,49.20634921,36.90476190,88.88888889,68.25396825,88.88888889,23.41269841,82.93650794,75.79365079,80.15873016,96.03174603,51.19047619,57.93650794,56.74603175,73.01587302,57.93650794
2026-01-22,1004.30000000,1007.28000000,999.88000000,1000.22000000,0.63182888,0.35236118,0.91306234,2.79781898,-1.06724958,-5.83186830,5.88932764,4.85609521,979.79100000,2.08503650,0.34230556,958.07820000,4.39857623,0.57064600,928.27060000,7.75090798,0.55887518,62.90437396,12.90437396,-2.72406136,81.34920635,79.76190476,23.41269841,89.68253968,65.07936508,94.44444444,1.98412698,81.74603175,78.96825397,87.30158730,98.41269841,69.44444444,79.36507937,77.38095238,67.85714286,29.36507937
2026-01-23,997.46000000,1001.12000000,993.37000000,1000.12000000,-0.00999780,-0.64182668,0.62176791,0.49988180,-0.99880223,-3.22918769,6.09101517,4.36336083,982.68400000,1.77432420,-0.31071230,958.66880000,4.32382904,-0.07474719,929.17500000,7.63526785,-0.11564013,56.88073394,6.88073394,-6.02364002,45.23809524,69.04761905,25.39682540,90.87301587,25.79365079,65.07936508,9.12698413,78.17460317,75.79365079,85.31746032,97.22222222,30.15873016,42.06349206,39.68253968,56.74603175,16.66666667
2026-01-26,1001.47000000,1002.99000000,995.61000000,998.74000000,-0.13798344,-0.12798564,-0.14796745,-1.06102979,0.60540127,0.68692793,5.99409929,4.33915604,985.55250000,1.33808194,-0.43624226,959.27340000,4.11421812,-0.20961093,930.07090000,7.38321132,-0.25205652,53.40460368,3.40460368,-3.47613027,37.30158730,39.68253968,53.96825397,89.68253968,46.82539683,22.22222222,64.68253968,77.38095238,69.44444444,82.93650794,96.42857143,25.00000000,34.52380952,32.14285714,51.58730159,26.19047619
2026-01-27,1003.62000000,1005.43000000,999.23000000,1001.68000000,0.29437091,0.43235435,0.15598128,-0.46578663,1.06036301,1.66206582,6.40662014,5.48355311,988.32850000,1.35091723,0.01283529,960.07680000,4.33332000,0.21910189,930.88285000,7.60537698,0.22216566,61.95225464,11.95225464,8.54765096,61.90476190,50.00000000,67.46031746,92.06349206,67.85714286,35.31746032,76.58730159,84.52380952,69.44444444,85.71428571,96.82539683,51.19047619,61.11111111,58.73015873,66.26984127,91.26984127
2026-01-28,1014.93000000,1017.39000000,995.76000000,997.13000000,-0.45423688,-0.74860779,-0.16120312,-0.01323567,0.32094493,0.60286115,5.38703813,5.12423718,990.62150000,0.65701179,-0.69390545,960.98100000,3.76167687,-0.57164313,931.58290000,7.03609952,-0.56927746,68.95370808,18.95370808,7.00145344,22.22222222,38.49206349,48.01587302,85.71428571,23.01587302,50.00000000,63.49206349,82.53968254,57.53968254,77.38095238,93.65079365,15.87301587,21.03174603,19.44444444,77.77777778,86.50793651
2026-01-29,1006.01000000,1010.84000000,993.74000000,996.93000000,-0.02005757,0.43417932,-0.47420334,-0.63018462,-0.32892764,0.73832195,4.79989908,3.58265767,992.90350000,0.40552783,-0.25148396,962.01220000,3.62966291,-0.13201396,932.29975000,6.93234660,-0.10375293,57.09426628,7.09426628,-11.85944180,45.63492063,26.19047619,35.31746032,82.93650794,68.65079365,30.55555556,65.47619048,73.41269841,51.19047619,75.00000000,92.46031746,36.11111111,40.07936508,42.06349206,57.14285714,5.55555556
2026-01-30,996.51000000,1004.96000000,993.70000000,1001.65000000,0.47345350,0.49351107,0.45330097,0.61450409,0.15298164,1.15178387,5.29386412,4.45432078,994.60650000,0.70816951,0.30264168,963.42760000,3.96733496,0.33767205,933.04700000,7.35257709,0.42023050,56.63774759,6.63774759,-0.45651869,72.61904762,62.69841270,46.03174603,85.31746032,71.42857143,68.25396825,70.23809524,77.38095238,59.52380952,80.95238095,95.63492063,67.46031746,66.26984127,70.63492063,56.34920635,44.44444444
2026-02-02,990.62000000,1010.52000000,989.59000000,1009.51000000,0.78470524,0.31125173,1.26187395,1.73607729,1.07835873,0.47295746,4.33241352,2.22718369,995.82600000,1.37413564,0.66596613,964.95100000,4.61774743,0.65041247,933.80850000,8.10674780,0.75417070,59.44580527,9.44580527,2.80805768,86.11111111,87.30158730,69.04761905,79.36507937,64.28571429,88.09523810,61.90476190,64.68253968,71.03174603,90.07936508,99.20634921,84.92063492,83.33333333,85.31746032,63.09523810,67.06349206
2026-02-03,1012.67000000,1014.73000000,989.40000000,993.99000000,-1.53737952,-2.32208476,-0.76473818,-1.21803916,-0.76771025,-1.82807325,0.90039792,-3.36275775,995.94200000,-0.19599535,-1.57013099,966.13220000,2.88343562,-1.73431181,934.43010000,6.37392781,-1.73281999,48.28400895,-1.71599105,-11.16179631,3.57142857,18.65079365,28.57142857,54.76190476,2.77777778,19.84126984,26.19047619,31.34920635,36.11111111,63.88888889,89.68253968,3.96825397,3.57142857,3.57142857,39.68253968,6.74603175
2026-02-04,996.97000000,1001.93000000,990.32000000,990.32000000,-0.36921901,1.16816051,-1.90092223,-3.16279618,-0.68296010,-1.00390502,-0.13613400,-4.56202170,996.50050000,-0.62022046,-0.42422511,967.40480000,2.36872920,-0.51470642,935.02175000,5.91411376,-0.45981405,35.18545038,-14.81454962,-13.09855857,26.58730159,4.76190476,30.55555556,45.63492063,88.09523810,3.17460317,37.30158730,22.22222222,25.39682540,61.11111111,86.50793651,26.98412698,22.61904762,23.01587302,11.90476190,4.36507937
2026-02-05,992.34000000,995.69000000,979.33000000,985.14000000,-0.52306325,-0.15384425,-0.89035101,-0.12561283,-1.18263068,-0.85370304,0.61175509,-2.69917477,997.50600000,-1.23969179,-0.61947133,968.56920000,1.71085349,-0.65787571,935.58325000,5.29688299,-0.61723078,33.10874545,-16.89125455,-2.07670493,19.44444444,15.07936508,20.63492063,51.58730159,45.63492063,46.42857143,40.87301587,35.71428571,16.66666667,57.93650794,82.93650794,19.04761905,18.25396825,18.65079365,10.31746032,34.52380952
2026-02-06,981.93000000,995.37000000,980.04000000,995.35000000,1.03640092,1.55946417,0.50791663,2.40883886,-0.62896221,-0.78194385,3.14187124,1.29173931,997.86500000,-0.25203810,0.98765369,969.82100000,2.63234143,0.92148794,936.19655000,6.31848622,1.02160323,51.95697640,1.95697640,18.84823094,90.87301587,65.47619048,31.34920635,71.03174603,92.06349206,91.66666667,41.26984127,59.92063492,34.92063492,63.09523810,89.28571429,90.07936508,90.87301587,90.87301587,48.80952381,98.80952381
2026-02-09,995.83000000,999.03000000,990.79000000,999.03000000,0.36971919,-0.66668172,1.40995189,2.30030289,-1.03812741,-2.11648614,1.09900118,-3.45597596,998.13950000,0.08921599,0.34125409,970.92800000,2.89434438,0.26200295,936.81800000,6.64077761,0.32229139,55.69070374,5.69070374,3.73372734,68.25396825,90.47619048,24.60317460,57.93650794,25.39682540,90.87301587,21.82539683,31.34920635,46.03174603,65.47619048,90.47619048,70.23809524,63.88888889,65.87301587,56.74603175,71.82539683
2026-02-10,998.24000000,1006.91000000,997.78000000,1004.14000000,0.51149615,0.14177696,0.88310644,0.37518981,1.02113703,1.78884728,1.06689212,-3.83871247,998.48800000,0.56605588,0.47683989,972.21420000,3.28382367,0.38947929,937.44925000,7.11406511,0.47328750,57.14285714,7.14285714,1.45215341,75.00000000,80.15873016,69.44444444,57.93650794,57.53968254,63.49206349,79.36507937,26.98412698,57.14285714,70.23809524,92.85714286,76.19047619,70.23809524,73.80952381,59.52380952,62.30158730
2026-02-11,1007.13000000,1013.78000000,1003.11000000,1008.96000000,0.48001275,-0.03148340,0.99396415,-0.41598774,1.88221989,2.56517998,1.18234604,-4.47917090,999.09850000,0.98703982,0.42098394,973.52600000,3.63975898,0.35593531,938.00590000,7.56435541,0.45029030,56.24821275,6.24821275,-0.89464439,73.01587302,83.73015873,82.93650794,59.12698413,53.57142857,38.09523810,86.90476190,23.01587302,67.06349206,76.19047619,96.03174603,72.61904762,68.25396825,72.22222222,57.14285714,41.66666667
2026-02-12,1008.77000000,1009.32000000,986.83000000,988.03000000,-2.07441326,-2.55442600,-1.60435796,-2.48746440,0.29335932,1.47599000,-0.87484324,-6.12605230,997.94950000,-0.99398817,-1.98102799,974.33380000,1.40569895,-2.23406003,938.46385000,5.28162593,-2.28272948,43.34031068,-6.65968932,-12.90790208,1.98412698,7.93650794,50.00000000,36.11111111,1.58730159,6.74603175,75.79365079,13.49206349,21.03174603,56.74603175,80.55555556,2.77777778,1.98412698,1.98412698,28.17460317,4.76190476
2026-02-13,992.74000000,997.98000000,985.87000000,993.82000000,0.58601459,2.66042785,-1.50055503,-2.49451917,-0.15371477,0.47524744,-1.70027992,-9.30146767,997.13000000,-0.33195270,0.66203547,975.31340000,1.89750289,0.49180394,938.95505000,5.84319239,0.56156646,47.41542341,-2.58457659,4.07511273,79.76190476,8.73015873,40.07936508,26.58730159,98.01587302,6.74603175,62.30158730,6.34920635,33.73015873,59.52380952,83.33333333,84.12698413,75.00000000,78.57142857,39.68253968,73.80952381
2026-02-16,997.24000000,998.05000000,993.10000000,993.10000000,-0.07244773,-0.65846232,0.51314231,2.11750027,-0.59357577,0.44455164,-1.69370725,-8.50720313,997.14850000,-0.40600773,-0.07405503,976.18260000,1.73301593,-0.16448696,939.44045000,5.71186284,-0.13132954,45.38511188,-4.61488812,-2.03031153,42.46031746,65.87301587,33.73015873,26.98412698,26.19047619,90.07936508,60.71428571,7.53968254,32.14285714,58.73015873,82.14285714,46.82539683,38.49206349,39.28571429,35.71428571,36.11111111
2026-02-17,990.82000000,997.07000000,988.78000000,995.80000000,0.27187594,0.34432367,0.19923125,1.69978628,-0.83056148,-1.85169851,0.30924823,-5.84918794,997.38000000,-0.15841505,0.24759268,977.14320000,1.90932097,0.17630503,939.90995000,5.94631964,0.23445680,49.27011305,-0.72988695,3.88500117,61.50793651,53.17460317,27.77777778,52.38095238,64.28571429,86.50793651,25.79365079,15.87301587,39.28571429,60.31746032,84.92063492,61.11111111,56.74603175,59.92063492,45.23809524,73.01587302
2026-02-18,997.53000000,1011.38000000,996.64000000,1010.54000000,1.48021691,1.20834097,1.75611721,1.24297490,0.15659689,-1.72562300,1.95425608,-4.66902275,998.21000000,1.23521103,1.39362608,978.40400000,3.28453277,1.37521180,940.43395000,7.45464899,1.50832935,56.44107903,6.44107903,7.17096598,96.03174603,93.25396825,48.80952381,66.26984127,88.09523810,80.55555556,26.58730159,23.80952381,72.22222222,72.22222222,95.23809524,96.03174603,95.23809524,96.03174603,59.92063492,88.09523810
2026-02-19,1011.72000000,1012.69000000,1006.05000000,1007.69000000,-0.28202743,-1.76224434,1.19401486,0.99478361,1.98981812,1.69645880,1.38338330,-4.34929049,998.58350000,0.91194177,-0.32326926,979.65540000,2.86167973,-0.42285304,940.86200000,7.10284824,-0.35180076,52.91000193,2.91000193,-3.53107711,30.55555556,86.50793651,84.12698413,62.30158730,5.95238095,74.60317460,78.17460317,25.39682540,68.25396825,66.66666667,91.66666667,30.95238095,26.19047619,28.96825397,53.17460317,26.19047619
2026-02-20,1010.79000000,1019.18000000,1007.86000000,1017.66000000,0.98939158,1.27141901,0.70457379,-1.05154342,2.39882474,2.55253951,1.74361640,-4.14571124,999.46050000,1.82093239,0.90899063,981.06700000,3.72991855,0.86823882,941.31300000,8.11069219,1.00784395,53.84833318,3.84833318,0.93833125,89.68253968,72.22222222,87.69841270,65.07936508,88.49206349,23.41269841,86.50793651,27.77777778,80.55555556,78.96825397,99.20634921,88.09523810,89.28571429,90.07936508,55.55555556,59.52380952
2026-02-23,1016.22000000,1022.80000000,1011.91000000,1016.45000000,-0.11890022,-1.10829180,0.86931497,-0.32469989,2.35122344,2.94479921,1.63280406,-4.45821111,1000.34600000,1.60984299,-0.21108940,982.52120000,3.45323846,-0.27668008,941.74905000,7.93215029,-0.17854190,62.26250273,12.26250273,8.41416955,38.49206349,78.57142857,86.90476190,64.28571429,16.26984127,39.28571429,88.88888889,25.39682540,77.38095238,74.20634921,97.61904762,38.09523810,30.95238095,36.11111111,71.82539683,91.26984127
2026-02-24,1019.70000000,1024.31000000,1016.57000000,1019.87000000,0.33646515,0.45536537,0.21716487,-0.48740892,2.41715204,3.24771351,2.11566574,-3.87843355,1001.25550000,1.85911588,0.24927289,983.97820000,3.64762146,0.19438300,942.20340000,8.24308212,0.31093183,66.17759772,16.17759772,3.91509499,64.28571429,52.38095238,88.09523810,69.04761905,69.04761905,34.92063492,90.47619048,30.55555556,80.95238095,77.77777778,99.20634921,60.71428571,56.74603175,63.88888889,77.77777778,73.01587302
2026-02-25,1023.73000000,1031.79000000,1023.73000000,1030.06000000,0.99914695,0.66268180,1.33897388,0.46965891,1.93164051,1.77504362,2.83324016,-3.57337998,1002.90200000,2.70794155,0.84882567,985.78760000,4.49106887,0.84344741,942.69920000,9.26709177,1.02400965,73.31326552,23.31326552,7.13566780,90.07936508,87.30158730,82.53968254,73.01587302,76.58730159,63.09523810,77.77777778,34.92063492,86.90476190,90.47619048,99.60317460,86.50793651,88.09523810,90.47619048,83.33333333,87.30158730
2026-02-26,1028.91000000,1031.77000000,1018.27000000,1022.40000000,-0.74364600,-1.74279295,0.24807083,0.03090596,1.45977434,-0.53004379,2.53427336,-2.85276477,1004.17550000,1.81487200,-0.89306955,987.32020000,3.55303173,-0.93803714,943.16360000,8.40112998,-0.86596179,64.42051391,14.42051391,-8.89275160,15.07936508,52.38095238,75.39682540,71.03174603,6.34920635,51.58730159,42.46031746,39.28571429,79.36507937,74.60317460,98.80952381,10.31746032,10.71428571,11.11111111,75.00000000,9.52380952
2026-02-27,1022.11000000,1027.02000000,1020.16000000,1027.02000000,0.45187793,1.19552394,-0.29512844,-1.63410232,0.91975709,-1.47906765,3.01826608,-1.78163301,1005.44400000,2.14591762,0.33104562,989.15780000,3.82772092,0.27468918,943.64345000,8.83559887,0.43446889,64.77356698,14.77356698,0.35305307,69.84126984,31.74603175,65.07936508,73.80952381,87.69841270,15.07936508,27.77777778,45.23809524,82.14285714,80.15873016,98.80952381,67.46031746,62.69841270,69.84126984,75.39682540,53.96825397
2026-03-02,1016.20000000,1019.58000000,1014.01000000,1016.15000000,-1.05840198,-1.51027991,-0.61130673,-0.85937756,-0.02951449,-2.38073793,1.44761144,-3.84625268,1005.77600000,1.03144239,-1.11447524,990.88880000,2.54934762,-1.27837330,944.05760000,7.63644083,-1.19915804,55.97571898,5.97571898,-8.79784800,6.74603175,22.61904762,40.87301587,61.90476190,9.12698413,26.19047619,18.65079365,30.55555556,67.06349206,61.90476190,94.44444444,7.14285714,5.55555556,5.95238095,57.93650794,9.52380952
2026-03-03,1007.45000000,1007.45000000,983.27000000,990.24000000,-2.54982040,-1.49141842,-3.58123503,-3.28610659,-2.90527224,-5.32242428,-1.90884687,-6.24126039,1005.58850000,-1.52632016,-2.55776255,991.89260000,-0.16661078,-2.71595840,944.37425000,4.85673450,-2.77970633,42.30136536,-7.69863464,-13.67435362,1.58730159,0.79365079,3.57142857,24.60317460,10.31746032,1.98412698,1.98412698,13.88888889,13.49206349,40.47619048,73.80952381,0.79365079,1.19047619,1.19047619,24.60317460,3.57142857
2026-03-04,994.93000000,1005.40000000,993.09000000,1000.02000000,0.98763936,3.53745976,-1.58736407,-0.97605734,-2.91633497,-4.84797548,0.60664594,-0.29375198,1006.07350000,-0.60169560,0.92462456,993.00120000,0.70682694,0.87343772,944.78740000,5.84603478,0.98930028,55.42877841,5.42877841,13.12741306,88.88888889,8.33333333,3.57142857,51.98412698,98.41269841,25.00000000,2.77777778,52.77777778,26.58730159,50.79365079,79.36507937,88.49206349,89.28571429,88.88888889,56.74603175,98.01587302
2026-03-05,1000.71000000,1007.63000000,994.43000000,995.52000000,-0.44999100,-1.43763036,0.53320407,4.11443910,-2.62910798,-4.08888232,0.52508280,0.66121680,1006.59250000,-1.09999826,-0.49830266,994.05760000,0.14711421,-0.55971273,945.14060000,5.33036037,-0.51567441,50.77881620,0.77881620,-4.64996221,22.61904762,65.07936508,5.95238095,51.58730159,11.90476190,98.41269841,5.15873016,56.74603175,18.65079365,44.84126984,76.19047619,22.61904762,21.82539683,21.42857143,45.23809524,21.03174603
2026-03-06,1000.41000000,1000.41000000,972.28000000,980.34000000,-1.52483124,-1.07484024,-1.96796064,-0.38059657,-4.54518899,-5.46494608,-0.48724039,-1.09899549,1005.84200000,-2.53538826,-1.43539000,994.81920000,-1.45546045,-1.60257466,945.39200000,3.69666763,-1.63369275,44.83818770,-5.16181230,-5.94062850,4.76190476,4.76190476,1.98412698,41.66666667,19.04761905,38.88888889,1.98412698,49.60317460,6.74603175,19.44444444,66.66666667,5.15873016,4.36507937,4.36507937,29.76190476,16.66666667
2026-03-09,963.93000000,983.86000000,959.91000000,983.00000000,0.27133443,1.79616568,-1.25763420,-1.79083827,-3.26231363,-3.23279915,-1.24076958,-4.38264082,1005.04050000,-2.19299620,0.34239206,995.65180000,-1.27070528,0.18475517,945.68495000,3.94582255,0.24915492,44.82033020,-5.17966980,-0.01785750,59.12698413,11.11111111,3.57142857,31.34920635,93.65079365,13.09523810,8.73015873,25.00000000,8.73015873,22.22222222,68.65079365,68.25396825,55.15873016,58.73015873,28.96825397,49.60317460
2026-03-10,993.73000000,1005.60000000,993.22000000,1002.42000000,1.97558494,1.70425051,2.25227982,4.22024046,1.23000485,4.13527709,0.33932915,-0.75967203,1004.95450000,-0.25220047,1.94079573,996.77700000,0.56612462,1.83682990,946.07595000,5.95555251,2.00972996,46.83406114,-3.16593886,2.01373093,97.22222222,96.42857143,70.63492063,51.19047619,92.85714286,98.80952381,94.04761905,50.39682540,34.12698413,48.80952381,81.34920635,97.61904762,96.82539683,97.22222222,36.50793651,64.28571429
2026-03-11,996.81000000,1005.01000000,994.21000000,1002.90000000,0.04788412,-1.92770082,2.02441506,3.28204926,0.28799424,3.20432921,-0.12348876,-1.19038088,1004.65150000,-0.17433906,0.07786141,997.80960000,0.51015745,-0.05596717,946.47580000,5.96150477,0.00595226,48.09724319,-1.90275681,1.26318205,48.01587302,94.44444444,47.22222222,45.63492063,3.96825397,96.82539683,89.68253968,48.01587302,36.50793651,47.61904762,81.74603175,52.77777778,42.85714286,46.42857143,39.28571429,60.71428571
2026-03-12,1000.51000000,1004.21000000,994.60000000,1000.62000000,-0.22734071,-0.27522483,-0.17956545,-2.43184527,0.51229508,3.14140306,-0.82659372,-2.00893976,1005.28100000,-0.46365146,-0.28931239,998.79620000,0.18259981,-0.32755764,946.88710000,5.67468920,-0.28681557,42.79065832,-7.20934168,-5.30658487,31.34920635,36.90476190,51.58730159,35.31746032,37.69841270,7.53968254,89.28571429,41.66666667,28.57142857,45.23809524,76.19047619,31.34920635,29.36507937,30.55555556,23.80952381,18.65079365
2026-03-13,996.38000000,1010.99000000,992.82000000,1001.66000000,0.10393556,0.33127627,-0.12364144,-2.14805650,2.17475570,6.71994469,1.37951277,2.25435601,1005.67300000,-0.39903627,0.06461519,999.47760000,0.21835407,0.03575425,947.29390000,5.73909533,0.06440613,43.73358190,-6.26641810,0.94292358,51.19047619,40.87301587,84.12698413,60.71428571,63.09523810,9.12698413,98.01587302,67.85714286,30.15873016,46.03174603,77.38095238,52.38095238,50.00000000,50.00000000,24.60317460,59.12698413
2026-03-16,1005.42000000,1013.13000000,1000.32000000,1007.80000000,0.61298245,0.50904689,0.71755512,0.89712057,2.52288911,5.78520275,1.40669336,3.10697328,1006.40800000,0.13831369,0.53734995,999.93120000,0.78693414,0.56858007,947.71285000,6.34022742,0.60113209,45.00124244,-4.99875756,1.26766054,80.95238095,73.01587302,89.68253968,61.11111111,71.03174603,73.41269841,97.61904762,70.23809524,45.63492063,51.19047619,84.52380952,77.77777778,78.96825397,80.95238095,30.15873016,61.50793651
2026-03-17,1007.16000000,1016.30000000,1005.63000000,1012.81000000,0.49712244,-0.11586000,1.11315217,1.23679361,1.03649169,-0.19351316,1.98469439,3.67840164,1007.25850000,0.55114948,0.41283580,1000.35400000,1.24515921,0.45822507,948.14925000,6.81968055,0.47945313,42.53569883,-7.46430117,-2.46554361,73.01587302,84.12698413,68.25396825,67.06349206,47.61904762,79.36507937,48.01587302,75.79365079,55.95238095,54.36507937,86.90476190,71.03174603,71.42857143,73.41269841,22.61904762,30.15873016
2026-03-18,1017.46000000,1017.86000000,996.10000000,999.98000000,-1.26677264,-1.76389509,-0.77594761,-1.49350272,-0.29115565,-0.57914989,0.41976300,0.11051477,1006.73050000,-0.67053695,-1.22168643,1000.77060000,-0.07899912,-1.32415834,948.49950000,5.42757271,-1.39210784,40.71404904,-9.28595096,-1.82164979,5.95238095,19.04761905,34.12698413,50.00000000,5.95238095,17.06349206,43.25396825,52.77777778,22.22222222,39.28571429,74.20634921,6.74603175,5.55555556,5.95238095,17.46031746,37.69841270
2026-03-19,990.50000000,990.69000000,972.43000000,977.63000000,-2.23504470,-0.96827206,-3.47350441,-4.58665658,-2.29757550,-2.80987059,-3.25667465,-5.21093073,1005.22750000,-2.74539843,-2.07486148,1001.02260000,-2.33687032,-2.25787119,948.72710000,3.04649251,-2.38108020,32.16323583,-17.83676417,-8.55081321,2.38095238,1.19047619,7.93650794,11.11111111,21.42857143,1.58730159,15.07936508,17.06349206,5.55555556,10.31746032,53.96825397,3.17460317,2.38095238,1.98412698,5.95238095,10.31746032
2026-03-20,981.97000000,985.27000000,961.62000000,961.62000000,-1.63763387,0.59741083,-3.83607672,-3.06012911,-3.99736438,-6.17212007,-4.57184253,-5.95522583,1002.42550000,-4.07067657,-1.32527814,1000.49160000,-3.88525001,-1.54837969,948.84205000,1.34668884,-1.69980367,31.01190891,-18.98809109,-1.15132692,4.36507937,0.79365079,3.17460317,7.14285714,75.00000000,4.36507937,1.58730159,13.88888889,2.77777778,4.76190476,32.53968254,6.34920635,5.55555556,4.76190476,5.15873016,39.68253968
2026-03-23,946.89000000,982.92000000,942.19000000,966.72000000,0.53035503,2.16798890,-1.11596412,2.35754029,-4.07620560,-6.59909471,-5.00560108,-6.74921749,999.93900000,-3.32210265,0.74857393,999.95520000,-3.32366890,0.56158111,948.99815000,1.86742724,0.52073840,40.42189282,-9.57810718,9.40998391,75.39682540,13.88888889,2.77777778,5.55555556,96.42857143,90.47619048,1.19047619,9.52380952,3.96825397,5.95238095,37.69841270,84.92063492,78.96825397,75.39682540,18.25396825,92.85714286
2026-03-24,972.64000000,977.88000000,963.70000000,974.22000000,0.77581927,0.24546424,1.31028889,5.14636561,-3.81019145,-4.84668314,-4.15465591,-5.78745997,997.65650000,-2.34915525,0.97294740,999.49620000,-2.52889406,0.79477484,949.21685000,2.63408198,0.76665474,39.29460581,-10.70539419,-1.12728701,85.71428571,86.11111111,3.96825397,8.33333333,59.52380952,99.20634921,4.36507937,15.47619048,7.53968254,9.52380952,45.23809524,90.47619048,86.90476190,85.71428571,16.26984127,40.07936508
2026-03-25,980.43000000,986.69000000,975.33000000,983.13000000,0.91457782,0.13875855,1.69749255,2.81345667,-1.68503370,-1.39387805,-3.60241992,-5.71808566,995.31000000,-1.22373934,1.12541591,999.22380000,-1.61063017,0.91826389,949.51940000,3.53974863,0.90566665,45.04042911,-4.95957089,5.74582330,87.69841270,90.87301587,15.47619048,10.31746032,56.34920635,93.25396825,31.74603175,16.26984127,17.06349206,18.65079365,60.71428571,93.25396825,90.07936508,87.69841270,32.93650794,82.93650794
2026-03-26,978.20000000,979.37000000,969.89000000,970.78000000,-1.25619196,-2.17076977,-0.35310300,-1.66339188,-0.70067408,1.59690142,-5.75500456,-8.58824472,992.72900000,-2.21097601,-0.98723667,998.41920000,-2.76829612,-1.15766595,949.74865000,2.21441220,-1.32533643,46.08453473,-3.91546527,1.04410562,7.53968254,30.15873016,29.36507937,4.36507937,3.57142857,15.87301587,75.00000000,5.95238095,9.52380952,7.93650794,40.07936508,10.31746032,9.12698413,7.53968254,36.90476190,59.92063492
2026-03-27,970.58000000,971.30000000,955.94000000,960.22000000,-1.08778508,0.16840688,-2.33031237,-4.02780492,-0.14558765,3.85177672,-6.08176839,-8.61604175,989.38900000,-2.94818317,-0.73720717,997.41940000,-3.72956451,-0.96126839,949.94660000,1.08147132,-1.13294089,41.23711340,-8.76288660,-4.84742133,8.33333333,3.17460317,37.69841270,4.36507937,57.53968254,2.38095238,93.65079365,5.95238095,5.55555556,5.15873016,28.57142857,14.68253968,11.50793651,9.52380952,22.22222222,21.03174603
2026-03-30,958.37000000,966.68000000,957.09000000,964.48000000,0.44364833,1.53143341,-0.64896269,-0.29585969,-0.23171135,3.84449424,-6.08946272,-9.10772879,986.80550000,-2.26240125,0.68578192,996.85440000,-3.24765583,0.48190869,950.18350000,1.50460411,0.42313279,33.47848807,-16.52151193,-7.75862533,69.04761905,22.61904762,36.50793651,4.36507937,90.47619048,40.87301587,93.25396825,5.55555556,9.92063492,7.14285714,33.33333333,83.73015873,73.01587302,68.25396825,8.33333333,11.90476190
2026-03-31,963.49000000,971.78000000,956.99000000,959.80000000,-0.48523557,-0.92888390,-0.04373998,2.28657239,-1.48015849,2.33003296,-5.54544113,-6.99305257,985.28350000,-2.58641295,-0.32401169,996.22700000,-3.65649596,-0.40884013,950.43600000,0.98523204,-0.51937207,31.89379936,-18.10620064,-1.58468871,21.82539683,43.25396825,17.06349206,5.55555556,21.82539683,88.88888889,81.74603175,10.71428571,7.14285714,5.55555556,25.79365079,29.76190476,26.19047619,21.82539683,5.95238095,37.30158730
2026-04-01,975.26000000,976.73000000,966.53000000,976.73000000,1.76390915,2.24914472,1.27011447,1.91907716,-0.65098207,1.03405163,-1.36431572,0.54453114,984.11900000,-0.75082383,1.83558911,995.88280000,-1.92319819,1.73329777,950.77705000,2.72965676,1.74442472,41.06381387,-8.93618613,9.17001451,96.03174603,85.31746032,28.96825397,27.38095238,96.42857143,86.11111111,66.66666667,55.15873016,24.60317460,16.26984127,45.63492063,96.82539683,96.03174603,96.03174603,21.82539683,92.06349206
2026-04-02,964.55000000,979.34000000,961.98000000,975.86000000,-0.08907272,-1.85298187,1.67326526,1.71700524,0.52329055,1.22396463,-2.41595168,-3.02259762,983.13600000,-0.74008072,0.01074311,995.39560000,-1.96259658,-0.03939839,951.07240000,2.60627898,-0.12337778,40.33707865,-9.66292135,-0.72673522,38.88888889,90.47619048,52.77777778,18.25396825,5.15873016,84.52380952,68.25396825,33.73015873,24.60317460,15.47619048,44.04761905,49.60317460,43.25396825,38.09523810,18.65079365,41.26984127
2026-04-07,973.30000000,985.80000000,968.13000000,971.88000000,-0.40784539,-0.31877267,-0.49655483,-1.76666930,1.21430506,1.35989271,-2.37463838,-2.89972118,982.71300000,-1.10235644,-0.36227571,994.83080000,-2.30700537,-0.34440879,951.30870000,2.16242109,-0.44385788,36.32556723,-13.67443277,-4.01151142,23.80952381,25.79365079,71.03174603,18.65079365,34.12698413,14.28571429,70.63492063,35.31746032,19.44444444,12.30158730,37.69841270,27.38095238,26.98412698,23.41269841,10.71428571,24.20634921
2026-04-08,991.19000000,1008.20000000,990.84000000,1003.20000000,3.22262008,3.63046546,2.80163138,1.12836612,4.01459854,4.24630989,2.33184405,2.81908445,983.72300000,1.97992728,3.08228371,994.92000000,0.83222772,3.13923309,951.73540000,5.40744833,3.24502724,46.95210910,-3.04789090,10.62654187,100.00000000,98.41269841,96.82539683,69.44444444,98.80952381,75.00000000,94.84126984,68.65079365,80.55555556,51.58730159,73.41269841,100.00000000,100.00000000,100.00000000,40.07936508,94.04761905
2026-04-09,1003.50000000,1005.12000000,996.26000000,1005.12000000,0.19138756,-3.03123252,3.42017533,3.91673016,4.72181705,6.20197553,2.25025432,3.49102390,983.85800000,2.16108422,0.18115695,994.98880000,1.01822252,0.18599480,952.20755000,5.55681899,0.14937066,51.75139703,1.75139703,4.79928793,52.77777778,99.20634921,98.41269841,68.65079365,0.00000000,98.01587302,97.61904762,73.41269841,82.14285714,52.77777778,74.20634921,54.76190476,54.36507937,51.98412698,50.39682540,78.17460317
2026-04-10,1003.91000000,1014.07000000,1003.80000000,1010.25000000,0.51038682,0.31899926,0.70275120,-2.09888019,3.43185937,4.08284143,0.78110971,0.44178057,984.22550000,2.64416031,0.48307609,995.25120000,1.50703662,0.48881410,952.65810000,6.04539026,0.48857127,62.59264978,12.59264978,10.84125276,73.41269841,69.04761905,94.84126984,52.77777778,62.69841270,9.92063492,92.85714286,52.77777778,86.11111111,55.95238095,82.14285714,74.60317460,73.80952381,73.01587302,70.63492063,94.84126984
2026-04-13,1005.59000000,1012.98000000,1003.11000000,1012.18000000,0.19104182,-0.31934500,0.70240369,-2.71777164,3.72184535,3.19855480,0.92531658,1.04880534,984.80350000,2.77989467,0.13573436,995.55620000,1.66980026,0.16276364,953.15260000,6.19285936,0.14746910,71.89882190,21.89882190,9.30617212,52.38095238,69.04761905,96.03174603,54.76190476,33.73015873,5.55555556,88.49206349,58.73015873,87.69841270,56.74603175,82.93650794,54.36507937,52.77777778,51.58730159,82.14285714,91.66666667
2026-04-14,1017.29000000,1024.19000000,1016.89000000,1019.82000000,0.75480646,0.56376464,0.94729027,0.24453908,4.93270774,3.71840269,1.91881034,2.74540406,985.71150000,3.46029239,0.68039772,995.91960000,2.39983228,0.73003202,953.70575000,6.93235309,0.73949373,72.50381421,22.50381421,0.60499231,84.52380952,79.36507937,99.60317460,64.68253968,73.41269841,60.71428571,92.06349206,67.85714286,90.47619048,61.50793651,87.30158730,83.73015873,85.71428571,84.52380952,82.14285714,54.76190476
2026-04-15,1019.70000000,1025.44000000,1012.75000000,1015.57000000,-0.41674021,-1.17154667,0.33492067,-0.36748303,1.23305423,-2.78154431,1.38869477,0.00918200,986.10000000,2.98854072,-0.47175167,996.04080000,1.96068274,-0.43914954,954.23100000,6.42810808,-0.50424501,68.02057003,18.02057003,-4.48324417,22.61904762,55.15873016,70.23809524,59.12698413,15.47619048,39.68253968,13.88888889,48.80952381,89.28571429,58.73015873,84.12698413,23.01587302,23.41269841,21.42857143,78.96825397,22.22222222
2026-04-16,1019.45000000,1021.78000000,1012.59000000,1016.71000000,0.11225223,0.52899244,-0.30495578,-1.25224605,1.15309615,-3.56872090,0.88410399,-0.52258938,986.29500000,3.08376297,0.09522226,996.49520000,2.02858980,0.06790707,954.73810000,6.49098428,0.06287620,65.69745699,15.69745699,-2.32311304,50.00000000,29.76190476,69.04761905,52.77777778,71.42857143,23.01587302,6.74603175,47.22222222,89.68253968,59.52380952,84.12698413,52.77777778,49.20634921,48.41269841,75.79365079,31.74603175
2026-04-17,1014.27000000,1025.37000000,1013.44000000,1023.68000000,0.68554455,0.57329232,0.79856632,0.46364566,1.32937392,-2.10248545,1.07325165,-0.91144274,987.48000000,3.66589703,0.58213406,997.16240000,2.65930605,0.63071625,955.31430000,7.15635681,0.66537253,76.03859027,26.03859027,10.34113328,84.12698413,74.60317460,73.80952381,55.55555556,73.80952381,64.28571429,21.03174603,44.84126984,92.46031746,62.69841270,89.28571429,80.95238095,82.53968254,83.73015873,88.09523810,93.25396825
2026-04-20,1018.37000000,1022.50000000,1017.20000000,1021.96000000,-0.16802126,-0.85356581,0.51637143,0.82132721,0.96623130,-2.75561404,2.19804396,1.77828096,989.69650000,3.25993878,-0.40595825,997.89880000,2.41118638,-0.24811966,955.85420000,6.91588738,-0.24046943,83.28660772,33.28660772,7.24801745,32.93650794,62.69841270,65.07936508,68.25396825,22.22222222,71.82539683,15.07936508,62.30158730,89.28571429,61.11111111,86.11111111,26.58730159,31.34920635,31.34920635,93.25396825,87.30158730
2026-04-21,1025.08000000,1027.90000000,1016.91000000,1019.05000000,-0.28474696,-0.11672570,-0.45228978,-1.25085610,-0.07550352,-5.00821126,4.23677669,7.49345134,992.56800000,2.66802879,-0.59190999,998.37280000,2.07109008,-0.34009631,956.36565000,6.55443344,-0.36145394,79.85556407,29.85556407,-3.43104365,28.17460317,26.19047619,37.69841270,80.15873016,46.82539683,22.61904762,1.98412698,91.66666667,83.73015873,59.12698413,83.73015873,19.84126984,28.17460317,26.58730159,90.87301587,27.38095238
2026-04-22,1023.34000000,1027.54000000,1019.26000000,1021.26000000,0.21686865,0.50161561,-0.06849583,-0.58486726,0.56027649,-0.67277773,6.20203407,10.77387660,995.29500000,2.60877428,-0.05925451,998.81740000,2.24691720,0.17582713,956.87810000,6.72832830,0.17389486,84.55915430,34.55915430,4.70359023,55.95238095,40.47619048,53.17460317,91.66666667,70.63492063,33.73015873,40.07936508,94.84126984,82.93650794,59.92063492,85.31746032,46.82539683,54.36507937,53.96825397,94.04761905,76.98412698
2026-04-23,1017.59000000,1017.77000000,1008.13000000,1014.08000000,-0.70305309,-0.91992174,-0.48770914,-0.03541936,-0.25867750,-1.41177365,4.89904005,9.90464114,997.28800000,1.68376637,-0.92500791,999.01620000,1.50786344,-0.73905377,957.31190000,5.92994822,-0.79838008,73.58848049,23.58848049,-10.97067381,15.87301587,24.60317460,33.73015873,83.73015873,21.03174603,51.19047619,28.96825397,93.25396825,71.82539683,52.77777778,75.79365079,10.31746032,15.87301587,13.49206349,82.14285714,6.34920635
2026-04-24,1012.37000000,1024.65000000,1011.28000000,1020.60000000,0.64294730,1.34600039,-0.06462605,0.00386978,-0.30087527,-1.63024919,4.76073166,8.91538757,999.16150000,2.14564913,0.46188275,999.24900000,2.13670467,0.62884123,957.80745000,6.55586360,0.62591538,76.37349682,26.37349682,2.78501633,82.53968254,41.26984127,32.14285714,81.74603175,88.49206349,52.77777778,26.19047619,92.46031746,77.77777778,59.12698413,83.33333333,74.60317460,82.53968254,81.74603175,86.90476190,66.66666667
2026-04-27,1017.62000000,1022.29000000,1007.57000000,1008.91000000,-1.14540466,-1.78835197,-0.50982171,-0.02211257,-1.27695800,-2.24318931,2.62223714,6.22465706,1001.06800000,0.78336337,-1.36228576,999.66660000,0.92464828,-1.21205639,958.24950000,5.28677552,-1.26908808,70.00972658,20.00972658,-6.36377024,6.34920635,24.20634921,15.87301587,69.84126984,4.76190476,51.19047619,20.23809524,86.11111111,59.92063492,47.61904762,67.46031746,4.36507937,6.74603175,6.34920635,78.17460317,13.88888889
2026-04-28,1007.19000000,1011.91000000,998.78000000,1001.01000000,-0.78302326,0.36238140,-1.91945914,-1.85483309,-1.77027624,-1.69477272,3.11399081,8.86899537,1003.10750000,-0.20910022,-0.99246359,999.81040000,0.11998275,-0.80466553,958.63810000,4.42001001,-0.86676551,48.41556938,-1.58443062,-21.59415719,13.09523810,4.36507937,11.50793651,72.61904762,63.88888889,12.69841270,25.39682540,92.06349206,34.12698413,37.30158730,62.30158730,9.12698413,14.68253968,11.50793651,40.47619048,0.39682540
2026-04-29,1002.90000000,1003.11000000,994.76000000,997.18000000,-0.38261356,0.40040970,-1.16264087,-0.65281916,-2.35787165,-2.91814814,3.84911791,9.93088630,1004.74250000,-0.75268041,-0.54358019,999.89200000,-0.27122929,-0.39121204,959.11345000,3.96893089,-0.45107912,44.41002534,-5.58997466,-4.00554404,25.39682540,12.69841270,5.95238095,76.98412698,64.68253968,30.15873016,12.69841270,93.25396825,20.63492063,32.14285714,59.92063492,23.01587302,27.38095238,24.60317460,25.39682540,26.19047619
2026-04-30,995.48000000,1014.44000000,994.82000000,1014.09000000,1.69578211,2.07839567,1.30668025,3.22613939,0.00098612,0.25966361,5.14370438,11.23316710,1007.45700000,0.65839038,1.41107080,1000.25780000,1.38286350,1.65409279,959.61155000,5.67713571,1.70820482,52.31884058,2.31884058,7.90881523,96.82539683,87.30158730,41.66666667,84.92063492,96.03174603,96.42857143,54.76190476,95.23809524,57.14285714,50.79365079,70.63492063,97.22222222,96.82539683,96.82539683,48.41269841,90.07936508
2026-05-04,1015.18000000,1016.78000000,1003.21000000,1004.98000000,-0.89834236,-2.59412446,0.78220582,1.94484669,-1.53047227,-1.22959700,4.70723067,10.25267180,1008.86950000,-0.38553054,-1.04392092,1000.14660000,0.48326915,-0.89959435,960.07720000,4.67699889,-1.00013682,45.99911091,-4.00088909,-6.31972967,9.92063492,75.00000000,14.28571429,80.55555556,0.79365079,88.09523810,33.33333333,93.25396825,29.36507937,42.06349206,62.69841270,8.33333333,12.69841270,9.92063492,34.12698413,14.68253968
2026-05-05,1008.05000000,1015.12000000,1006.83000000,1014.50000000,0.94728253,1.84562489,0.04043034,-1.26624992,0.55406330,1.83102130,3.86698473,5.23130046,1010.80150000,0.36589776,0.75142829,1000.28280000,1.42131805,0.93804890,960.60760000,5.61024085,0.93324196,47.10428914,-2.89571086,1.10517822,89.28571429,46.82539683,55.55555556,76.98412698,95.23809524,20.63492063,77.38095238,81.34920635,49.60317460,51.58730159,69.84126984,86.11111111,91.66666667,88.88888889,37.69841270,60.71428571
2026-05-06,1023.81000000,1036.02000000,1017.11000000,1031.44000000,1.66978807,0.72250554,2.63288822,1.85068240,3.03992967,4.81020591,5.69548911,8.11144079,1013.77950000,1.74204548,1.37614773,1000.55840000,3.08643653,1.66511848,961.25885000,7.30096269,1.69072184,57.58967001,7.58967001,10.48538088,96.42857143,98.41269841,95.63492063,88.09523810,78.57142857,86.50793651,98.41269841,90.07936508,75.39682540,67.06349206,90.87301587,96.42857143,96.82539683,96.42857143,61.11111111,94.04761905
2026-05-07,1033.18000000,1033.18000000,1018.60000000,1019.42000000,-1.16536105,-2.83514912,0.48496796,0.44453763,2.23028942,4.58816106,4.89155040,7.26618878,1014.59050000,0.47600485,-1.26604063,1000.61780000,1.87905912,-1.20737742,961.81520000,5.98917547,-1.31178722,51.17387161,1.17387161,-6.41579840,6.34920635,61.50793651,87.69841270,83.33333333,0.39682540,65.07936508,97.22222222,88.09523810,52.77777778,55.15873016,76.58730159,6.34920635,7.53968254,6.34920635,47.22222222,14.28571429
2026-05-08,1014.31000000,1020.55000000,1010.46000000,1017.50000000,-0.18834239,0.97701866,-1.35150857,-3.98439679,0.33626207,0.33527595,1.42543860,-0.90640546,1015.20950000,0.22561846,-0.25038640,1000.57040000,1.69199489,-0.18706423,962.33595000,5.73230689,-0.25686857,47.20057982,-2.79942018,-3.97329180,35.31746032,10.31746032,50.79365079,55.95238095,83.33333333,1.58730159,55.55555556,42.46031746,46.42857143,53.96825397,71.03174603,37.30158730,36.90476190,33.33333333,38.88888889,27.38095238
2026-05-11,1018.83000000,1020.73000000,1012.32000000,1015.13000000,-0.23292383,-0.04458144,-0.42082753,-0.90579549,1.00997035,2.54044262,0.99590099,-1.25435334,1015.45350000,-0.03185769,-0.25747614,1000.27180000,1.48541626,-0.20657862,962.88475000,5.42590897,-0.30639793,46.92425471,-3.07574529,-0.27632511,32.14285714,29.76190476,69.84126984,50.39682540,51.98412698,26.19047619,83.73015873,40.07936508,41.66666667,51.98412698,67.06349206,36.90476190,36.50793651,30.55555556,36.90476190,46.82539683
2026-05-12,1006.35000000,1007.83000000,998.71000000,999.44000000,-1.54561485,-1.31269101,-1.77493857,-0.42343000,-1.48447511,-2.03853841,-1.07003217,-1.85114188,1014.81650000,-1.51520004,-1.48334235,999.81260000,-0.03726698,-1.52268325,963.34175000,3.74719044,-1.67871852,42.08060738,-7.91939262,-4.84364732,3.17460317,5.95238095,15.47619048,23.80952381,13.49206349,38.09523810,23.01587302,36.11111111,10.71428571,34.92063492,54.76190476,3.96825397,4.36507937,3.57142857,20.23809524,23.01587302
2026-05-13,1007.67000000,1010.12000000,1001.77000000,1010.12000000,1.06859842,2.61421326,-0.49353285,-0.07270532,-2.06701311,-5.10694278,-0.20352111,-1.12883769,1014.33150000,-0.41519957,1.10000047,999.47460000,1.06509960,1.10236659,963.84240000,4.80136587,1.05417542,45.78923496,-4.21076504,3.70862757,92.06349206,26.58730159,9.92063492,36.11111111,97.61904762,50.39682540,1.98412698,41.66666667,28.96825397,49.20634921,61.11111111,93.65079365,94.04761905,92.06349206,33.33333333,71.42857143
2026-05-14,1013.01000000,1024.26000000,1011.35000000,1021.54000000,1.13055875,0.06196033,2.21123829,3.98617687,0.20796139,-2.02232803,0.16865721,-1.75015312,1014.63000000,0.68103644,1.09623600,999.58240000,2.19667733,1.13157773,964.40305000,5.92459242,1.12322655,52.73220041,2.73220041,6.94296545,93.65079365,96.82539683,48.80952381,41.66666667,52.77777778,98.01587302,24.20634921,37.69841270,60.31746032,60.71428571,74.20634921,93.25396825,94.44444444,93.65079365,52.77777778,85.71428571
2026-05-15,1013.92000000,1013.92000000,1003.81000000,1010.44000000,-1.08659475,-2.21715349,0.03167940,0.52521225,-0.69385749,-1.03011956,-0.50513505,-1.89382981,1014.31650000,-0.38217854,-1.06321498,999.98640000,1.04537422,-1.15130312,964.94495000,4.71478192,-1.20981050,46.39971651,-3.60028349,-6.33248390,8.33333333,48.41269841,28.57142857,32.53968254,2.77777778,67.46031746,36.11111111,36.11111111,30.95238095,48.80952381,60.31746032,9.12698413,9.12698413,7.53968254,36.50793651,15.07936508
2026-05-18,1005.16000000,1019.06000000,1004.15000000,1015.72000000,0.52254463,1.60913938,-0.56972806,-2.78096635,0.05812063,-0.95184971,-0.09737290,-0.98147689,1013.91850000,0.17767700,0.55985554,1000.30040000,1.54149693,0.49612272,965.59920000,5.19064225,0.47586033,52.52802732,2.52802732,6.12831081,74.20634921,25.39682540,44.04761905,38.49206349,91.26984127,5.15873016,36.90476190,44.04761905,47.61904762,54.36507937,63.49206349,78.57142857,74.60317460,71.82539683,52.77777778,82.14285714
2026-05-19,1018.01000000,1025.22000000,1017.78000000,1018.82000000,0.30520222,-0.21734241,0.82934167,0.79766227,1.93908589,3.42356100,-0.47475774,-1.54800938,1013.76150000,0.49898324,0.32130624,1000.76640000,1.80397743,0.26248050,966.24955000,5.44067006,0.25002782,56.85580106,6.85580106,4.32777374,61.11111111,76.98412698,87.69841270,33.73015873,40.47619048,71.82539683,91.66666667,40.07936508,55.95238095,57.53968254,67.06349206,65.87301587,62.30158730,59.12698413,61.90476190,74.60317460
2026-05-20,1016.98000000,1037.80000000,1016.86000000,1033.73000000,1.46345773,1.15825550,1.77312645,2.34285451,2.33734606,4.40435917,1.15170848,-1.04633548,1014.49550000,1.89596701,1.39698377,1001.83420000,3.18374038,1.37976295,966.98285000,6.90261983,1.46194977,62.96375115,12.96375115,6.10795009,96.03174603,94.84126984,91.26984127,55.15873016,84.52380952,90.47619048,96.42857143,44.44444444,82.53968254,71.82539683,85.31746032,96.82539683,96.03174603,95.63492063,73.80952381,81.74603175
2026-05-21,1030.04000000,1038.51000000,1028.15000000,1034.98000000,0.12092132,-1.34253640,1.58614868,0.75680701,1.31566067,1.10769928,1.56322065,-2.67355605,1015.18150000,1.95024240,0.05427538,1002.87380000,3.20141976,0.01767938,967.73810000,6.94835721,0.04573737,58.33532839,8.33532839,-4.62842277,51.19047619,91.26984127,78.17460317,61.11111111,13.49206349,70.23809524,65.87301587,32.93650794,82.53968254,71.82539683,86.50793651,51.19047619,48.80952381,48.41269841,66.26984127,23.80952381
2026-05-22,1042.34000000,1048.56000000,1041.38000000,1045.05000000,0.97296566,0.85204434,1.09506351,-0.67806294,3.42524049,4.11909798,2.32947535,-3.87255871,1016.73000000,2.78540025,0.83515786,1003.72640000,4.11701834,0.91559858,968.50080000,7.90388609,0.95552888,65.86679338,15.86679338,7.53146499,88.49206349,83.33333333,96.82539683,69.44444444,80.95238095,29.76190476,94.04761905,25.00000000,91.26984127,87.69841270,95.63492063,86.11111111,89.28571429,88.49206349,80.55555556,88.09523810
2026-05-25,1050.82000000,1056.80000000,1047.37000000,1053.27000000,0.78656524,-0.18640043,1.76718391,0.18103523,3.69688497,3.63876433,3.86458662,-1.03445343,1018.36350000,3.42770533,0.64230508,1004.73380000,4.83075219,0.71373384,969.31035000,8.66179238,0.75790629,65.51172281,15.51172281,-0.35507057,85.31746032,94.04761905,97.22222222,81.34920635,42.46031746,59.92063492,91.66666667,45.63492063,94.84126984,95.23809524,98.41269841,80.95238095,84.92063492,84.52380952,79.76190476,45.23809524
2026-05-26,1054.00000000,1054.00000000,1042.18000000,1042.18000000,-1.05291141,-1.83947665,-0.27462801,-1.36969152,2.29284859,0.35376270,2.11444248,-2.64628918,1020.02700000,2.17180526,-1.25590008,1005.56500000,3.64123652,-1.18951567,970.05060000,7.43563274,-1.22615964,54.50805910,4.50805910,-11.00366371,9.52380952,34.92063492,89.68253968,67.46031746,5.55555556,19.04761905,55.15873016,33.73015873,84.92063492,80.15873016,91.26984127,6.74603175,8.33333333,7.53968254,57.93650794,5.95238095
2026-05-27,1043.00000000,1048.71000000,1037.47000000,1039.95000000,-0.21397455,0.83893686,-1.26463300,-3.03181691,0.60170451,-1.73564155,3.07658760,0.45435046,1021.97400000,1.75894886,-0.41285640,1006.33080000,3.34077025,-0.30046627,970.77480000,7.12577212,-0.30986062,59.38900576,9.38900576,4.88094666,33.73015873,11.11111111,55.95238095,75.39682540,80.15873016,4.36507937,24.20634921,55.15873016,78.17460317,75.00000000,87.30158730,27.77777778,32.14285714,30.15873016,68.25396825,76.98412698
2026-05-28,1037.68000000,1039.95000000,1031.72000000,1037.19000000,-0.26539737,-0.05142282,-0.47880405,-0.20417604,0.21353070,-1.10212997,3.61434951,0.50035870,1023.97450000,1.29060831,-0.46834055,1006.91860000,3.00634033,-0.33442992,971.46020000,6.76608265,-0.35968947,58.93618953,8.93618953,-0.45281624,31.34920635,27.77777778,47.61904762,80.55555556,50.39682540,44.84126984,33.33333333,56.34920635,71.82539683,69.44444444,82.53968254,25.79365079,30.95238095,29.36507937,67.06349206,43.65079365
2026-05-29,1038.32000000,1045.00000000,1033.68000000,1034.93000000,-0.21789643,0.04750094,-0.48271552,0.78191748,-0.96837472,-4.39361521,3.78567561,-0.06344231,1025.01650000,0.96715516,-0.32345315,1007.36100000,2.73675475,-0.26958559,972.14315000,6.45860129,-0.30748136,58.99509359,8.99509359,0.05890406,33.33333333,26.98412698,23.01587302,80.55555556,52.38095238,71.42857143,3.96825397,51.19047619,66.66666667,66.66666667,78.57142857,31.74603175,33.73015873,30.95238095,67.06349206,50.00000000
2026-06-01,1034.29000000,1036.02000000,1026.74000000,1036.02000000,0.10532113,0.32321756,-0.11280479,0.36599926,-1.63775670,-5.33464167,2.16252995,-2.98117443,1026.56850000,0.92068868,-0.04646648,1008.08180000,2.77142192,0.03466717,972.84440000,6.49390591,0.03530462,69.15985753,19.15985753,10.16476395,50.00000000,42.06349206,13.49206349,68.25396825,59.92063492,62.69841270,1.58730159,31.34920635,65.87301587,67.06349206,78.96825397,47.22222222,50.39682540,48.41269841,84.52380952,92.85714286
2026-06-02,1044.56000000,1049.51000000,1042.24000000,1049.06000000,1.25866296,1.15334183,1.36530973,1.84802525,0.66015468,-1.63269391,4.38615694,-0.32107373,1028.29650000,2.01921333,1.09852465,1009.51040000,3.91770110,1.14627917,973.60495000,7.75006844,1.25616253,69.90390513,19.90390513,0.74404760,94.44444444,88.88888889,58.73015873,84.92063492,84.52380952,85.71428571,26.58730159,50.39682540,82.14285714,85.31746032,94.44444444,92.85714286,94.44444444,94.44444444,84.92063492,56.74603175
2026-06-03,1052.31000000,1053.37000000,1042.82000000,1043.95000000,-0.48710274,-1.74576570,0.76542924,0.87823403,0.38463388,-0.21707063,2.90290784,-0.96407690,1028.92200000,1.46055775,-0.55865558,1011.15700000,3.24311655,-0.67458455,974.31495000,7.14707806,-0.60299039,62.24456344,12.24456344,-7.65934170,21.82539683,72.22222222,50.39682540,73.80952381,7.93650794,74.20634921,46.82539683,47.22222222,73.80952381,73.01587302,86.90476190,22.22222222,19.84126984,21.42857143,71.82539683,11.11111111
2026-06-04,1040.00000000,1046.82000000,1033.54000000,1046.82000000,0.27491738,0.76202012,-0.21352449,-1.57883422,0.92847019,0.71493950,1.49111921,-4.20436990,1030.29200000,1.60420541,0.14364766,1012.75900000,3.36318907,0.12007252,975.00510000,7.36559224,0.21851418,71.84197887,21.84197887,9.59741543,58.73015873,38.09523810,66.26984127,60.31746032,76.98412698,15.87301587,61.50793651,22.61904762,74.20634921,76.19047619,90.07936508,55.15873016,53.17460317,56.34920635,86.50793651,92.06349206
2026-06-05,1042.57000000,1047.18000000,1039.23000000,1041.10000000,-0.54641677,-0.82133415,-0.27300158,-1.03843082,0.59617559,1.56455031,2.12669950,-2.76485090,1031.47200000,0.93342330,-0.67078211,1014.09660000,2.66280352,-0.70038555,975.67295000,6.70583826,-0.65975398,65.15766842,15.15766842,-6.68431045,21.03174603,35.31746032,55.95238095,68.65079365,24.60317460,25.39682540,72.22222222,32.53968254,64.68253968,65.87301587,80.55555556,18.65079365,19.44444444,20.23809524,78.17460317,12.69841270
2026-06-08,1031.72000000,1049.73000000,1029.74000000,1044.99000000,0.37364326,0.92006003,-0.17481515,0.03870933,0.86581340,2.50357010,2.70171990,1.27628131,1032.96500000,1.16412463,0.23070133,1015.33380000,2.92083254,0.25802901,976.33330000,7.03209652,0.32625826,65.48337475,15.48337475,0.32570633,65.87301587,39.28571429,64.28571429,73.80952381,81.74603175,54.36507937,81.74603175,63.49206349,67.85714286,70.23809524,84.52380952,57.93650794,61.50793651,63.88888889,78.57142857,52.38095238
2026-06-09,1046.20000000,1062.40000000,1046.04000000,1046.86000000,0.17894908,-0.19469418,0.55326097,0.82626255,-0.20971155,-0.86986623,3.12570804,2.12980705,1035.33600000,1.11306861,-0.05105602,1016.85540000,2.95072436,0.02989182,977.01205000,7.14913905,0.11704253,59.18567231,9.18567231,-6.29770244,53.96825397,66.26984127,36.50793651,76.19047619,41.26984127,73.41269841,39.28571429,68.65079365,67.06349206,70.63492063,86.50793651,47.61904762,50.39682540,52.38095238,65.07936508,15.07936508
2026-06-10,1049.96000000,1057.91000000,1039.66000000,1051.92000000,0.48335021,0.30440113,0.66316424,0.83797940,0.76344653,0.37881265,5.25094053,6.32097270,1037.42600000,1.39711170,0.28404309,1018.68940000,3.26209343,0.31136907,977.74710000,7.58610279,0.43696374,61.25132837,11.25132837,2.06565606,70.63492063,67.85714286,61.90476190,91.26984127,57.53968254,73.41269841,57.14285714,90.47619048,73.01587302,75.00000000,92.06349206,61.90476190,63.49206349,68.65079365,68.65079365,65.07936508
2026-06-11,1054.55000000,1069.29000000,1054.13000000,1063.09000000,1.06186782,0.57851761,1.55035057,0.99708960,1.55423091,0.62576072,5.24393141,5.44745253,1039.50350000,2.26901593,0.87190423,1020.66160000,4.15695075,0.89485732,978.52405000,8.64219433,1.05609155,61.80937418,11.80937418,0.55804581,90.47619048,90.47619048,80.95238095,90.87301587,71.82539683,75.39682540,59.92063492,87.69841270,84.92063492,89.28571429,98.01587302,86.50793651,88.09523810,90.87301587,69.84126984,54.36507937
2026-06-12,1069.88000000,1081.18000000,1065.64000000,1081.18000000,1.70164332,0.63977550,2.78158035,2.11841611,3.84977428,3.25359869,5.83824422,5.66958701,1043.04050000,3.65656942,1.38755349,1023.08920000,5.67797998,1.52102924,979.41265000,10.39065097,1.74845663,66.17971014,16.17971014,4.37033596,97.22222222,98.41269841,97.61904762,94.04761905,74.20634921,89.28571429,88.49206349,88.88888889,96.42857143,98.80952381,100.00000000,96.03174603,96.42857143,98.01587302,80.55555556,74.20634921
2026-06-15,1090.95000000,1091.71000000,1073.96000000,1075.52000000,-0.52350210,-2.22514542,1.16923308,-0.38111749,2.92155906,2.05574566,6.44075848,6.94589353,1046.03050000,2.81918166,-0.83738777,1025.06500000,4.92212689,-0.75585310,980.30715000,9.71255285,-0.67809812,70.62608265,20.62608265,4.44637251,21.03174603,83.33333333,94.44444444,97.22222222,2.77777778,39.28571429,76.98412698,92.46031746,90.87301587,95.63492063,99.60317460,13.49206349,17.06349206,19.84126984,85.31746032,74.60317460
2026-06-16,1077.05000000,1079.38000000,1069.45000000,1070.05000000,-0.50859119,0.01491091,-1.02943081,-3.81101116,2.21519592,2.42490747,5.34891506,5.44628795,1048.59200000,2.04636312,-0.77281854,1026.94880000,4.19701547,-0.72511142,981.17610000,9.05789491,-0.65465794,67.90387818,17.90387818,-2.72220447,21.82539683,14.28571429,86.90476190,91.26984127,51.19047619,1.98412698,79.36507937,86.50793651,80.95238095,88.49206349,98.01587302,14.68253968,19.44444444,20.63492063,82.14285714,31.74603175
2026-06-17,1070.64000000,1082.70000000,1069.66000000,1082.70000000,1.18218775,1.69077894,0.66758405,-0.50164903,2.92607803,2.16263150,6.26999863,6.74475636,1051.04050000,3.01220552,0.96584240,1029.16520000,5.20176936,1.00475389,982.17015000,10.23548211,1.17758720,74.22032996,24.22032996,6.31645178,93.25396825,66.66666667,94.44444444,96.03174603,92.06349206,35.31746032,77.38095238,91.26984127,92.85714286,96.42857143,99.60317460,88.88888889,90.47619048,92.85714286,89.68253968,81.74603175
2026-06-18,1077.31000000,1082.90000000,1075.23000000,1081.41000000,-0.11914658,-1.30133433,1.06163263,2.09106344,1.72327837,0.16904746,4.61242297,3.46071449,1053.36200000,2.66271234,-0.34949318,1030.72940000,4.91696463,-0.28480473,983.13585000,9.99598886,-0.23949326,74.99462250,24.99462250,0.77429254,38.88888889,80.95238095,81.34920635,83.33333333,15.87301587,88.09523810,50.39682540,73.41269841,87.30158730,94.84126984,99.20634921,30.15873016,32.14285714,35.31746032,91.66666667,57.14285714
2026-06-19,1079.64000000,1081.87000000,1076.30000000,1078.16000000,-0.30053356,-0.18138698,-0.41932207,-1.08690612,-0.27932444,-4.12909872,4.17206130,2.60884065,1055.01750000,2.19356551,-0.46914683,1032.19020000,4.45361717,-0.46334745,984.02570000,9.56624405,-0.42974480,72.14631070,22.14631070,-2.84831180,28.17460317,28.96825397,32.14285714,80.55555556,41.66666667,24.20634921,5.95238095,67.85714286,82.93650794,90.87301587,98.41269841,25.39682540,24.20634921,25.79365079,86.11111111,30.95238095
2026-06-22,1080.39000000,1087.93000000,1078.67000000,1082.93000000,0.44242042,0.74295398,0.14055724,-0.92107540,0.68896906,-2.23259000,3.62470695,1.29523160,1056.50050000,2.50160790,0.30804239,1033.64380000,4.76819964,0.31458247,984.94695000,9.94805355,0.38180950,69.49464717,19.49464717,-2.65166353,67.06349206,48.41269841,57.14285714,76.58730159,76.98412698,26.19047619,19.04761905,60.31746032,84.52380952,93.65079365,98.80952381,63.09523810,63.09523810,65.47619048,82.14285714,32.53968254
2026-06-23,1069.14000000,1071.28000000,1062.53000000,1065.63000000,-1.59751785,-2.03993827,-1.16216517,-0.74284311,-0.41306481,-2.62826073,1.17348828,-2.69109834,1057.67300000,0.75231191,-1.74929599,1034.71280000,2.98799822,-1.78020143,985.75170000,8.10328808,-1.84476547,60.94286291,10.94286291,-8.55178426,3.17460317,13.09523810,29.36507937,51.19047619,3.96825397,30.55555556,16.66666667,28.96825397,57.14285714,68.25396825,93.25396825,2.77777778,2.77777778,2.77777778,64.28571429,8.73015873
2026-06-24,1069.60000000,1070.09000000,1060.81000000,1065.35000000,-0.02627554,1.57124231,-1.62337363,-1.76393086,-1.60247529,-4.52855332,2.22322440,0.10878191,1058.94300000,0.60503729,-0.14727463,1035.62340000,2.87040637,-0.11759185,986.54000000,7.98852555,-0.11476253,59.60402198,9.60402198,-1.33884094,44.84126984,7.53968254,13.49206349,65.47619048,90.47619048,14.28571429,4.36507937,49.60317460,52.77777778,65.87301587,92.46031746,41.26984127,42.06349206,42.06349206,63.09523810,38.88888889
2026-06-25,1070.91000000,1075.83000000,1065.20000000,1067.71000000,0.22152344,0.24779898,0.19518970,1.35735487,-1.26686456,-2.99014292,2.66935910,-0.40722850,1060.46900000,0.68281110,0.07777381,1036.66620000,2.99458013,0.12417376,987.37100000,8.13665785,0.14813230,64.28954999,14.28954999,4.68552802,55.95238095,50.39682540,17.46031746,69.04761905,55.95238095,81.34920635,11.50793651,45.63492063,54.36507937,68.25396825,94.04761905,51.98412698,53.57142857,53.57142857,72.22222222,76.19047619
2026-06-26,1063.92000000,1064.24000000,1053.04000000,1060.73000000,-0.65373556,-0.87525901,-0.43366030,1.18971333,-1.61664317,-1.33731873,2.26959381,-1.34475570,1061.75900000,-0.09691465,-0.77972574,1037.54660000,2.23444422,-0.76013591,988.14600000,7.34547324,-0.79118461,58.18087318,8.18087318,-6.10867681,18.25396825,28.96825397,13.49206349,65.47619048,23.41269841,79.76190476,32.14285714,37.30158730,35.71428571,59.12698413,84.52380952,15.07936508,15.87301587,15.87301587,58.33333333,16.66666667
2026-06-29,1062.87000000,1067.29000000,1057.09000000,1065.34000000,0.43460636,1.08834192,-0.22197039,-0.41716009,-1.62429705,-2.31326610,2.93836298,-0.84731262,1063.22500000,0.19892309,0.29583774,1038.37980000,2.59637177,0.36192755,988.92825000,7.72672335,0.38125011,59.33899333,9.33899333,1.15812015,66.66666667,36.50793651,13.09523810,71.03174603,83.33333333,39.68253968,19.44444444,43.25396825,41.66666667,61.11111111,89.68253968,62.30158730,67.46031746,65.47619048,61.11111111,60.71428571
2026-06-30,1072.32000000,1082.07000000,1069.51000000,1080.17000000,1.39204385,0.95743750,1.83270012,2.26636042,1.36445108,1.77751589,4.26150074,2.09897079,1064.78050000,1.44532136,1.24639827,1039.54400000,3.90805969,1.31168792,989.73345000,9.13746524,1.41074189,62.99328489,12.99328489,3.65429156,94.84126984,94.84126984,75.79365079,80.95238095,81.74603175,90.07936508,75.00000000,65.07936508,69.84126984,83.73015873,96.42857143,94.04761905,94.04761905,94.84126984,69.84126984,68.65079365
2026-07-01,1079.25000000,1080.27000000,1070.15000000,1073.14000000,-0.65082348,-2.04286734,0.73216062,0.95413101,0.73121509,2.33369039,2.29538825,-2.09076869,1066.24000000,0.64713385,-0.79818751,1040.62580000,3.12448529,-0.78357440,990.54155000,8.33871633,-0.79874891,54.80539352,4.80539352,-8.18789137,18.65079365,70.23809524,58.33333333,64.68253968,3.96825397,74.60317460,79.76190476,29.36507937,52.38095238,68.65079365,94.04761905,14.68253968,15.47619048,15.07936508,49.60317460,9.92063492
2026-07-02,1066.73000000,1080.36000000,1066.59000000,1072.74000000,-0.03727379,0.61354969,-0.68785469,-2.52055481,0.47110170,1.73796626,2.75779491,-0.14511292,1067.53600000,0.48747771,-0.15965615,1041.65540000,2.98415388,-0.14033141,991.33120000,8.21206878,-0.12664755,45.14272560,-4.85727440,-9.66266792,44.04761905,19.44444444,49.20634921,69.04761905,72.61904762,7.14285714,73.80952381,46.82539683,47.61904762,66.66666667,93.25396825,40.07936508,40.07936508,40.07936508,25.79365079,6.74603175
2026-07-03,1077.20000000,1084.82000000,1075.16000000,1083.18000000,0.97320879,1.01048259,0.93557225,0.20341162,2.11646696,3.73311013,3.47337651,1.98225730,1069.64000000,1.26584645,0.77836875,1043.03740000,3.84862518,0.86447130,992.08060000,9.18266117,0.97059238,54.17848571,4.17848571,9.03576011,86.90476190,78.17460317,85.31746032,74.60317460,83.33333333,58.73015873,92.06349206,64.28571429,65.87301587,82.14285714,96.42857143,84.12698413,86.11111111,86.90476190,48.41269841,90.47619048
2026-07-06,1082.15000000,1085.67000000,1076.85000000,1082.41000000,-0.07108698,-1.04429578,0.90142998,1.58928467,1.60230537,3.22660241,3.96791855,1.84121905,1071.51100000,1.01716175,-0.24868471,1044.27360000,3.65195481,-0.19667037,992.84295000,9.02127069,-0.16139048,57.10671573,7.10671573,2.92823002,41.66666667,76.58730159,79.76190476,79.36507937,21.42857143,83.73015873,87.30158730,62.30158730,61.11111111,78.57142857,95.23809524,35.71428571,36.50793651,38.88888889,54.76190476,67.46031746
2026-07-07,1081.18000000,1087.22000000,1079.00000000,1079.00000000,-0.31503774,-0.24395076,-0.38590077,-1.32147302,-0.10831628,-1.47276736,3.25457660,0.55285670,1073.11800000,0.54812239,-0.46903936,1045.67540000,3.18689720,-0.46505762,993.58485000,8.59666389,-0.42460680,47.61966032,-2.38033968,-9.48705541,27.38095238,30.55555556,36.50793651,71.82539683,37.69841270,20.23809524,28.57142857,52.77777778,48.41269841,69.04761905,93.65079365,25.39682540,23.41269841,25.39682540,34.52380952,7.14285714
2026-07-08,1080.40000000,1082.42000000,1070.26000000,1076.15000000,-0.26413346,0.05090428,-0.57833908,-1.47976906,0.28048530,-0.45072979,2.79789084,-0.32781720,1074.32950000,0.16945453,-0.37866786,1047.17820000,2.76665423,-0.42024296,994.29230000,8.23276012,-0.36390376,46.68264379,-3.31735621,-0.93701652,30.55555556,23.01587302,45.63492063,67.85714286,51.98412698,18.25396825,44.44444444,43.65079365,39.28571429,61.11111111,92.06349206,29.36507937,25.39682540,27.77777778,30.55555556,42.06349206
2026-07-09,1082.82000000,1085.79000000,1078.98000000,1083.32000000,0.66626400,0.93039745,0.40037071,0.78627149,0.98625949,0.51515778,2.98501787,-2.26592265,1075.34100000,0.74199719,0.57254266,1048.90100000,3.28143457,0.51478033,995.03190000,8.87289141,0.64013129,53.10096154,3.10096154,6.41831774,81.34920635,57.14285714,67.06349206,69.44444444,81.34920635,69.84126984,58.33333333,27.38095238,55.95238095,71.03174603,94.84126984,78.96825397,75.39682540,79.76190476,46.03174603,82.93650794
2026-07-10,1078.55000000,1086.59000000,1077.02000000,1084.23000000,0.08400103,-0.58226296,0.75082470,1.32916378,0.09693680,-2.01953016,1.98854283,-3.25538858,1075.49350000,0.81232476,0.07032757,1050.30380000,3.23013208,-0.05130249,995.78125000,8.88234740,0.00945599,50.81925889,0.81925889,-2.28170265,49.60317460,70.23809524,41.26984127,57.53968254,30.95238095,80.95238095,23.80952381,21.42857143,57.93650794,69.44444444,94.84126984,52.38095238,46.03174603,48.01587302,39.68253968,34.92063492
2026-07-13,1081.51000000,1086.41000000,1079.87000000,1085.40000000,0.10791068,0.02390965,0.19200236,-0.20836835,0.27623544,-1.32606993,0.39031429,-5.44792993,1075.98750000,0.87477782,0.06245306,1051.91220000,3.18351665,-0.04661543,996.51650000,8.91942080,0.03707340,65.63834836,15.63834836,14.81908948,50.79365079,50.39682540,46.03174603,35.71428571,51.19047619,45.23809524,32.93650794,11.11111111,58.33333333,67.46031746,94.84126984,51.98412698,46.82539683,49.20634921,76.58730159,98.80952381
2026-07-14,1083.09000000,1091.25000000,1079.00000000,1089.86000000,0.41090842,0.30299774,0.51926252,-0.23156218,1.00648749,1.11480377,1.33330854,-5.10744994,1076.97800000,1.19612471,0.32134689,1053.41940000,3.45926798,0.27575133,997.25715000,9.28575443,0.36633363,68.18519068,18.18519068,2.54684232,65.47619048,62.30158730,67.06349206,48.01587302,57.14285714,44.44444444,65.07936508,12.30158730,64.68253968,74.60317460,97.22222222,65.87301587,61.90476190,64.68253968,80.95238095,66.26984127
2026-07-15,1100.38000000,1102.37000000,1095.57000000,1097.90000000,0.73770943,0.32680101,1.15164916,0.95964680,2.02109371,1.74060841,2.60268212,-2.74623294,1077.73800000,1.87077008,0.67464536,1054.74860000,4.09115499,0.63188701,998.03275000,10.00641011,0.72065568,70.65827289,20.65827289,2.47308221,82.53968254,82.93650794,84.92063492,64.68253968,59.52380952,74.20634921,73.80952381,25.79365079,76.98412698,84.52380952,99.20634921,82.53968254,81.34920635,82.53968254,84.12698413,65.87301587
2026-07-16,1100.92000000,1102.38000000,1088.71000000,1102.38000000,0.40805174,-0.32965770,1.14877140,0.62950888,1.75940627,0.77314678,1.81767803,-4.45232060,1078.78650000,2.18704072,0.31627064,1056.40780000,4.35174750,0.26059251,998.80375000,10.37003015,0.36362004,79.50970667,29.50970667,8.85143379,65.07936508,82.53968254,80.55555556,53.96825397,33.73015873,65.07936508,61.11111111,14.68253968,82.14285714,88.49206349,99.60317460,64.28571429,59.92063492,64.28571429,95.63492063,89.68253968
2026-07-17,1090.97000000,1096.10000000,1086.24000000,1091.97000000,-0.94432047,-1.35237221,-0.54012205,-1.69177121,0.71387067,0.61693388,0.97650290,-3.63592007,1079.47700000,1.15731970,-1.02972101,1057.89720000,3.22080444,-1.13094306,999.46890000,9.25502534,-1.11500480,67.43485662,17.43485662,-12.07485006,11.11111111,22.61904762,57.14285714,41.26984127,13.49206349,14.68253968,58.33333333,20.63492063,62.30158730,67.85714286,95.63492063,10.31746032,9.92063492,10.31746032,78.57142857,3.57142857
2026-07-20,1091.43000000,1096.67000000,1088.85000000,1090.53000000,-0.13187175,0.81244872,-1.07494693,-2.22371833,0.47263682,0.19640138,1.14732507,-3.02473622,1079.85700000,0.98837161,-0.16894809,1059.40520000,2.93795047,-0.28285398,1000.11400000,9.04056938,-0.21445597,58.22483328,8.22483328,-9.21002334,37.30158730,13.09523810,48.80952381,44.04761905,77.77777778,9.12698413,51.98412698,23.41269841,59.52380952,61.90476190,93.65079365,38.88888889,31.34920635,35.71428571,55.95238095,8.33333333
2026-07-21,1093.34000000,1096.74000000,1088.71000000,1096.74000000,0.56944788,0.70131964,0.43682519,0.97694724,0.63127374,-0.37521375,1.27524401,-2.34946294,1081.41250000,1.41735924,0.42898763,1061.35120000,3.33431573,0.39636526,1000.76300000,9.59038254,0.54981316,68.98326898,18.98326898,10.75843570,76.58730159,57.14285714,54.36507937,46.03174603,74.60317460,74.60317460,44.44444444,29.76190476,68.65079365,71.42857143,97.22222222,71.82539683,69.44444444,76.19047619,80.55555556,94.84126984
2026-07-22,1088.83000000,1102.47000000,1087.23000000,1100.81000000,0.37109980,-0.19834808,0.94266091,2.01760784,0.26505146,-1.75604225,3.30133348,2.12784520,1083.18550000,1.62709896,0.20973972,1063.16500000,3.54084267,0.20652694,1001.46350000,9.92013189,0.32974935,71.32006684,21.32006684,2.33679786,63.88888889,78.57142857,43.65079365,72.22222222,40.07936508,88.09523810,23.41269841,65.47619048,71.42857143,74.20634921,97.61904762,57.53968254,58.73015873,62.30158730,84.52380952,65.07936508
2026-07-23,1098.99000000,1099.28000000,1084.57000000,1086.67000000,-1.28450868,-1.65560848,-0.91817568,-1.35500087,-1.42509842,-3.18450469,2.00122026,-0.22200414,1084.13350000,0.23396565,-1.39313331,1064.46760000,2.08577509,-1.45506759,1002.09375000,8.43995385,-1.48017804,52.50970804,2.50970804,-18.81035880,5.55555556,14.28571429,15.47619048,56.74603175,9.52380952,19.84126984,10.71428571,47.61904762,38.49206349,50.39682540,89.28571429,4.76190476,4.76190476,5.15873016,41.26984127,1.19047619
2026-07-24,1081.75000000,1091.34000000,1081.75000000,1090.04000000,0.31012175,1.59463043,-0.97837047,-1.92103138,-0.17674478,-0.89061546,2.09139186,-0.57796725,1085.59900000,0.40908291,0.17511726,1066.05960000,2.24944271,0.16366763,1002.75195000,8.70484969,0.26489584,55.28906142,5.28906142,2.77935338,59.92063492,13.88888889,32.93650794,57.14285714,91.66666667,11.11111111,38.09523810,44.44444444,42.06349206,52.38095238,90.47619048,55.95238095,55.15873016,59.12698413,47.22222222,65.87301587
2026-07-27,1093.11000000,1099.12000000,1081.13000000,1081.13000000,-0.81740120,-1.12752294,-0.50981439,0.40836130,-0.86196620,-1.33460302,1.92320383,-0.34638998,1086.38850000,-0.48403495,-0.89311786,1067.36780000,1.28935874,-0.96008398,1003.45530000,7.74072348,-0.96412621,51.37189231,1.37189231,-3.91716911,13.09523810,23.80952381,21.03174603,53.96825397,17.85714286,61.50793651,31.74603175,45.63492063,20.23809524,40.07936508,82.14285714,13.88888889,11.90476190,12.30158730,37.69841270,27.77777778
2026-07-28,1083.32000000,1095.12000000,1082.01000000,1092.50000000,1.05167741,1.86907861,0.22567979,1.20405026,-0.38660029,-1.01787403,2.54942084,-0.38894214,1087.00500000,0.50551745,0.98955240,1068.84140000,2.21348088,0.92412214,1004.15865000,8.79754907,1.05682559,59.48926291,9.48926291,8.11737060,89.28571429,51.19047619,28.57142857,63.49206349,95.23809524,79.76190476,36.50793651,45.63492063,44.44444444,51.19047619,90.47619048,90.07936508,88.88888889,90.07936508,59.52380952,87.30158730
2026-07-29,1093.60000000,1094.60000000,1085.50000000,1093.10000000,0.05491991,-0.99675750,1.10717490,1.61698929,-0.70039335,-0.96544481,1.19703380,-3.06446694,1088.00300000,0.46847297,-0.03704448,1070.02880000,2.15612888,-0.05735200,1004.87705000,8.77947705,-0.01807202,56.14475999,6.14475999,-3.34450292,47.22222222,81.74603175,23.41269841,43.25396825,21.82539683,84.12698413,37.30158730,23.41269841,42.46031746,50.00000000,90.07936508,47.22222222,44.84126984,46.03174603,48.41269841,29.76190476
2026-07-30,1092.35000000,1109.02000000,1092.22000000,1104.69000000,1.06028726,1.00536735,1.11578947,0.89010968,1.65827712,3.08337555,2.93997055,0.64458230,1089.60050000,1.38486537,0.91639240,1071.42300000,3.10493615,0.94880726,1005.62445000,9.85114771,1.07167066,61.33392422,11.33392422,5.18916423,89.28571429,82.14285714,79.76190476,68.65079365,83.33333333,71.82539683,85.71428571,55.15873016,66.66666667,63.49206349,97.22222222,87.69841270,89.28571429,90.07936508,62.30158730,77.38095238
2026-07-31,1106.39000000,1112.17000000,1095.91000000,1099.18000000,-0.49878246,-1.55906972,0.55621627,-0.55095863,0.83850134,1.01524612,2.46471652,-0.29307839,1090.40050000,0.80516287,-0.57970250,1072.50560000,2.48711056,-0.61782559,1006.32535000,9.22710036,-0.62404735,57.28329810,7.28329810,-4.05062612,20.23809524,62.69841270,59.92063492,61.90476190,11.11111111,33.33333333,63.88888889,47.61904762,53.96825397,53.17460317,93.65079365,20.23809524,20.23809524,19.44444444,51.58730159,25.39682540
2026-08-03,1097.36000000,1102.62000000,1096.40000000,1102.22000000,0.27656981,0.77535227,-0.22359214,-1.33938161,1.95073673,2.81270293,1.75778726,-1.71558926,1091.39100000,0.99222002,0.18705715,1073.48460000,2.67683393,0.18972337,1007.05715000,9.44959777,0.22249741,56.63232453,6.63232453,-0.65097356,57.14285714,34.92063492,84.12698413,50.79365079,76.19047619,19.84126984,84.12698413,35.71428571,58.33333333,55.95238095,95.63492063,56.34920635,56.74603175,56.34920635,48.41269841,44.44444444
2026-08-04,1107.38000000,1113.86000000,1107.38000000,1112.49000000,0.93175591,0.65518610,1.21090267,0.65468641,1.82974828,2.21634857,2.77898393,-1.18893461,1093.06550000,1.77706642,0.78484640,1074.89080000,3.49795533,0.82112140,1007.78750000,10.38934299,0.93974522,57.64594906,7.64594906,1.01362453,84.92063492,84.52380952,81.34920635,66.26984127,72.61904762,65.47619048,78.17460317,38.88888889,74.20634921,73.80952381,99.60317460,84.52380952,84.92063492,85.31746032,52.38095238,58.73015873
2026-08-05,1117.42000000,1118.24000000,1110.79000000,1111.34000000,-0.10337172,-1.03512763,0.82742102,1.05101316,1.66864880,2.36904214,2.99721965,-0.25735695,1094.82500000,1.50846026,-0.26860617,1076.31860000,3.25381351,-0.24414182,1008.51130000,10.19608804,-0.19325496,54.86533449,4.86533449,-2.78061457,38.49206349,72.22222222,78.96825397,69.04761905,21.42857143,76.19047619,79.76190476,48.01587302,69.04761905,67.85714286,98.41269841,33.73015873,33.33333333,36.50793651,44.04761905,30.95238095
2026-08-06,1110.85000000,1114.98000000,1108.82000000,1112.47000000,0.10167905,0.20505077,-0.00179777,-1.21270044,0.70426998,-0.95400715,3.37499419,0.57710336,1096.28250000,1.47658108,-0.03187917,1077.82420000,3.21442031,-0.03939320,1009.24365000,10.22809011,0.03200208,62.37922705,12.37922705,7.51389256,48.41269841,44.44444444,55.15873016,73.41269841,54.36507937,23.41269841,36.11111111,54.76190476,68.65079365,65.87301587,98.41269841,48.01587302,46.42857143,46.82539683,65.07936508,86.11111111
2026-08-07,1111.01000000,1116.68000000,1110.69000000,1111.47000000,-0.08989006,-0.19156912,0.01169759,-0.81572343,1.11810622,0.27960489,2.59849352,-0.38652435,1097.64450000,1.25956081,-0.21702027,1079.35500000,2.97538808,-0.23903223,1009.93140000,10.05400961,-0.17408051,62.71248179,12.71248179,0.33325473,38.88888889,45.23809524,67.46031746,62.30158730,40.47619048,29.76190476,53.57142857,44.84126984,62.30158730,59.92063492,97.61904762,37.30158730,33.73015873,37.69841270,65.87301587,53.17460317
2026-08-10,1111.89000000,1117.01000000,1111.02000000,1113.35000000,0.16914537,0.25903543,0.07910326,0.08090103,1.00978026,-0.94095647,2.68577700,0.69723417,1099.04200000,1.30186108,0.04230026,1080.90160000,3.00197539,0.02658731,1010.60330000,10.16686765,0.11285804,60.64334230,10.64334230,-2.06913948,51.98412698,46.82539683,64.28571429,63.88888889,55.55555556,54.76190476,36.90476190,55.95238095,63.49206349,61.11111111,97.61904762,50.79365079,49.60317460,51.58730159,59.52380952,36.11111111
2026-08-11,1115.36000000,1121.32000000,1114.02000000,1116.77000000,0.30718103,0.13803566,0.47684598,0.46514839,0.38472256,-1.44502572,2.89017874,2.49986445,1100.38750000,1.48879372,0.18693265,1082.25580000,3.18909818,0.18712279,1011.27715000,10.43164577,0.26477811,60.31274231,10.31274231,-0.33059999,59.12698413,57.93650794,46.03174603,66.26984127,51.98412698,62.30158730,26.98412698,67.06349206,68.65079365,64.68253968,100.00000000,57.14285714,57.14285714,59.12698413,58.73015873,46.42857143
2026-08-12,1120.57000000,1120.57000000,1109.70000000,1112.28000000,-0.40205235,-0.70923338,-0.09610635,-0.17520960,0.08458258,-1.58406622,2.05714495,0.72383642,1101.10650000,1.01475198,-0.47404174,1083.62240000,2.64461126,-0.54448692,1011.96555000,9.91283251,-0.51881326,68.90595010,18.90595010,8.59320779,23.80952381,40.47619048,37.69841270,53.17460317,27.77777778,46.42857143,25.39682540,55.95238095,55.95238095,51.98412698,94.84126984,23.80952381,21.42857143,21.82539683,79.36507937,88.88888889
2026-08-13,1116.50000000,1120.65000000,1114.01000000,1119.59000000,0.65720862,1.05926096,0.25251395,-0.22433203,0.64001726,-0.06425272,1.97558976,-0.62709236,1101.96700000,1.59923119,0.58447921,1085.07780000,3.18061986,0.53600860,1012.68675000,10.55639861,0.64356610,70.61532022,20.61532022,1.70937012,79.76190476,51.58730159,53.57142857,51.19047619,84.52380952,44.04761905,49.20634921,42.06349206,69.04761905,63.09523810,100.00000000,78.96825397,76.58730159,79.36507937,82.53968254,61.90476190
2026-08-14,1121.72000000,1124.13000000,1117.22000000,1117.82000000,-0.15809359,-0.81530220,0.49807602,0.59418237,0.57131547,-0.54679076,1.40060596,-0.41707207,1103.25950000,1.31977110,-0.27946010,1086.61220000,2.87202739,-0.30859247,1013.36780000,10.30743231,-0.24896630,78.42863784,28.42863784,7.81331763,34.92063492,58.33333333,50.79365079,42.06349206,25.79365079,64.28571429,44.04761905,42.85714286,62.69841270,55.95238095,98.01587302,34.12698413,30.95238095,33.33333333,94.84126984,86.11111111
2026-08-17,1119.47000000,1122.49000000,1114.56000000,1114.80000000,-0.27016872,-0.11207513,-0.42783519,-0.68034914,0.13023757,-0.87954269,2.09071678,1.11421388,1104.47300000,0.93501607,-0.38475503,1088.00840000,2.46244422,-0.40958317,1014.08450000,9.93166743,-0.37576488,69.84692061,19.84692061,-8.58171723,28.17460317,27.38095238,39.28571429,53.17460317,45.23809524,30.95238095,39.68253968,57.93650794,52.77777778,48.80952381,94.44444444,28.96825397,25.79365079,26.98412698,80.55555556,9.92063492
2026-08-18,1112.88000000,1115.15000000,1106.71000000,1107.32000000,-0.67097237,-0.40080365,-0.93932834,-1.43740436,-0.84619035,-1.23091291,1.53961835,0.39229328,1105.00200000,0.20977338,-0.72524269,1089.21760000,1.66196360,-0.80048063,1014.76625000,9.12069652,-0.81097091,61.27497621,11.27497621,-8.57194440,17.06349206,13.49206349,19.04761905,44.44444444,33.33333333,18.65079365,32.53968254,51.19047619,31.34920635,38.09523810,88.09523810,17.06349206,15.07936508,14.68253968,59.52380952,10.31746032
2026-08-19,1107.82000000,1107.99000000,1101.71000000,1102.43000000,-0.44160676,0.22936561,-1.10961607,-0.68178088,-0.88556838,-0.97015096,0.51881029,-0.75643372,1105.08300000,-0.24007247,-0.44984584,1090.22780000,1.11923398,-0.54272962,1015.43240000,8.56754226,-0.55315425,47.99503194,-2.00496806,-13.27994428,23.01587302,11.90476190,18.65079365,26.19047619,55.15873016,31.34920635,36.90476190,40.87301587,21.82539683,32.53968254,82.53968254,27.38095238,22.22222222,21.82539683,26.58730159,3.17460317
2026-08-20,1102.94000000,1105.78000000,1096.71000000,1102.78000000,0.03174805,0.47335481,-0.40999892,0.52932942,-1.50144249,-2.14145975,0.17895913,-3.12237435,1105.88850000,-0.28108620,-0.04101374,1091.02160000,1.07774218,-0.04149180,1016.09185000,8.53152695,-0.03601531,53.51562500,3.51562500,5.52059306,47.22222222,29.36507937,12.69841270,23.41269841,65.47619048,64.28571429,18.65079365,23.41269841,20.23809524,32.14285714,82.14285714,48.41269841,47.22222222,46.03174603,38.88888889,78.96825397
2026-08-21,1102.83000000,1107.52000000,1101.63000000,1105.97000000,0.28926894,0.25752089,0.32110882,1.43072490,-1.06009912,-1.63141459,1.77606817,-0.22515208,1106.68500000,-0.06460736,0.21647884,1091.51740000,1.32408334,0.24634115,1016.81640000,8.76791523,0.23638828,53.65141188,3.65141188,0.13578688,58.73015873,54.76190476,17.46031746,47.22222222,55.95238095,83.33333333,25.39682540,47.61904762,27.38095238,33.73015873,84.12698413,59.52380952,61.11111111,58.33333333,39.28571429,50.79365079
2026-08-24,1103.03000000,1111.01000000,1102.18000000,1109.95000000,0.35986510,0.07059616,0.65017501,1.06017393,-0.43505562,-0.56529319,1.82653848,-0.26485338,1108.12600000,0.16460222,0.22920958,1092.20600000,1.62460195,0.30051862,1017.61230000,9.07395675,0.30604152,47.18153573,-2.81846427,-6.46987615,62.69841270,64.68253968,27.77777778,47.61904762,50.79365079,77.38095238,45.23809524,47.22222222,31.34920635,37.30158730,87.69841270,59.52380952,64.28571429,61.11111111,24.60317460,14.28571429
2026-08-25,1113.05000000,1113.05000000,1104.43000000,1108.34000000,-0.14505158,-0.50491667,0.21429153,-0.10681730,0.09211429,0.93830465,2.51681111,0.59360728,1108.91800000,-0.05212288,-0.21672510,1092.97180000,1.40609300,-0.21850895,1018.34860000,8.83699354,-0.23696321,46.70474517,-3.29525483,-0.47679056,36.11111111,50.79365079,39.68253968,59.92063492,31.74603175,47.61904762,64.68253968,55.15873016,27.77777778,34.92063492,84.92063492,38.88888889,36.50793651,35.31746032,22.61904762,44.84126984
2026-08-26,1108.56000000,1110.89000000,1103.00000000,1107.76000000,-0.05233051,0.09272107,-0.19730618,-0.84748120,0.48347741,1.36904579,1.39679634,-1.15262450,1109.65100000,-0.17041394,-0.11829106,1093.47300000,1.30657090,-0.09952210,1019.03445000,8.70682537,-0.13016817,44.76317545,-5.23682455,-1.94156972,41.26984127,36.50793651,49.60317460,39.68253968,51.58730159,28.17460317,69.84126984,37.30158730,24.20634921,32.53968254,82.93650794,43.25396825,42.85714286,40.07936508,16.66666667,37.30158730
2026-08-27,1108.54000000,1108.80000000,1099.14000000,1103.38000000,-0.39539250,-0.34306199,-0.44751611,-0.66180763,0.05440795,1.55585044,0.94044461,-0.25658919,1109.58550000,-0.55926290,-0.38884895,1093.91240000,0.86548064,-0.44109026,1019.70880000,8.20540139,-0.50142398,41.63391934,-8.36608066,-3.12925611,23.80952381,26.19047619,37.30158730,30.55555556,32.93650794,31.34920635,71.42857143,48.01587302,16.26984127,28.57142857,77.77777778,28.57142857,23.80952381,23.01587302,11.50793651,29.36507937
2026-08-28,1107.42000000,1112.79000000,1103.98000000,1112.28000000,0.80661241,1.20200491,0.40803062,0.60533681,0.57053989,1.63063901,0.68707058,-2.25289997,1110.24050000,0.18369894,0.74296183,1094.59480000,1.61568464,0.75020400,1020.46265000,8.99761985,0.79221847,49.03377280,-0.96622720,7.39985346,84.12698413,55.95238095,52.38095238,26.98412698,87.30158730,64.68253968,72.61904762,30.15873016,32.93650794,36.90476190,86.11111111,83.33333333,84.12698413,84.12698413,30.95238095,85.31746032
2026-08-31,1110.99000000,1114.43000000,1105.11000000,1105.77000000,-0.58528428,-1.39189669,0.21660715,0.66412326,-0.37659354,0.05846208,0.59953784,-1.86517868,1110.41800000,-0.41858111,-0.60228005,1095.05160000,0.97880319,-0.63688144,1021.23190000,8.27805124,-0.71956861,40.59185768,-9.40814232,-8.44191512,17.85714286,50.39682540,27.38095238,25.00000000,13.88888889,66.66666667,50.00000000,32.14285714,17.46031746,28.57142857,78.57142857,18.65079365,19.44444444,17.06349206,9.12698413,11.11111111
2026-09-01,1108.16000000,1109.77000000,1099.70000000,1101.92000000,-0.34817367,0.23711061,-0.93142015,-1.33945077,-0.57924464,-0.67135893,-0.02721780,-1.78500505,1109.88950000,-0.71804445,-0.29946334,1095.77740000,0.56057006,-0.41823313,1022.01465000,7.81841532,-0.45963592,41.04116223,-8.95883777,0.44930455,25.79365079,13.88888889,24.60317460,20.23809524,55.55555556,20.23809524,41.66666667,32.93650794,13.09523810,25.00000000,73.01587302,32.93650794,25.39682540,23.80952381,9.92063492,53.96825397
2026-09-02,1099.56000000,1103.77000000,1096.29000000,1103.67000000,0.15881371,0.50698738,-0.18991291,-0.40652006,-0.36921355,-0.85269096,-0.79281612,-3.57180005,1109.50600000,-0.52599986,0.19204459,1096.54380000,0.64987828,0.08930822,1022.87860000,7.89843487,0.08001954,34.76846537,-15.23153463,-6.27269686,52.38095238,36.11111111,27.77777778,15.87301587,67.46031746,39.68253968,40.47619048,21.42857143,16.26984127,25.39682540,73.01587302,58.73015873,53.57142857,51.98412698,5.15873016,17.06349206
2026-09-03,1104.15000000,1105.75000000,1098.86000000,1104.62000000,0.08607645,-0.07273725,0.24502686,1.17644701,0.11238195,0.05797400,-0.60467544,-3.60189508,1109.11350000,-0.40514339,0.12085647,1097.28200000,0.66874331,0.01886503,1023.73500000,7.90097047,0.00253560,37.16951788,-12.83048212,2.40105252,49.20634921,51.98412698,39.68253968,17.06349206,45.63492063,79.76190476,50.39682540,21.03174603,19.04761905,25.39682540,73.01587302,55.55555556,49.60317460,46.82539683,7.14285714,65.47619048
2026-09-04,1104.97000000,1114.65000000,1103.81000000,1113.50000000,0.80389636,0.71781991,0.89066478,1.08057769,0.10968461,-0.46085528,0.09258677,-3.28240743,1109.21500000,0.38630924,0.79145262,1098.33740000,1.38050475,0.71176144,1024.62785000,8.67360281,0.77263235,48.86561955,-1.13438045,11.69610166,84.12698413,76.19047619,39.68253968,21.82539683,75.79365079,78.17460317,45.63492063,23.80952381,38.09523810,33.33333333,81.74603175,85.31746032,83.33333333,84.12698413,31.34920635,96.82539683
2026-09-07,1113.47000000,1118.21000000,1110.10000000,1115.42000000,0.17242928,-0.63146709,0.97771179,0.73268493,0.87269505,1.24928859,0.35538521,-2.24310831,1109.31850000,0.55002238,0.16371314,1099.33900000,1.46278809,0.08228334,1025.57150000,8.76082262,0.08721981,57.82759954,7.82759954,8.96197999,53.57142857,79.76190476,62.69841270,24.60317460,29.36507937,67.06349206,69.04761905,32.14285714,43.65079365,34.92063492,82.53968254,57.14285714,53.57142857,52.77777778,51.58730159,90.07936508
2026-09-08,1115.48000000,1121.90000000,1114.61000000,1116.05000000,0.05648097,-0.11594831,0.22900763,-0.66165715,1.28230725,1.86155188,0.24251134,-2.44326566,1109.28250000,0.61007904,0.06005666,1100.05660000,1.45387065,-0.00891745,1026.51715000,8.72200236,-0.03882027,64.34288121,14.34288121,6.51528168,47.22222222,51.58730159,73.01587302,23.41269841,43.25396825,31.34920635,77.77777778,30.55555556,45.23809524,34.52380952,82.14285714,51.58730159,48.01587302,44.84126984,69.84126984,81.74603175
2026-09-09,1113.17000000,1114.25000000,1097.79000000,1101.89000000,-1.26876036,-1.32524133,-1.21299600,-2.19070779,-0.16128009,0.20793346,-1.33241402,-4.22259275,1108.76300000,-0.61987999,-1.22995903,1100.63160000,0.11433435,-1.33953629,1027.36280000,7.25422412,-1.46777824,49.27394355,-0.72605645,-15.06893767,5.15873016,9.92063492,32.93650794,13.09523810,14.68253968,9.12698413,54.36507937,16.26984127,15.07936508,19.44444444,62.30158730,6.74603175,5.15873016,5.15873016,32.14285714,2.38095238
2026-09-10,1101.32000000,1102.51000000,1091.77000000,1093.27000000,-0.78229224,0.48646812,-2.04112719,-2.27013482,-1.02750267,-1.13988462,-1.70910202,-3.76624698,1107.44700000,-1.28015156,-0.66027156,1101.04220000,-0.70589483,-0.82022918,1028.11075000,6.33776565,-0.91645846,40.48261391,-9.51738609,-8.79132964,13.88888889,3.17460317,16.66666667,11.11111111,66.66666667,8.73015873,32.53968254,19.44444444,8.33333333,15.87301587,48.01587302,18.25396825,14.28571429,12.30158730,9.92063492,9.92063492
2026-09-11,1094.19000000,1103.46000000,1091.71000000,1098.76000000,0.50216324,1.28445548,-0.28405739,0.92893861,-1.32375393,-1.43343854,-1.86050251,-3.83609227,1106.49400000,-0.69896448,0.58118708,1101.35380000,-0.23551015,0.47038468,1028.90540000,6.78921502,0.45144937,41.79979481,-8.20020519,1.31718090,72.61904762,31.74603175,13.09523810,11.11111111,88.49206349,73.80952381,26.58730159,19.44444444,13.88888889,17.85714286,54.36507937,78.96825397,74.20634921,71.42857143,13.49206349,61.11111111
2026-09-14,1096.78000000,1101.18000000,1095.28000000,1098.35000000,-0.03731479,-0.53947803,0.46466106,2.50578825,-1.53036524,-2.40306029,-1.74178311,-3.14238908,1105.67150000,-0.66217679,0.03678769,1101.67260000,-0.30159596,-0.06608580,1029.68030000,6.66903115,-0.12018387,42.54811279,-7.45188721,0.74831797,42.85714286,59.12698413,11.11111111,11.50793651,30.15873016,93.65079365,15.47619048,25.79365079,15.07936508,17.46031746,51.98412698,51.19047619,44.44444444,41.26984127,15.87301587,56.74603175
2026-09-15,1096.30000000,1097.12000000,1089.41000000,1095.87000000,-0.22579324,-0.18847844,-0.26302377,0.02103362,-1.80816272,-3.09046996,-1.69806243,-3.78877921,1105.09900000,-0.83512880,-0.17295201,1102.01000000,-0.55716373,-0.25556777,1030.42145000,6.35162923,-0.31740193,41.37530828,-8.62469172,-1.17280450,31.74603175,32.93650794,7.53968254,12.69841270,40.07936508,50.39682540,9.92063492,19.84126984,11.90476190,17.46031746,47.61904762,40.47619048,34.52380952,29.36507937,13.09523810,40.47619048
2026-09-16,1098.03000000,1100.63000000,1095.51000000,1096.14000000,0.02463796,0.25043119,-0.20121091,-0.66587197,-0.52183067,-0.36055058,-1.00964491,-2.54926326,1104.78450000,-0.78246029,0.05266851,1102.40980000,-0.56873587,-0.01157214,1031.17795000,6.29979045,-0.05183878,44.41530392,-5.58469608,3.03999563,46.82539683,36.11111111,27.38095238,16.66666667,57.14285714,30.95238095,48.41269841,32.53968254,12.30158730,17.06349206,46.03174603,52.38095238,49.20634921,45.63492063,19.04761905,68.65079365
2026-09-17,1100.36000000,1104.02000000,1098.24000000,1100.80000000,0.42512818,0.40049022,0.44987088,0.71289465,0.68875941,1.71626208,-0.14785519,-0.66666548,1104.68550000,-0.35172907,0.43073122,1102.75940000,-0.17768155,0.39105432,1031.93375000,6.67351465,0.37372420,40.52492572,-9.47507428,-3.89037820,67.85714286,59.12698413,58.73015873,21.82539683,63.88888889,67.06349206,75.39682540,47.61904762,23.01587302,19.44444444,51.98412698,74.20634921,71.42857143,67.06349206,10.31746032,27.77777778
2026-09-18,1100.48000000,1102.65000000,1090.04000000,1095.09000000,-0.51871366,-0.94384184,-0.09579068,0.10542022,-0.33401289,0.98974104,-0.69732857,-0.87628770,1104.14150000,-0.81977718,-0.46804811,1102.97660000,-0.71502877,-0.53734722,1032.67035000,6.04448942,-0.62902524,41.06724657,-8.93275343,0.54232085,19.44444444,40.87301587,30.15873016,19.04761905,21.42857143,53.96825397,65.07936508,46.42857143,12.30158730,15.87301587,43.25396825,25.39682540,21.82539683,19.04761905,12.30158730,54.36507937
2026-09-21,1100.76000000,1106.48000000,1099.40000000,1102.35000000,0.66295921,1.18167287,0.14080669,-0.30906419,0.36418264,1.89454788,-0.32731448,-2.10338266,1103.76150000,-0.12788089,0.69189629,1103.31560000,-0.08751802,0.62751075,1033.44460000,6.66754657,0.62305716,50.34024371,0.34024371,9.27299714,81.34920635,48.80952381,50.00000000,21.82539683,86.90476190,40.87301587,78.57142857,35.31746032,28.96825397,21.03174603,51.19047619,83.73015873,80.95238095,79.36507937,34.92063492,92.06349206
2026-09-22,1108.50000000,1116.13000000,1105.02000000,1110.93000000,0.77833719,0.11537798,1.44645646,1.54224714,1.37425060,3.18241331,0.08829227,-1.73824621,1103.89100000,0.63765354,0.76553442,1103.73700000,0.65169510,0.73921313,1034.27365000,7.41161200,0.74406543,55.18423308,5.18423308,4.84398937,83.73015873,90.87301587,77.77777778,25.39682540,52.38095238,85.31746032,88.09523810,38.88888889,49.20634921,26.98412698,65.07936508,84.92063492,84.92063492,83.33333333,45.63492063,77.38095238
2026-09-23,1113.78000000,1113.78000000,1105.21000000,1107.93000000,-0.27004402,-1.04838121,0.50619132,0.36538463,1.07559253,1.59742321,-0.03699226,-2.55380337,1103.89950000,0.36511476,-0.27253878,1103.93760000,0.36165088,-0.29004423,1035.07790000,7.03832050,-0.37329151,52.29637852,2.29637852,-2.88785456,28.96825397,61.90476190,70.63492063,24.60317460,19.84126984,58.33333333,73.01587302,32.53968254,40.47619048,25.00000000,57.93650794,34.92063492,32.53968254,27.77777778,38.09523810,30.15873016
2026-09-24,1107.73000000,1112.88000000,1105.05000000,1106.84000000,-0.09838167,0.17166235,-0.36816001,-1.81461647,0.54869186,-0.14006755,-0.08305048,-1.47984682,1104.07250000,0.25066289,-0.11445187,1104.02680000,0.25481265,-0.10683822,1035.89340000,6.84883213,-0.18948837,44.81953951,-5.18046049,-7.47683901,38.88888889,29.76190476,53.96825397,24.60317460,55.15873016,12.30158730,49.60317460,41.66666667,38.88888889,25.00000000,53.96825397,44.04761905,43.25396825,38.49206349,21.03174603,13.49206349
2026-09-25,1111.04000000,1117.13000000,1110.33000000,1112.09000000,0.47432330,0.57270497,0.37547498,-0.13071633,1.55238382,1.88639671,0.78939259,-0.15105201,1104.06300000,0.72704184,0.47637896,1104.42920000,0.69364338,0.43883072,1036.71875000,7.27017332,0.42134119,47.53734655,-2.46265345,2.71780703,70.23809524,57.14285714,78.96825397,34.52380952,71.42857143,45.63492063,77.77777778,57.14285714,53.57142857,28.57142857,62.30158730,74.60317460,71.82539683,69.04761905,30.55555556,65.87301587
2026-09-28,1114.73000000,1122.10000000,1111.94000000,1116.12000000,0.36238074,-0.11194256,0.83842290,1.20658291,1.24914954,0.88496691,0.34523681,-0.34183377,1104.58050000,1.04469525,0.31765340,1104.94100000,1.01172823,0.31808485,1037.60140000,7.56731824,0.29714492,50.04928883,0.04928883,2.51194229,63.88888889,75.79365079,73.80952381,29.76190476,44.04761905,81.34920635,63.09523810,53.17460317,62.30158730,31.74603175,66.66666667,66.66666667,67.06349206,62.69841270,35.71428571,65.47619048
2026-09-29,1119.19000000,1125.00000000,1119.05000000,1120.19000000,0.36465613,0.00227539,0.72835832,0.35288333,0.83353587,-0.54071473,1.30406866,0.70453082,1105.49400000,1.32936045,0.28466520,1105.41000000,1.33706046,0.32533223,1038.47350000,7.86890566,0.30158742,65.01969796,15.01969796,14.97040913,64.28571429,69.84126984,63.49206349,43.65079365,48.01587302,57.93650794,44.44444444,65.87301587,67.85714286,36.50793651,71.03174603,63.49206349,67.46031746,63.09523810,76.19047619,99.20634921
2026-09-30,1122.17000000,1127.38000000,1114.90000000,1114.90000000,-0.47224132,-0.83689745,-0.10930724,-0.94773014,0.62910112,-0.44649142,1.17794395,1.20516175,1106.05550000,0.79964342,-0.52971703,1105.69180000,0.83279988,-0.50426058,1039.37230000,7.26666470,-0.60224096,68.77930196,18.77930196,3.75960400,21.42857143,40.87301587,57.53968254,42.06349206,24.60317460,25.79365079,46.42857143,68.65079365,55.95238095,30.55555556,60.71428571,21.82539683,23.01587302,21.03174603,83.33333333,70.63492063
2026-10-01,1111.51000000,1111.51000000,1096.45000000,1102.63000000,-1.10054713,-0.62830582,-1.56759121,-2.29594953,-0.38036211,-0.92905397,-0.09423107,0.69858505,1105.95600000,-0.30073529,-1.10037871,1106.01100000,-0.30569316,-1.13849304,1040.23745000,5.99791423,-1.26875047,53.00605872,3.00605872,-15.77324324,7.93650794,8.33333333,29.36507937,24.60317460,29.76190476,8.33333333,37.69841270,65.87301587,24.20634921,18.65079365,38.88888889,9.12698413,9.92063492,7.53968254,42.06349206,1.98412698
2026-10-02,1107.45000000,1121.44000000,1105.76000000,1116.71000000,1.27694694,2.37749407,0.16234640,0.27165364,0.41543400,-1.13694982,1.09449403,1.69916947,1106.11650000,0.95772010,1.25845539,1106.54440000,0.91867981,1.22437297,1041.12075000,7.26037302,1.26245879,61.76319836,11.76319836,8.75713964,94.84126984,50.79365079,51.19047619,40.87301587,97.61904762,57.93650794,32.53968254,71.03174603,59.92063492,31.74603175,60.31746032,95.23809524,94.84126984,94.84126984,67.06349206,90.07936508
2026-10-05,1121.68000000,1124.95000000,1118.58000000,1123.88000000,0.64206464,-0.63488230,1.92721040,3.49480161,0.69526574,-0.55388380,0.93219578,0.83960901,1106.53950000,1.56709272,0.60937263,1107.39940000,1.48822548,0.56954567,1042.01720000,7.85618510,0.59581208,66.92856279,16.92856279,5.16536443,79.36507937,95.63492063,61.50793651,37.69841270,28.96825397,97.22222222,44.84126984,68.25396825,75.00000000,41.26984127,70.63492063,79.36507937,79.76190476,78.17460317,81.74603175,77.77777778
2026-10-06,1126.92000000,1135.75000000,1126.60000000,1128.33000000,0.39594975,-0.24611489,1.04055664,0.87821024,0.72666244,-0.10687343,1.15741156,0.80202635,1107.15350000,1.91269774,0.34560502,1108.11600000,1.82417725,0.33595178,1042.94535000,8.18687671,0.33069161,68.51915775,18.51915775,1.59059495,66.26984127,81.74603175,63.09523810,42.85714286,36.11111111,71.82539683,51.19047619,68.25396825,82.93650794,46.82539683,75.39682540,69.04761905,67.46031746,65.07936508,84.52380952,60.31746032
2026-10-07,1124.02000000,1126.58000000,1121.56000000,1124.73000000,-0.31905560,-0.71500534,0.07563085,-1.85157955,0.88169343,0.25259231,0.77774293,0.53523159,1108.29550000,1.48286265,-0.42983509,1108.74860000,1.44139077,-0.38278648,1043.85770000,7.74744489,-0.43943183,63.93709959,13.93709959,-4.58205816,26.98412698,47.22222222,67.46031746,34.92063492,26.19047619,12.30158730,55.95238095,62.69841270,74.20634921,40.07936508,68.65079365,26.98412698,28.96825397,25.79365079,73.80952381,23.80952381
